heliostat_id,x (m),y (m)
0,6.979101978453761,159.84771545309724
1,20.88419075520825,158.63117781980966
2,34.63033823009646,156.20736113918935
3,48.1129279206837,152.59471211971632
4,61.22934917841437,147.82072520180589
5,73.87977811760543,141.92173330851548
6,85.9679373354918,134.94263133006172
7,97.4018286413953,126.93653444659762
8,108.09443321850564,117.96437388961985
9,117.96437388961985,108.09443321850564
10,126.93653444659762,97.4018286413953
11,134.9426313300617,85.96793733549183
12,141.92173330851548,73.87977811760541
13,147.82072520180589,61.229349178414374
14,152.59471211971632,48.11292792068369
15,156.20736113918935,34.63033823009646
16,158.63117781980966,20.884190755208273
17,159.84771545309724,6.979101978453761
18,159.84771545309724,-6.979101978453742
19,158.63117781980966,-20.884190755208255
20,156.20736113918935,-34.63033823009645
21,152.59471211971632,-48.1129279206837
22,147.82072520180589,-61.22934917841435
23,141.92173330851548,-73.87977811760541
24,134.9426313300617,-85.96793733549184
25,126.93653444659762,-97.4018286413953
26,117.96437388961985,-108.09443321850564
27,108.09443321850566,-117.96437388961984
28,97.40182864139534,-126.9365344465976
29,85.9679373354918,-134.94263133006172
30,73.87977811760543,-141.92173330851548
31,61.22934917841438,-147.82072520180589
32,48.11292792068373,-152.5947121197163
33,34.63033823009644,-156.20736113918935
34,20.88419075520825,-158.63117781980966
35,6.979101978453771,-159.84771545309724
36,-6.979101978453732,-159.84771545309724
37,-20.884190755208213,-158.6311778198097
38,-34.63033823009647,-156.20736113918935
39,-48.11292792068369,-152.59471211971632
40,-61.229349178414346,-147.82072520180589
41,-73.87977811760538,-141.92173330851548
42,-85.96793733549183,-134.9426313300617
43,-97.4018286413953,-126.93653444659762
44,-108.09443321850563,-117.96437388961985
45,-117.96437388961982,-108.09443321850566
46,-126.93653444659759,-97.40182864139534
47,-134.9426313300617,-85.96793733549188
48,-141.92173330851543,-73.8797781176055
49,-147.82072520180589,-61.229349178414324
50,-152.59471211971632,-48.112927920683674
51,-156.20736113918935,-34.63033823009645
52,-158.63117781980966,-20.88419075520826
53,-159.84771545309724,-6.979101978453781
54,-159.84771545309724,6.979101978453722
55,-158.6311778198097,20.884190755208202
56,-156.20736113918935,34.63033823009639
57,-152.5947121197163,48.11292792068375
58,-147.82072520180586,61.2293491784144
59,-141.92173330851546,73.87977811760545
60,-134.94263133006172,85.96793733549183
61,-126.93653444659762,97.40182864139528
62,-117.96437388961988,108.09443321850563
63,-108.09443321850567,117.96437388961982
64,-97.40182864139535,126.93653444659759
65,-85.96793733549188,134.9426313300617
66,-73.87977811760538,141.92173330851548
67,-61.22934917841433,147.82072520180589
68,-48.11292792068368,152.59471211971632
69,-34.63033823009646,156.20736113918935
70,-20.88419075520827,158.63117781980966
71,-6.979101978453791,159.84771545309724
72,0.0,174.04
73,14.00440161945897,173.4756419076779
74,27.917979320484587,171.78622770950236
75,41.65049821260655,168.9827139048301
76,55.11289764120827,165.0832823564812
77,68.21786878004745,160.11322237438176
78,80.88042086249747,154.10476670468464
79,93.01843237928249,147.09688248804204
80,104.55318366797783,139.13501854274534
81,115.40986744022797,130.27081061169844
82,125.51807393571747,120.56174648481068
83,134.812247556485,110.07079316861946
84,143.23211202013195,98.86598852109037
85,150.7230612746437,87.02000000000001
86,157.23651363959092,74.60965338658755
87,162.73022687696957,61.715434540882924
88,167.16857214832402,48.42096742001944
89,170.52276508143626,34.81247174478281
90,172.7710524480253,20.978203831636453
91,173.89885324177996,7.007884216642667
92,173.89885324178,-7.007884216642569
93,172.7710524480253,-20.97820383163639
94,170.52276508143626,-34.812471744782755
95,167.16857214832405,-48.42096742001938
96,162.7302268769696,-61.71543454088287
97,157.23651363959095,-74.6096533865875
98,150.7230612746437,-87.01999999999995
99,143.23211202013195,-98.86598852109033
100,134.812247556485,-110.07079316861943
101,125.51807393571748,-120.56174648481067
102,115.40986744022803,-130.27081061169838
103,104.55318366797789,-139.1350185427453
104,93.01843237928253,-147.096882488042
105,80.8804208624975,-154.10476670468464
106,68.21786878004754,-160.11322237438173
107,55.11289764120834,-165.08328235648116
108,41.65049821260661,-168.98271390483006
109,27.91797932048464,-171.78622770950236
110,14.004401619459085,-173.4756419076779
111,9.860303897466543e-14,-174.04
112,-14.004401619458886,-173.4756419076779
113,-27.917979320484594,-171.78622770950236
114,-41.65049821260649,-168.9827139048301
115,-55.11289764120823,-165.08328235648122
116,-68.21786878004744,-160.11322237438176
117,-80.88042086249746,-154.10476670468464
118,-93.01843237928243,-147.09688248804207
119,-104.55318366797779,-139.13501854274537
120,-115.40986744022796,-130.27081061169847
121,-125.51807393571742,-120.5617464848107
122,-134.81224755648492,-110.07079316861953
123,-143.23211202013195,-98.86598852109037
124,-150.72306127464367,-87.02000000000007
125,-157.23651363959087,-74.60965338658768
126,-162.73022687696957,-61.715434540882946
127,-167.168572148324,-48.42096742001953
128,-170.52276508143626,-34.8124717447828
129,-172.7710524480253,-20.978203831636513
130,-173.89885324177996,-7.007884216642611
131,-173.89885324178,7.007884216642393
132,-172.77105244802533,20.978203831636296
133,-170.5227650814363,34.812471744782584
134,-167.16857214832405,48.420967420019316
135,-162.73022687696965,61.71543454088274
136,-157.23651363959095,74.60965338658748
137,-150.7230612746437,87.02000000000001
138,-143.23211202013198,98.86598852109032
139,-134.81224755648495,110.07079316861947
140,-125.5180739357176,120.56174648481054
141,-115.40986744022806,130.27081061169838
142,-104.55318366797796,139.13501854274523
143,-93.01843237928254,147.096882488042
144,-80.88042086249759,154.10476670468458
145,-68.2178687800475,160.11322237438173
146,-55.11289764120836,165.08328235648116
147,-41.650498212606706,168.98271390483004
148,-27.917979320484815,171.7862277095023
149,-14.004401619459104,173.4756419076779
150,7.058784437873303,188.64998565136344
151,21.13687772773466,187.5949784080661
152,35.096765023429334,185.49086394992662
153,48.86037697254407,182.34940933850288
154,62.35074187402035,178.18818286227423
155,75.49241613512932,173.03045578764582
156,88.21190618264518,166.90507221658723
157,100.43807946871829,159.84628777871393
158,112.10256227293678,151.89357805991116
159,123.14012207590626,143.09141783884488
160,133.48903236595882,133.48903236595882
161,143.09141783884488,123.14012207590626
162,151.89357805991116,112.10256227293674
163,159.84628777871393,100.43807946871826
164,166.90507221658723,88.21190618264518
165,173.03045578764582,75.49241613512939
166,178.18818286227423,62.35074187402036
167,182.34940933850288,48.86037697254407
168,185.4908639499266,35.09676502342936
169,187.5949784080661,21.13687772773467
170,188.64998565136344,7.058784437873341
171,188.64998565136344,-7.058784437873277
172,187.5949784080661,-21.13687772773461
173,185.49086394992662,-35.09676502342929
174,182.34940933850288,-48.86037697254409
175,178.18818286227423,-62.35074187402033
176,173.03045578764582,-75.49241613512933
177,166.90507221658726,-88.21190618264511
178,159.84628777871393,-100.43807946871824
179,151.8935780599112,-112.10256227293674
180,143.09141783884493,-123.14012207590619
181,133.48903236595882,-133.4890323659588
182,123.1401220759063,-143.09141783884485
183,112.10256227293682,-151.89357805991114
184,100.43807946871829,-159.84628777871393
185,88.21190618264522,-166.9050722165872
186,75.4924161351294,-173.0304557876458
187,62.35074187402044,-178.18818286227418
188,48.86037697254412,-182.34940933850285
189,35.09676502342941,-185.4908639499266
190,21.136877727734685,-187.5949784080661
191,7.058784437873269,-188.64998565136344
192,-7.058784437873308,-188.64998565136344
193,-21.13687772773464,-187.5949784080661
194,-35.096765023429285,-185.49086394992662
195,-48.860376972544074,-182.34940933850288
196,-62.350741874020315,-178.18818286227423
197,-75.49241613512928,-173.03045578764585
198,-88.21190618264518,-166.90507221658723
199,-100.43807946871824,-159.84628777871393
200,-112.10256227293672,-151.8935780599112
201,-123.14012207590619,-143.09141783884493
202,-133.4890323659588,-133.48903236595882
203,-143.09141783884493,-123.14012207590623
204,-151.8935780599111,-112.10256227293685
205,-159.84628777871393,-100.43807946871829
206,-166.90507221658726,-88.21190618264515
207,-173.0304557876458,-75.49241613512942
208,-178.1881828622742,-62.35074187402038
209,-182.34940933850288,-48.860376972544046
210,-185.4908639499266,-35.09676502342943
211,-187.59497840806614,-21.13687772773453
212,-188.64998565136344,-7.058784437873281
213,-188.64998565136344,7.0587844378733795
214,-187.5949784080661,21.13687772773463
215,-185.4908639499266,35.096765023429356
216,-182.3494093385029,48.86037697254398
217,-178.18818286227423,62.35074187402031
218,-173.03045578764574,75.4924161351295
219,-166.90507221658717,88.21190618264524
220,-159.84628777871384,100.43807946871837
221,-151.89357805991116,112.10256227293678
222,-143.09141783884485,123.1401220759063
223,-133.48903236595882,133.48903236595876
224,-123.14012207590623,143.0914178388449
225,-112.10256227293672,151.89357805991122
226,-100.43807946871816,159.84628777871401
227,-88.21190618264517,166.90507221658723
228,-75.49241613512928,173.03045578764585
229,-62.35074187402039,178.1881828622742
230,-48.86037697254405,182.34940933850288
231,-35.096765023429434,185.4908639499266
232,-21.13687772773454,187.5949784080661
233,-7.058784437873293,188.64998565136344
234,0.0,204.226
235,14.089785457117662,203.73938505299458
236,28.112426670079014,202.28185915380408
237,42.001099367628484,199.86036807709175
238,55.68961769949535,196.48645133057917
239,69.11274964211118,192.1761871640367
240,82.20652785890861,186.95011594910144
241,94.90855453381067,180.83314229505245
242,107.15829872524021,173.8544163670057
243,118.89738482362212,166.04719497210277
244,130.06987073774707,157.4486830756795
245,140.62251448431212,148.0998565026632
246,150.50502791021717,138.0452666691066
247,159.67031633851585,127.33282827440172
248,168.07470299599788,116.01359096591703
249,175.67813715290362,104.14149606417986
250,182.4443849828904,91.77311950791949
251,188.34120223371605,78.9674022439542
252,193.34048788578454,65.78536934673852
253,197.41841806630143,52.289839206092594
254,200.55555958087746,38.54512416896737
255,202.73696252154917,24.616724061823597
256,203.95223150989887,10.571014054130522
257,204.1955752357665,-3.525071649543862
258,203.4658340554803,-17.604358781499382
259,201.76648551808657,-31.599753126879996
260,199.1056277932451,-45.44456025816225
261,195.49594107976273,-59.072803364475064
262,190.95462717867153,-72.4195376611489
263,185.5033275188132,-85.4211598811906
264,179.1680200255752,-98.01571137381538
265,171.9788953242461,-110.1431733656335
266,163.97021286793722,-121.745752977438
267,155.1801376756867,-132.76815863359303
268,145.65055845876412,-143.15786355157067
269,135.4268880018847,-152.86535605599124
270,124.55784675060924,-161.84437552430342
271,113.09523063623459,-170.05213283971742
272,101.09366424459245,-177.44951430083321
273,88.61034050502245,-184.00126801623944
274,75.70474814001797,-189.67617189582998
275,62.438388174372804,-194.44718243828152
276,48.874480854790754,-198.2915636056529
277,35.077664376619,-201.19099517096006
278,21.11368685341164,-203.13166002240044
279,7.049092997227553,-204.10431000818292
280,-7.049092997227594,-204.1043100081829
281,-21.11368685341168,-203.13166002240044
282,-35.07766437661895,-201.19099517096006
283,-48.8744808547908,-198.2915636056529
284,-62.43838817437293,-194.4471824382815
285,-75.70474814001793,-189.67617189583
286,-88.6103405050224,-184.00126801623946
287,-101.09366424459256,-177.44951430083316
288,-113.09523063623462,-170.05213283971742
289,-124.55784675060929,-161.8443755243034
290,-135.42688800188466,-152.86535605599127
291,-145.65055845876418,-143.15786355157064
292,-155.18013767568678,-132.76815863359292
293,-163.97021286793716,-121.74575297743812
294,-171.97889532424617,-110.14317336563339
295,-179.1680200255753,-98.01571137381524
296,-185.50332751881325,-85.42115988119048
297,-190.9546271786715,-72.41953766114894
298,-195.49594107976273,-59.072803364475114
299,-199.10562779324513,-45.44456025816212
300,-201.7664855180866,-31.599753126879822
301,-203.4658340554803,-17.604358781499386
302,-204.1955752357665,-3.525071649543867
303,-203.95223150989884,10.571014054130563
304,-202.7369625215492,24.616724061823458
305,-200.55555958087746,38.545124168967405
306,-197.41841806630143,52.28983920609267
307,-193.3404878857845,65.78536934673862
308,-188.34120223371605,78.9674022439543
309,-182.44438498289043,91.77311950791942
310,-175.67813715290353,104.14149606417998
311,-168.0747029959978,116.01359096591712
312,-159.67031633851587,127.33282827440168
313,-150.5050279102172,138.04526666910658
314,-140.62251448431212,148.0998565026632
315,-130.06987073774707,157.4486830756795
316,-118.89738482362195,166.0471949721029
317,-107.15829872524019,173.8544163670057
318,-94.90855453381064,180.83314229505248
319,-82.20652785890857,186.95011594910147
320,-69.11274964211128,192.17618716403663
321,-55.68961769949545,196.48645133057911
322,-42.0010993676284,199.86036807709178
323,-28.11242667007891,202.2818591538041
324,-14.089785457117543,203.73938505299458
325,6.991948160836165,220.26105203806728
326,20.947690375029342,219.37413852127582
327,34.819083633439064,217.60388277539437
328,48.55027273123553,214.95741299551094
329,62.085967016259545,211.44538558137404
330,75.37166302496426,207.08194222783223
331,88.35386394862626,201.88465298122006
332,100.9802950461129,195.87444549098282
333,113.2001141358147,189.0755207414184
334,124.96411631916652,181.51525560285512
335,136.2249321114072,173.22409259465758
336,146.93721818177622,164.2354173039454
337,157.05783993510278,154.58542395361744
338,166.54604519959662,144.31296966099035
339,175.36362832146054,133.45941797390188
340,183.47508400557385,122.06847231430245
341,190.84775028278432,110.18600000000004
342,197.45194002813028,97.85984755315968
343,203.26106050041483,85.13964803924618
344,208.25172042178892,72.07662121218688
345,212.40382416617157,58.723367270500425
346,215.70065267724323,45.13365505486224
347,218.1289307901849,31.36220553996044
348,219.67888068608147,17.464471492444183
349,220.3442612637472,3.4964141822043424
350,220.12239327043784,-10.485721953909687
351,219.0141700902555,-24.425635788585595
352,217.02405414680635,-38.26719620881672
353,214.16005893459555,-51.95466813608344
354,210.43371675151346,-65.43293695184258
355,205.86003226234212,-78.64773042464398
356,200.45742208026599,-91.54583724525166
357,194.24764060967058,-104.07532128980561
358,187.25569244883445,-116.18573074826159
359,179.5097317052366,-127.82830127602406
360,171.040948628903,-138.95615235075041
361,161.88344402027798,-149.52447604366833
362,152.07409191833605,-159.49071744529047
363,141.65239112184207,-168.81474601901542
364,130.66030614162932,-177.45901719263438
365,119.142098224325,-185.38872353707305
366,107.1441471279325,-192.57193492362265
367,94.71476436691498,-198.97972709529927
368,81.90399867877781,-204.58629813461792
369,68.76343449546705,-209.3690723588076
370,55.34598423106889,-213.3087912241178
371,41.70567522219228,-216.3895908731772
372,27.8974321789543,-218.59906601314805
373,13.976856022556507,-219.9283198674621
374,2.6987786442170054e-14,-220.372
375,-13.976856022556355,-219.92831986746214
376,-27.897432178954148,-218.59906601314805
377,-41.70567522219233,-216.3895908731772
378,-55.34598423106875,-213.30879122411787
379,-68.76343449546692,-209.36907235880767
380,-81.90399867877767,-204.58629813461798
381,-94.71476436691484,-198.97972709529935
382,-107.14414712793236,-192.57193492362273
383,-119.14209822432495,-185.38872353707308
384,-130.6603061416292,-177.4590171926345
385,-141.65239112184204,-168.81474601901544
386,-152.07409191833597,-159.49071744529056
387,-161.88344402027786,-149.52447604366841
388,-171.04094862890307,-138.9561523507504
389,-179.50973170523656,-127.8283012760241
390,-187.25569244883434,-116.1857307482617
391,-194.2476406096705,-104.07532128980576
392,-200.45742208026596,-91.54583724525172
393,-205.8600322623421,-78.64773042464402
394,-210.43371675151343,-65.43293695184268
395,-214.16005893459555,-51.95466813608344
396,-217.02405414680632,-38.26719620881677
397,-219.0141700902555,-24.425635788585648
398,-220.12239327043784,-10.485721953909838
399,-220.3442612637472,3.4964141822041417
400,-219.67888068608147,17.464471492443984
401,-218.12893079018494,31.362205539960335
402,-215.70065267724326,45.133655054862096
403,-212.4038241661716,58.72336727050025
404,-208.251720421789,72.07662121218664
405,-203.26106050041483,85.13964803924608
406,-197.45194002813025,97.85984755315972
407,-190.84775028278432,110.18600000000004
408,-183.47508400557385,122.06847231430244
409,-175.3636283214606,133.45941797390182
410,-166.5460451995967,144.31296966099026
411,-157.05783993510292,154.5854239536173
412,-146.93721818177625,164.23541730394538
413,-136.2249321114073,173.2240925946575
414,-124.96411631916666,181.51525560285504
415,-113.20011413581487,189.07552074141825
416,-100.98029504611311,195.87444549098268
417,-88.3538639486262,201.8846529812201
418,-75.37166302496425,207.08194222783223
419,-62.085967016259566,211.44538558137404
420,-48.5502727312356,214.9574129955109
421,-34.819083633439185,217.60388277539437
422,-20.947690375029513,219.3741385212758
423,-6.991948160836194,220.26105203806728
424,0.0,237.22000000000003
425,14.053061748946904,236.80337804913236
426,28.056761605966397,235.5549755963265
427,41.96191106457676,233.47917770072894
428,55.719667780164954,230.58327567815508
429,69.28170713050342,226.87744149007668
430,82.60039195774809,222.3746920142362
431,95.62893989569278,217.09084332238888
432,108.32158769453663,211.044455125774
433,120.6337519659681,204.2567655834521
434,132.52218578394246,196.75161670249688
435,143.94513059108675,188.5553705920757
436,154.86246287715556,179.69681686557954
437,165.23583511432417,170.20707151605626
438,175.02881045427858,160.11946762014992
439,184.20699071397405,149.4694382544535
440,192.73813720050774,138.29439203553508
441,200.5922839507032,126.63358172080765
442,207.741842987649,114.52796633178731
443,214.16170122447375,102.02006728403616
444,219.82930867497953,89.1538190291396
445,224.7247576612913,75.97441473334237
446,228.83085274030086,62.52814753490423
447,232.13317110328836,48.86224793776331
448,234.62011323656375,35.02471791266861
449,236.2829436651818,21.06416228850662
450,237.11582163661623,7.029618026067604
451,237.11582163661623,-7.0296180260676815
452,236.2829436651818,-21.06416228850659
453,234.62011323656378,-35.024717912668585
454,232.13317110328836,-48.86224793776339
455,228.83085274030086,-62.528147534904285
456,224.7247576612913,-75.97441473334236
457,219.82930867497956,-89.15381902913957
458,214.1617012244737,-102.02006728403622
459,207.74184298764894,-114.52796633178737
460,200.5922839507032,-126.63358172080767
461,192.73813720050777,-138.29439203553503
462,184.206990713974,-149.4694382544536
463,175.02881045427856,-160.11946762014992
464,165.2358351143242,-170.20707151605623
465,154.86246287715556,-179.69681686557954
466,143.94513059108678,-188.55537059207563
467,132.52218578394238,-196.75161670249693
468,120.63375196596807,-204.2567655834521
469,108.32158769453666,-211.04445512577396
470,95.6289398956927,-217.0908433223889
471,82.60039195774806,-222.3746920142362
472,69.28170713050343,-226.87744149007668
473,55.71966778016493,-230.58327567815508
474,41.96191106457681,-233.47917770072894
475,28.056761605966404,-235.5549755963265
476,14.05306174894687,-236.80337804913236
477,2.905107136937351e-14,-237.22000000000003
478,-14.053061748947021,-236.80337804913233
479,-28.05676160596645,-235.5549755963265
480,-41.96191106457675,-233.47917770072894
481,-55.71966778016498,-230.58327567815508
482,-69.28170713050338,-226.87744149007668
483,-82.60039195774809,-222.3746920142362
484,-95.62893989569282,-217.09084332238885
485,-108.32158769453662,-211.044455125774
486,-120.63375196596822,-204.25676558345202
487,-132.52218578394252,-196.75161670249685
488,-143.94513059108675,-188.5553705920757
489,-154.8624628771556,-179.6968168655795
490,-165.23583511432415,-170.20707151605626
491,-175.02881045427858,-160.1194676201499
492,-184.20699071397408,-149.46943825445348
493,-192.73813720050774,-138.29439203553508
494,-200.5922839507033,-126.63358172080754
495,-207.74184298764902,-114.52796633178724
496,-214.16170122447372,-102.02006728403617
497,-219.82930867497953,-89.15381902913963
498,-224.72475766129128,-75.97441473334246
499,-228.83085274030088,-62.5281475349042
500,-232.1331711032884,-48.86224793776318
501,-234.62011323656375,-35.0247179126687
502,-236.2829436651818,-21.064162288506544
503,-237.11582163661623,-7.0296180260676335
504,-237.11582163661623,7.0296180260675465
505,-236.2829436651818,21.064162288506665
506,-234.62011323656375,35.02471791266861
507,-232.13317110328833,48.86224793776351
508,-228.8308527403009,62.52814753490411
509,-224.7247576612913,75.97441473334237
510,-219.82930867497947,89.15381902913974
511,-214.16170122447375,102.0200672840361
512,-207.74184298764897,114.52796633178735
513,-200.5922839507031,126.63358172080783
514,-192.7381372005078,138.29439203553503
515,-184.20699071397402,149.46943825445356
516,-175.0288104542784,160.1194676201501
517,-165.23583511432423,170.2070715160562
518,-154.8624628771555,179.6968168655796
519,-143.94513059108672,188.5553705920757
520,-132.5221857839425,196.75161670249685
521,-120.633751965968,204.25676558345214
522,-108.32158769453659,211.044455125774
523,-95.62893989569281,217.09084332238888
524,-82.60039195774817,222.37469201423616
525,-69.28170713050336,226.8774414900767
526,-55.71966778016497,230.58327567815508
527,-41.96191106457684,233.4791777007289
528,-28.05676160596633,235.55497559632653
529,-14.05306174894669,236.80337804913236
530,7.0200198051366325,254.67326562074692
531,21.03873984598611,253.8998312833093
532,34.99356592539586,252.35531150309674
533,48.842117695210845,250.04439693591854
534,62.54233755886141,246.97410575336323
535,76.05261839890173,243.15376232884213
536,89.33192993645802,238.5949689197737
537,102.33994333883703,233.31157043190902
538,115.0371536968653,227.31961237280828
539,127.385,220.63729212216148
540,139.34598224485072,213.28490366694442
541,150.883775321457,205.28477596924742
542,161.96333933145357,196.6612051539511
543,172.55102600309007,187.44038072219377
544,182.61468087992634,177.65030601471724
545,192.1237409728599,167.3207131666413
546,201.04932757891922,156.4829728119467
547,209.36433398493574,145.16999881189054
548,217.04350778974066,133.41614829669163
549,224.06352759487726,121.25711732405522
550,230.40307383092187,108.72983247141875
551,236.0428935043151,95.87233869115008
552,240.96585866807072,82.72368376927724
553,245.15701843878776,69.32379973864597
554,248.6036444019918,55.71338160664839
555,251.2952692679116,41.933763765822604
556,253.22371866029403,28.02679446266155
557,254.38313594171603,14.034708705863801
558,254.77000000000004,1.560016325093856e-14
559,254.383135941716,-14.034708705863826
560,253.22371866029403,-28.026794462661627
561,251.29526926791164,-41.93376376582257
562,248.6036444019918,-55.71338160664836
563,245.15701843878773,-69.32379973864606
564,240.96585866807072,-82.72368376927722
565,236.0428935043151,-95.87233869115005
566,230.40307383092187,-108.72983247141877
567,224.06352759487726,-121.25711732405524
568,217.04350778974063,-133.41614829669166
569,209.36433398493574,-145.16999881189054
570,201.04932757891922,-156.4829728119467
571,192.12374097285988,-167.32071316664133
572,182.61468087992642,-177.65030601471716
573,172.55102600309013,-187.4403807221937
574,161.96333933145365,-196.66120515395104
575,150.88377532145705,-205.28477596924736
576,139.3459822448507,-213.28490366694442
577,127.385,-220.63729212216148
578,115.03715369686539,-227.31961237280822
579,102.33994333883713,-233.311570431909
580,89.33192993645814,-238.59496891977363
581,76.05261839890183,-243.1537623288421
582,62.542337558861504,-246.97410575336323
583,48.842117695210824,-250.04439693591854
584,34.993565925395835,-252.35531150309674
585,21.038739845986196,-253.8998312833093
586,7.020019805136721,-254.67326562074692
587,-7.020019805136546,-254.67326562074692
588,-21.038739845986026,-253.8998312833093
589,-34.993565925395885,-252.35531150309674
590,-48.84211769521088,-250.04439693591854
591,-62.542337558861334,-246.97410575336326
592,-76.05261839890166,-243.15376232884216
593,-89.33192993645797,-238.5949689197737
594,-102.33994333883697,-233.31157043190905
595,-115.03715369686523,-227.3196123728083
596,-127.38500000000005,-220.63729212216145
597,-139.34598224485075,-213.28490366694442
598,-150.88377532145688,-205.28477596924748
599,-161.9633393314535,-196.66120515395116
600,-172.55102600309002,-187.44038072219382
601,-182.6146808799263,-177.6503060147173
602,-192.12374097285985,-167.32071316664135
603,-201.0493275789192,-156.48297281194675
604,-209.36433398493563,-145.16999881189068
605,-217.0435077897406,-133.41614829669172
606,-224.06352759487717,-121.25711732405539
607,-230.40307383092184,-108.72983247141883
608,-236.04289350431512,-95.87233869115002
609,-240.96585866807072,-82.72368376927727
610,-245.15701843878776,-69.32379973864595
611,-248.6036444019918,-55.71338160664842
612,-251.29526926791164,-41.93376376582252
613,-253.22371866029403,-28.026794462661634
614,-254.383135941716,-14.034708705864002
615,-254.77000000000004,-4.680048975281568e-14
616,-254.38313594171603,14.034708705863682
617,-253.22371866029403,28.026794462661545
618,-251.29526926791164,41.93376376582243
619,-248.6036444019918,55.71338160664833
620,-245.1570184387878,69.32379973864586
621,-240.9658586680708,82.72368376927697
622,-236.04289350431506,95.87233869115013
623,-230.40307383092187,108.72983247141875
624,-224.06352759487723,121.25711732405532
625,-217.04350778974066,133.41614829669163
626,-209.36433398493583,145.16999881189042
627,-201.04932757891925,156.48297281194667
628,-192.12374097285996,167.3207131666412
629,-182.61468087992637,177.65030601471722
630,-172.55102600309016,187.44038072219368
631,-161.96333933145357,196.66120515395107
632,-150.88377532145708,205.28477596924733
633,-139.34598224485092,213.28490366694433
634,-127.38500000000013,220.6372921221614
635,-115.03715369686552,227.31961237280817
636,-102.33994333883695,233.31157043190908
637,-89.33192993645805,238.59496891977366
638,-76.05261839890164,243.15376232884216
639,-62.542337558861426,246.97410575336323
640,-48.84211769521097,250.0443969359185
641,-34.99356592539586,252.35531150309674
642,-21.03873984598623,253.8998312833093
643,-7.020019805136639,254.67326562074692
644,0.0,273.02200000000005
645,14.054832584909555,272.65999736853627
646,28.07239428043642,271.5749494400464
647,42.01551303289637,269.7697335665781
648,55.84721419790761,267.2491368561048
649,69.53081859050076,264.01984347797594
650,83.0300397517236,260.09041693770115
651,96.30908017380699,255.4712773680737
652,109.33272622872009,250.17467389685106
653,122.06644154838177,244.21465216427026
654,134.4764586089,237.6070170765351
655,146.52986827597476,230.36929089404583
656,158.1947070740064,222.5206667655149
657,169.44004194748666,214.08195783118668
658,180.2360522899011,205.07554203013112
659,190.5541090226167,195.5253027579723
660,200.36685051405192,185.45656553241682
661,209.64825513780465,174.8960308345332
662,218.3737102773277,163.87170330387661
663,226.52007759416315,152.41281747521867
664,234.06575438665644,140.54976025381703
665,240.99073087643765,128.31399033480497
666,247.27664327075652,115.73795478038762
667,252.9068224599597,102.85500297606552
668,257.8663382209728,89.6992981940599
669,262.1420388095681,76.30572699845614
670,265.7225858364259,62.70980673230709
671,268.59848433450463,48.94759133202465
672,270.76210793798674,35.055575718821586
673,272.2077191060297,21.070599020741234
674,272.93148433769284,7.029746881912254
675,272.93148433769284,-7.029746881912281
676,272.2077191060297,-21.07059902074126
677,270.76210793798674,-35.05557571882167
678,268.59848433450463,-48.94759133202468
679,265.7225858364259,-62.709806732307115
680,262.1420388095681,-76.30572699845611
681,257.8663382209728,-89.69929819405993
682,252.9068224599597,-102.85500297606553
683,247.27664327075647,-115.7379547803877
684,240.99073087643765,-128.313990334805
685,234.06575438665644,-140.54976025381703
686,226.52007759416313,-152.41281747521873
687,218.37371027732766,-163.87170330387667
688,209.64825513780468,-174.8960308345332
689,200.36685051405183,-185.45656553241685
690,190.55410902261667,-195.52530275797233
691,180.23605228990104,-205.07554203013115
692,169.4400419474866,-214.0819578311867
693,158.19470707400635,-222.52066676551493
694,146.5298682759748,-230.36929089404583
695,134.4764586089,-237.6070170765351
696,122.06644154838177,-244.21465216427026
697,109.33272622872006,-250.17467389685106
698,96.30908017380692,-255.47127736807374
699,83.03003975172363,-260.09041693770115
700,69.53081859050067,-264.01984347797594
701,55.847214197907604,-267.2491368561048
702,42.015513032896344,-269.7697335665781
703,28.072394280436374,-271.5749494400464
704,14.054832584909487,-272.65999736853627
705,3.343555183968087e-14,-273.02200000000005
706,-14.054832584909542,-272.65999736853627
707,-28.072394280436427,-271.5749494400464
708,-42.01551303289639,-269.7697335665781
709,-55.84721419790766,-267.2491368561048
710,-69.53081859050084,-264.0198434779759
711,-83.03003975172369,-260.0904169377011
712,-96.30908017380696,-255.4712773680737
713,-109.33272622872012,-250.17467389685106
714,-122.06644154838183,-244.21465216427023
715,-134.47645860890003,-237.60701707653507
716,-146.5298682759747,-230.36929089404586
717,-158.1947070740065,-222.52066676551485
718,-169.44004194748666,-214.08195783118668
719,-180.2360522899011,-205.07554203013112
720,-190.5541090226167,-195.5253027579723
721,-200.36685051405195,-185.45656553241673
722,-209.6482551378048,-174.89603083453304
723,-218.37371027732777,-163.87170330387653
724,-226.52007759416315,-152.4128174752187
725,-234.06575438665638,-140.54976025381708
726,-240.99073087643768,-128.31399033480497
727,-247.27664327075652,-115.73795478038765
728,-252.90682245995973,-102.85500297606544
729,-257.8663382209728,-89.69929819405993
730,-262.14203880956813,-76.30572699845601
731,-265.7225858364259,-62.709806732307065
732,-268.59848433450463,-48.94759133202475
733,-270.76210793798674,-35.05557571882156
734,-272.2077191060297,-21.07059902074102
735,-272.93148433769284,-7.029746881912408
736,-272.93148433769284,7.029746881912308
737,-272.2077191060297,21.070599020741405
738,-270.76210793798674,35.0555757188217
739,-268.59848433450463,48.94759133202465
740,-265.7225858364259,62.7098067323072
741,-262.1420388095681,76.30572699845614
742,-257.86633822097275,89.69929819406008
743,-252.9068224599596,102.8550029760658
744,-247.27664327075655,115.73795478038757
745,-240.9907308764376,128.31399033480508
746,-234.06575438665644,140.549760253817
747,-226.52007759416307,152.4128174752188
748,-218.3737102773277,163.87170330387664
749,-209.6482551378047,174.89603083453318
750,-200.36685051405186,185.45656553241685
751,-190.55410902261653,195.52530275797247
752,-180.23605228990098,205.0755420301312
753,-169.44004194748663,214.08195783118668
754,-158.19470707400646,222.52066676551485
755,-146.5298682759747,230.36929089404586
756,-134.4764586088998,237.6070170765352
757,-122.06644154838192,244.2146521642702
758,-109.33272622872009,250.17467389685106
759,-96.30908017380683,255.47127736807377
760,-83.03003975172356,260.09041693770115
761,-69.53081859050083,264.0198434779759
762,-55.847214197907526,267.2491368561049
763,-42.01551303289638,269.7697335665781
764,-28.07239428043628,271.5749494400464
765,-14.054832584909278,272.65999736853627
766,7.00138729820753,291.89204365981016
767,20.98805847947418,291.2206826055838
768,34.92645645366649,289.87950464907
769,48.78452245878172,287.87159454254714
770,62.530382498920304,285.20157054360476
771,76.1324206554978,281.87557379300245
772,89.55935180487077,277.9012541898496
773,102.78029357512376,273.28775279659243
774,115.76483737651432,268.0456808142769
775,128.48311834220382,262.18709517644703
776,140.9058840184083,255.7254708178106
777,153.00456164597946,248.6756696814582
778,164.75132387866648,241.05390653591735
779,176.11915278690404,232.87771168066553
780,187.08190199991608,224.16589062587965
781,197.61435684320654,214.93848083915978
782,207.69229233311881,205.21670565871182
783,217.29252889507413,195.0229254789893
784,226.3929856773362,184.38058632106979
785,234.97273133767777,173.31416590605497
786,243.01203218613824,161.8491173555276
787,250.49239757314328,150.01181064855643
788,257.39662241859116,137.82947196989923
789,263.70882678408844,125.33012108890534
790,269.41449239731713,112.54250691314813
791,274.5004960445262,99.49604136501652
792,278.9551397543439,86.22073173335109
793,282.7681777034866,72.74711165571779
794,285.93083978248075,59.10617089006312
795,288.4358517671959,45.32928403727809
796,290.2774520497928,31.448138378610576
797,291.45140489060685,17.494660993902773
798,291.9550101604841,3.5009453282849003
799,291.7871095511657,-10.500822623777358
800,290.94808923943356,-24.478438347301456
801,289.43987899889134,-38.39975287820438
802,287.2659477614236,-52.232746746950625
803,284.4312956385411,-65.94560362435749
804,280.94244242096414,-79.50678350017245
805,276.8074125828949,-92.88509522610724
806,272.03571682546993,-106.04976825647833
807,266.63833020184234,-118.97052342144809
808,260.627666874208,-131.6176425700859
809,254.01755156083502,-143.96203692306713
810,246.82318773876804,-155.97531397779875
811,239.0611226753444,-167.62984281208395
812,230.74920936894875,-178.89881763612942
813,221.90656548654482,-189.75631944672048
814,212.55352939242837,-200.17737564175954
815,202.71161336933815,-210.13801745805065
816,192.40345413951573,-219.61533510022315
817,181.6527607995191,-228.5875304339953
818,170.48426028854112,-237.03396712258134
819,158.92364051565664,-244.9352180909278
820,146.99749127680815,-252.27311020860856
821,134.7332430974238,-259.0307660886068
822,122.15910414132944,-265.1926429058466
823,109.30399533106785,-270.74456814618816
824,96.19748382885025,-275.6737722036649
825,82.86971503113567,-279.96891775098607
826,69.35134323325317,-283.62012581575294
827,55.673461123539816,-286.6189985024121
828,41.867528269161795,-288.95863830768405
829,27.965298758101362,-290.6336639850418
830,13.998748163737014,-291.6402229217505
831,3.5756747382784767e-14,-291.97600000000006
832,-13.998748163736943,-291.6402229217505
833,-27.96529875810129,-290.6336639850418
834,-41.867528269161724,-288.95863830768405
835,-55.67346112353961,-286.6189985024122
836,-69.35134323325298,-283.620125815753
837,-82.8697150311356,-279.96891775098607
838,-96.19748382885018,-275.6737722036649
839,-109.3039953310679,-270.74456814618816
840,-122.15910414132951,-265.1926429058465
841,-134.73324309742387,-259.0307660886068
842,-146.9974912768081,-252.27311020860859
843,-158.9236405156566,-244.93521809092786
844,-170.48426028854118,-237.03396712258132
845,-181.65276079951914,-228.58753043399525
846,-192.40345413951565,-219.61533510022318
847,-202.71161336933807,-210.13801745805068
848,-212.55352939242835,-200.17737564175962
849,-221.90656548654485,-189.75631944672045
850,-230.74920936894878,-178.89881763612937
851,-239.06112267534436,-167.62984281208404
852,-246.82318773876804,-155.97531397779872
853,-254.017551560835,-143.96203692306722
854,-260.6276668742081,-131.61764257008574
855,-266.63833020184234,-118.97052342144809
856,-272.03571682547,-106.04976825647822
857,-276.8074125828949,-92.88509522610725
858,-280.9424424209641,-79.50678350017257
859,-284.4312956385411,-65.94560362435743
860,-287.2659477614236,-52.23274674695043
861,-289.4398789988914,-38.39975287820413
862,-290.9480892394336,-24.47843834730127
863,-291.7871095511657,-10.5008226237773
864,-291.9550101604841,3.5009453282850886
865,-291.45140489060685,17.49466099390283
866,-290.2774520497928,31.44813837861076
867,-288.43585176719586,45.329284037278214
868,-285.93083978248075,59.10617089006337
869,-282.7681777034865,72.7471116557179
870,-278.9551397543438,86.2207317333514
871,-274.50049604452613,99.4960413650167
872,-269.41449239731713,112.54250691314812
873,-263.7088267840884,125.33012108890544
874,-257.39662241859116,137.8294719698993
875,-250.4923975731432,150.01181064855658
876,-243.01203218613819,161.84911735552765
877,-234.97273133767766,173.3141659060551
878,-226.39298567733616,184.38058632106984
879,-217.29252889507416,195.02292547898927
880,-207.69229233311873,205.21670565871187
881,-197.61435684320656,214.93848083915975
882,-187.08190199991597,224.1658906258797
883,-176.119152786904,232.87771168066556
884,-164.75132387866637,241.0539065359174
885,-153.00456164597946,248.6756696814582
886,-140.9058840184084,255.72547081781056
887,-128.48311834220357,262.18709517644714
888,-115.76483737651441,268.04568081427686
889,-102.78029357512348,273.28775279659254
890,-89.55935180487059,277.9012541898497
891,-76.13242065549747,281.8755737930025
892,-62.530382498920105,285.20157054360476
893,-48.78452245878138,287.8715945425472
894,-34.92645645366626,289.87950464907
895,-20.98805847947407,291.2206826055839
896,-7.001387298207282,291.89204365981016
897,0.0,311.63200000000006
898,14.081833552292078,311.313676840266
899,28.134898725526714,310.35935767703927
900,42.13048591279645,308.7709921296877
901,56.04000293142566,306.5518251380113
902,69.83503343516142,303.7063903330154
903,83.48739496714066,300.2405007749632
904,96.9691965350347,296.16123707762614
905,110.25289559074825,291.4769329429957
906,123.31135429826735,286.1971581360081
907,136.11789497470292,280.3326989340626
908,148.64635459126856,273.89553609127495
909,160.87113822284905,266.8988203624831
910,172.767271336966,259.3568456370088
911,184.3104508153163,251.28501973706057
912,195.47709460365053,242.6998329404359
913,206.24438988855852,233.61882429182864
914,216.5903397027398,224.06054577156553
915,226.4938078635476,214.04452439497354
916,235.93456215299872,203.5912223198064
917,244.89331565103544,192.7219950432289
918,253.35176613759853,181.45904777375975
919,261.29263348301356,169.82539006730286
920,268.6996949503061,157.84478881994332
921,275.55781833732334,145.54171971354032
922,281.85299289095667,132.94131721331163
923,287.57235793030685,120.06932321956145
924,292.7042291203184,106.95203447845297
925,297.2381223422067,93.61624885926281
926,301.16477511191164,80.08921060786984
927,304.4761655028223,66.39855468832134
928,307.1655285341128,52.57225032618583
929,309.22736999121105,38.63854386902681
930,310.6574776501636,24.62590108073427
931,311.4529298829687,10.562948987599372
932,311.612101626294,-3.5215826050595984
933,311.13466770138854,-17.598919806243252
934,310.0216034784038,-31.640303422682027
935,308.2751828837689,-45.61704771221944
936,305.8989737546884,-59.50059898714031
937,302.89783055025634,-73.26259394771824
938,299.27788443407354,-86.874917626812
939,295.04653074863234,-100.30976082713195
940,290.2124139070551,-113.53967693383737
941,284.78540973305417,-126.53763798639706
942,278.77660528518936,-139.27708989516464
943,272.19827620664273,-151.7320066898618
944,265.06386164678315,-163.87694368914447
945,257.38793680575407,-175.68708948262872
946,249.18618315817469,-187.13831661918053
947,240.47535641678607,-198.2072308979159
948,231.27325230149003,-208.87121916121276
949,221.59867018371298,-219.1084954920964
950,211.47137468036735,-228.89814572161944
951,200.91205527587206,-238.22017015531023
952,189.94228405472072,-247.05552443140354
953,178.58447163094942,-255.38615842737966
954,166.86182136453695,-263.1950531353304
955,154.798281958269,-270.4662554308176
956,142.41849853191084,-277.18491066419205
957,129.7477622736402,-283.3372930077913
958,116.8119587715992,-288.91083349701904
959,103.63751513111974,-293.8941457080201
960,90.25134598566301,-298.2770490194916
961,76.68079851176512,-302.0505894111086
962,62.953596560322055,-305.20705775607524
963,49.09778401835079,-307.7400055704286
964,35.141667516936074,-309.6442581869219
965,21.11375860240387,-310.91592532657353
966,7.0427154888665635,-311.55240904628374
967,-7.042715488866487,-311.55240904628374
968,-21.113758602403795,-310.91592532657353
969,-35.14166751693586,-309.64425818692195
970,-49.09778401835072,-307.7400055704286
971,-62.95359656032185,-305.20705775607524
972,-76.68079851176503,-302.0505894111086
973,-90.25134598566294,-298.2770490194916
974,-103.63751513111956,-293.89414570802023
975,-116.81195877159898,-288.9108334970191
976,-129.74776227364026,-283.3372930077913
977,-142.41849853191067,-277.18491066419216
978,-154.79828195826883,-270.46625543081774
979,-166.861821364537,-263.1950531353304
980,-178.58447163094937,-255.38615842737968
981,-189.94228405472055,-247.05552443140365
982,-200.91205527587204,-238.22017015531029
983,-211.47137468036738,-228.8981457216194
984,-221.59867018371284,-219.10849549209655
985,-231.27325230148998,-208.87121916121282
986,-240.47535641678604,-198.20723089791596
987,-249.1861831581746,-187.1383166191806
988,-257.387936805754,-175.6870894826288
989,-265.0638616467831,-163.87694368914453
990,-272.19827620664273,-151.73200668986186
991,-278.77660528518936,-139.2770898951647
992,-284.78540973305417,-126.53763798639713
993,-290.21241390705507,-113.53967693383746
994,-295.0465307486322,-100.30976082713208
995,-299.2778844340735,-86.87491762681208
996,-302.8978305502563,-73.26259394771839
997,-305.8989737546884,-59.50059898714044
998,-308.2751828837688,-45.61704771221959
999,-310.0216034784038,-31.640303422682173
1000,-311.1346677013885,-17.59891980624347
1001,-311.612101626294,-3.521582605059744
1002,-311.4529298829687,10.562948987599226
1003,-310.6574776501636,24.625901080734405
1004,-309.22736999121105,38.63854386902695
1005,-307.16552853411287,52.57225032618562
1006,-304.4761655028223,66.39855468832121
1007,-301.1647751119117,80.08921060786963
1008,-297.2381223422067,93.61624885926268
1009,-292.70422912031836,106.95203447845303
1010,-287.5723579303068,120.06932321956151
1011,-281.85299289095667,132.94131721331172
1012,-275.55781833732345,145.54171971354015
1013,-268.6996949503062,157.84478881994315
1014,-261.2926334830137,169.8253900673027
1015,-253.35176613759867,181.45904777375958
1016,-244.89331565103544,192.72199504322893
1017,-235.9345621529987,203.59122231980643
1018,-226.49380786354763,214.04452439497354
1019,-216.59033970274,224.06054577156533
1020,-206.2443898885587,233.61882429182847
1021,-195.47709460365073,242.69983294043578
1022,-184.31045081531624,251.28501973706057
1023,-172.767271336966,259.3568456370088
1024,-160.8711382228491,266.8988203624831
1025,-148.6463545912686,273.89553609127495
1026,-136.1178949747032,280.3326989340625
1027,-123.31135429826763,286.19715813600794
1028,-110.25289559074857,291.4769329429956
1029,-96.96919653503471,296.1612370776261
1030,-83.48739496714072,300.2405007749632
1031,-69.83503343516146,303.7063903330154
1032,-56.040002931425704,306.5518251380113
1033,-42.1304859127965,308.7709921296877
1034,-28.134898725527055,310.3593576770392
1035,-14.081833552292148,311.313676840266
1036,6.999329326710495,331.9162085360947
1037,20.985543428015163,331.32607362993775
1038,34.934445998930386,330.1468530559512
1039,48.82123639972246,328.3806434252824
1040,62.62122442382951,326.03058499420024
1041,76.30987419614773,323.10085608083455
1042,89.86284779692188,319.59666563627866
1043,103.2560485336786,315.52424398326457
1044,116.46566378426604,310.8908317388764
1045,129.46820733482724,305.7046669409975
1046,142.2405611374312,299.9749704013799
1047,154.76001641311848,293.71192931137705
1048,167.00431402728148,286.9266791294898
1049,178.9516840655934,279.6312837829274
1050,190.58088454012164,271.8387142183851
1051,201.87123915680695,263.5628253401744
1052,212.80267407715982,254.81833137670873
1053,223.3557536088128,245.62077971914218
1054,233.5117147614722,235.9865232786756
1055,243.25250060683015,225.93269141167715
1056,252.56079238312415,215.4771594643119
1057,261.42004028726353,204.6385169908284
1058,269.81449289977525,193.4360347020099
1059,277.72922519025315,181.88963020255355
1060,285.1501650535171,170.0198325782965
1061,292.06411832930263,157.8477458962501
1062,298.45879226099635,145.39501168233886
1063,304.3228173517086,132.68377044355748
1064,309.6457675788239,119.73662230295717
1065,314.41817893108896,106.57658681745143
1066,318.63156623527914,93.2270620498843
1067,322.27843824252665,79.71178296812822
1068,325.352310947488,66.05477924517747
1069,327.8477191166686,52.2803325352662
1070,329.76022600540864,38.412933301973716
1071,331.0864312462529,24.477237275073733
1072,331.82397689468064,10.498021613546642
1073,331.971551621444,-3.499859147304895
1074,331.5288930440644,-17.491517286312977
1075,330.49678819333826,-31.452076145904044
1076,328.87707211402574,-45.35671436188851
1077,326.6726246022076,-59.18070999494024
1078,323.8873650851127,-72.89948448530312
1079,320.5262456525202,-86.48864635257247
1080,316.5952422521237,-99.92403456285767
1081,312.101344064515,-113.1817614862185
1082,307.052541076676,-126.2382553679995
1083,301.4578098760728,-139.07030223854974
1084,295.3270976906118,-151.65508718681312
1085,288.67130470283047,-163.97023492440837
1086,281.5022646697711,-175.99384956807495
1087,273.83272388299287,-187.70455356975398
1088,265.6763185061298,-199.0815257250896
1089,257.0475503302906,-210.10453819276907
1090,247.9617609904019,-220.75399245888812
1091,238.43510468834225,-231.01095418239223
1092,228.48451947136056,-240.85718685964406
1093,218.12769711684578,-250.2751842482623
1094,207.3830516769925,-259.2482014925811
1095,196.26968673928866,-267.7602848953921
1096,184.8073614610331,-275.79630028303694
1097,173.01645543827615,-283.3419599134146
1098,160.91793247164054,-290.3838478790661
1099,148.5333032934493,-296.9094439601682
1100,135.88458732242918,-302.9071458850272
1101,122.99427351398676,-308.3662899584951
1102,109.88528037566738,-313.2771700216296
1103,96.58091521888427,-317.6310547088913
1104,83.10483271936978,-321.4202029721928
1105,69.48099286002555,-324.63787784419907
1106,55.733618330946385,-327.27835841641047
1107,41.88715146236218,-329.33695001072863
1108,27.966210767066,-330.80999252642306
1109,13.995547169596922,-331.69486694765664
1110,4.065704908489299e-14,-331.99000000000007
1111,-13.99554716959699,-331.69486694765664
1112,-27.966210767065917,-330.80999252642306
1113,-41.887151462362105,-329.33695001072863
1114,-55.73361833094644,-327.27835841641047
1115,-69.48099286002548,-324.6378778441991
1116,-83.10483271936984,-321.4202029721928
1117,-96.58091521888404,-317.63105470889144
1118,-109.88528037566715,-313.2771700216297
1119,-122.99427351398668,-308.3662899584951
1120,-135.88458732242898,-302.9071458850273
1121,-148.5333032934491,-296.9094439601683
1122,-160.91793247164034,-290.3838478790662
1123,-173.01645543827598,-283.3419599134147
1124,-184.80736146103305,-275.796300283037
1125,-196.2696867392885,-267.7602848953922
1126,-207.38305167699232,-259.2482014925812
1127,-218.1276971168456,-250.27518424826243
1128,-228.4845194713604,-240.85718685964423
1129,-238.4351046883422,-231.01095418239228
1130,-247.96176099040176,-220.75399245888832
1131,-257.0475503302905,-210.10453819276924
1132,-265.67631850612986,-199.08152572508953
1133,-273.83272388299287,-187.70455356975395
1134,-281.502264669771,-175.993849568075
1135,-288.6713047028304,-163.97023492440843
1136,-295.3270976906118,-151.65508718681303
1137,-301.45780987607276,-139.07030223854983
1138,-307.05254107667594,-126.23825536799957
1139,-312.10134406451505,-113.18176148621845
1140,-316.5952422521236,-99.92403456285781
1141,-320.5262456525201,-86.48864635257256
1142,-323.88736508511266,-72.89948448530342
1143,-326.6726246022076,-59.18070999494017
1144,-328.87707211402574,-45.356714361888514
1145,-330.49678819333826,-31.45207614590398
1146,-331.5288930440643,-17.491517286313133
1147,-331.971551621444,-3.499859147304976
1148,-331.82397689468064,10.498021613546412
1149,-331.0864312462529,24.477237275073872
1150,-329.76022600540864,38.41293330197364
1151,-327.8477191166686,52.28033253526618
1152,-325.35231094748804,66.05477924517726
1153,-322.27843824252665,79.71178296812843
1154,-318.63156623527914,93.22706204988428
1155,-314.41817893108896,106.57658681745148
1156,-309.64576757882395,119.73662230295702
1157,-304.3228173517086,132.68377044355745
1158,-298.45879226099646,145.39501168233866
1159,-292.0641183293026,157.84774589625022
1160,-285.1501650535171,170.0198325782965
1161,-277.72922519025315,181.88963020255363
1162,-269.8144928997754,193.43603470200975
1163,-261.42004028726353,204.63851699082838
1164,-252.56079238312412,215.47715946431194
1165,-243.25250060683024,225.93269141167704
1166,-233.5117147614722,235.98652327867555
1167,-223.355753608813,245.62077971914198
1168,-212.80267407715993,254.8183313767086
1169,-201.871239156807,263.5628253401744
1170,-190.58088454012164,271.8387142183851
1171,-178.95168406559358,279.6312837829273
1172,-167.00431402728154,286.92667912948974
1173,-154.76001641311876,293.71192931137693
1174,-142.2405611374311,299.9749704013799
1175,-129.4682073348273,305.70466694099747
1176,-116.46566378426601,310.8908317388764
1177,-103.25604853367878,315.52424398326445
1178,-89.862847796922,319.59666563627854
1179,-76.30987419614773,323.10085608083455
1180,-62.62122442382943,326.03058499420024
1181,-48.82123639972257,328.38064342528236
1182,-34.93444599893041,330.1468530559512
1183,-20.985543428015383,331.32607362993775
1184,-6.9993293267103285,331.9162085360947
1185,0.0,353.05000000000007
1186,14.036037654969597,352.770877691099
1187,28.049881449363767,351.93395211413844
1188,42.01937261566249,350.5405466204818
1189,55.92242251696726,348.59286447062254
1190,69.73704757367621,346.09398535037695
1191,83.44140402404209,343.0478605012668
1192,97.01382246364952,339.45930647279584
1193,110.43284210919732,335.33399750649374
1194,123.6772447324082,330.67845656377443
1195,136.72608821040885,325.5000450117934
1196,149.55873963953087,319.80695098361304
1197,162.15490796017238,313.60817643108106
1198,174.49467604113408,306.9135228908947
1199,186.55853217269737,299.7335759863561
1200,198.3274009186482,292.0796886893264
1201,209.78267327846245,283.96396336884357
1202,220.9062361119607,275.3992326547892
1203,231.68050077990617,266.3990391468632
1204,242.08843095525825,256.9776140009499
1205,252.11356956110754,247.14985442673566
1206,261.74006479269724,236.93130013215793
1207,270.9526951823843,226.33810875193333
1208,279.7368936679089,215.38703029901566
1209,288.0787706259139,204.09538067938274
1210,295.9651358342942,192.4810143120298
1211,303.3835193286494,180.56229589746317
1212,310.3221911198603,168.35807137933406
1213,316.770179741613,155.88763814512765
1214,322.71728959854204,143.1707145130275
1215,328.1541170875626,130.22740855320092
1216,333.07206546689963,117.07818629280757
1217,337.46335844930394,103.74383935500299
1218,341.32105249796007,90.24545208310954
1219,344.639047805646,76.60436820193557
1220,347.41209793978146,62.84215706895913
1221,349.63581813811686,48.9805795687405
1222,351.30669224194304,35.041553704491136
1223,352.4220782558615,21.04711994120485
1224,352.9802125253217,7.0194063551529915
1225,352.9802125253217,-7.019406355153027
1226,352.4220782558615,-21.047119941204965
1227,351.30669224194304,-35.04155370449125
1228,349.63581813811686,-48.98057956874053
1229,347.41209793978146,-62.84215706895916
1230,344.639047805646,-76.60436820193569
1231,341.32105249796007,-90.24545208310965
1232,337.46335844930394,-103.743839355003
1233,333.07206546689963,-117.07818629280762
1234,328.15411708756255,-130.227408553201
1235,322.7172895985419,-143.17071451302758
1236,316.77017974161294,-155.88763814512774
1237,310.32219111986024,-168.35807137933418
1238,303.3835193286494,-180.56229589746323
1239,295.9651358342942,-192.48101431202986
1240,288.07877062591376,-204.0953806793828
1241,279.73689366790876,-215.38703029901578
1242,270.9526951823842,-226.33810875193336
1243,261.7400647926971,-236.93130013215801
1244,252.11356956110748,-247.14985442673574
1245,242.0884309552581,-256.97761400095004
1246,231.6805007799061,-266.39903914686323
1247,220.90623611196077,-275.39923265478916
1248,209.78267327846245,-283.96396336884357
1249,198.32740091864815,-292.0796886893264
1250,186.55853217269728,-299.73357598635613
1251,174.49467604113394,-306.91352289089474
1252,162.15490796017235,-313.60817643108106
1253,149.55873963953078,-319.80695098361304
1254,136.72608821040888,-325.5000450117934
1255,123.6772447324082,-330.67845656377443
1256,110.43284210919727,-335.33399750649374
1257,97.01382246364942,-339.4593064727959
1258,83.4414040240421,-343.0478605012668
1259,69.73704757367616,-346.09398535037695
1260,55.922422516967174,-348.5928644706226
1261,42.01937261566236,-350.5405466204818
1262,28.049881449363745,-351.93395211413844
1263,14.03603765496953,-352.770877691099
1264,4.323615524389731e-14,-353.05000000000007
1265,-14.0360376549696,-352.770877691099
1266,-28.049881449363816,-351.93395211413844
1267,-42.01937261566259,-350.5405466204818
1268,-55.922422516967394,-348.59286447062254
1269,-69.73704757367639,-346.09398535037684
1270,-83.44140402404201,-343.0478605012668
1271,-97.01382246364948,-339.4593064727959
1272,-110.43284210919734,-335.33399750649374
1273,-123.67724473240825,-330.6784565637744
1274,-136.72608821040893,-325.5000450117934
1275,-149.558739639531,-319.806950983613
1276,-162.1549079601724,-313.60817643108106
1277,-174.49467604113414,-306.9135228908946
1278,-186.55853217269734,-299.7335759863561
1279,-198.3274009186482,-292.0796886893264
1280,-209.78267327846248,-283.9639633688435
1281,-220.90623611196082,-275.3992326547891
1282,-231.68050077990617,-266.3990391468632
1283,-242.08843095525825,-256.97761400094987
1284,-252.11356956110762,-247.1498544267356
1285,-261.7400647926973,-236.93130013215787
1286,-270.9526951823843,-226.33810875193333
1287,-279.73689366790893,-215.3870302990156
1288,-288.07877062591393,-204.09538067938266
1289,-295.9651358342943,-192.48101431202966
1290,-303.38351932864936,-180.5622958974633
1291,-310.3221911198603,-168.35807137933412
1292,-316.770179741613,-155.88763814512768
1293,-322.71728959854204,-143.17071451302746
1294,-328.1541170875626,-130.2274085532009
1295,-333.07206546689974,-117.0781862928074
1296,-337.46335844930394,-103.74383935500279
1297,-341.3210524979601,-90.24545208310937
1298,-344.639047805646,-76.60436820193561
1299,-347.41209793978146,-62.84215706895909
1300,-349.63581813811686,-48.98057956874046
1301,-351.3066922419431,-35.04155370449102
1302,-352.42207825586155,-21.047119941204738
1303,-352.9802125253217,-7.0194063551528
1304,-352.9802125253217,7.019406355153297
1305,-352.4220782558615,21.047119941205235
1306,-351.30669224194304,35.04155370449152
1307,-349.63581813811686,48.98057956874065
1308,-347.4120979397815,62.84215706895896
1309,-344.639047805646,76.60436820193549
1310,-341.32105249796007,90.24545208310954
1311,-337.46335844930394,103.74383935500296
1312,-333.07206546689963,117.07818629280757
1313,-328.15411708756255,130.22740855320106
1314,-322.7172895985419,143.17071451302763
1315,-316.7701797416129,155.88763814512785
1316,-310.3221911198602,168.35807137933426
1317,-303.3835193286492,180.56229589746346
1318,-295.965135834294,192.48101431203008
1319,-288.0787706259138,204.09538067938277
1320,-279.7368936679088,215.38703029901575
1321,-270.95269518238416,226.33810875193345
1322,-261.7400647926973,236.93130013215787
1323,-252.1135695611076,247.1498544267356
1324,-242.08843095525825,256.97761400094987
1325,-231.68050077990614,266.3990391468632
1326,-220.90623611196065,275.3992326547892
1327,-209.78267327846234,283.9639633688436
1328,-198.32740091864807,292.07968868932653
1329,-186.55853217269717,299.7335759863562
1330,-174.49467604113383,306.9135228908948
1331,-162.1549079601724,313.60817643108106
1332,-149.55873963953084,319.80695098361304
1333,-136.7260882104088,325.5000450117935
1334,-123.67724473240807,330.6784565637745
1335,-110.43284210919717,335.3339975064938
1336,-97.0138224636493,339.4593064727959
1337,-83.44140402404184,343.0478605012669
1338,-69.7370475736759,346.09398535037695
1339,-55.922422516967224,348.5928644706226
1340,-42.019372615662405,350.5405466204818
1341,-28.049881449363628,351.93395211413844
1342,-14.036037654969416,352.770877691099
1343,7.008559524699342,374.7464682120284
1344,21.01587646986633,374.22235139045796
1345,34.99380081146735,373.1748507720843
1346,48.92278315838198,371.6054313812407
1347,62.783342569294874,369.5162881928571
1348,76.55609379855368,366.9103430625895
1349,90.22177440818801,363.79124064034045
1350,103.76127170817068,360.1633432728867
1351,117.15564948724293,356.0317249027428
1352,130.38617449691822,351.40216397179347
1353,143.43434265162406,346.28113533962045
1354,156.2819049083389,340.6758012278256
1355,168.9108927895291,334.5940012030166
1356,181.30364351368917,328.0442412124639
1357,193.4428246983392,321.0356816877645
1358,205.31145860092877,313.5781247331503
1359,216.89294586374538,305.6820004163583
1360,228.17108872961666,297.3583521812385
1361,239.13011369593886,288.61882140249867
1362,249.75469357534655,279.4756311041891
1363,260.0299689321697,269.94156886469875
1364,269.9415688646987,260.02996893216977
1365,279.47563110418906,249.75469357534658
1366,288.61882140249855,239.1301136959389
1367,297.3583521812385,228.17108872961666
1368,305.6820004163583,216.89294586374538
1369,313.5781247331503,205.31145860092883
1370,321.03568168776445,193.44282469833925
1371,328.0442412124639,181.30364351368917
1372,334.59400120301655,168.91089278952913
1373,340.67580122782556,156.281904908339
1374,346.28113533962045,143.4343426516241
1375,351.40216397179347,130.38617449691827
1376,356.0317249027428,117.155649487243
1377,360.1633432728867,103.76127170817068
1378,363.79124064034045,90.22177440818805
1379,366.91034306258945,76.55609379855376
1380,369.5162881928571,62.78334256929498
1381,371.6054313812407,48.92278315838203
1382,373.1748507720843,34.99380081146743
1383,374.22235139045796,21.015876469866352
1384,374.7464682120284,7.008559524699309
1385,374.7464682120284,-7.008559524699345
1386,374.22235139045796,-21.01587646986631
1387,373.1748507720843,-34.9938008114673
1388,371.6054313812407,-48.92278315838199
1389,369.5162881928571,-62.783342569294845
1390,366.9103430625895,-76.55609379855362
1391,363.79124064034045,-90.221774408188
1392,360.1633432728867,-103.76127170817064
1393,356.03172490274284,-117.15564948724287
1394,351.4021639717935,-130.38617449691813
1395,346.28113533962045,-143.43434265162404
1396,340.6758012278256,-156.28190490833896
1397,334.5940012030166,-168.91089278952902
1398,328.0442412124639,-181.30364351368914
1399,321.0356816877645,-193.44282469833925
1400,313.5781247331503,-205.31145860092877
1401,305.68200041635833,-216.89294586374538
1402,297.3583521812385,-228.17108872961666
1403,288.61882140249867,-239.1301136959388
1404,279.475631104189,-249.75469357534666
1405,269.9415688646987,-260.0299689321698
1406,260.0299689321697,-269.94156886469875
1407,249.75469357534658,-279.4756311041891
1408,239.13011369593886,-288.61882140249867
1409,228.17108872961674,-297.35835218123844
1410,216.89294586374544,-305.6820004163583
1411,205.3114586009287,-313.57812473315033
1412,193.44282469833917,-321.03568168776457
1413,181.30364351368905,-328.04424121246393
1414,168.91089278952907,-334.5940012030166
1415,156.28190490833887,-340.6758012278257
1416,143.4343426516241,-346.28113533962045
1417,130.38617449691822,-351.40216397179347
1418,117.15564948724287,-356.03172490274284
1419,103.76127170817055,-360.1633432728867
1420,90.221774408188,-363.79124064034045
1421,76.55609379855362,-366.9103430625895
1422,62.783342569294916,-369.5162881928571
1423,48.92278315838198,-371.6054313812407
1424,34.99380081146745,-373.1748507720843
1425,21.01587646986621,-374.22235139045796
1426,7.008559524699331,-374.7464682120284
1427,-7.008559524699407,-374.7464682120284
1428,-21.015876469866285,-374.22235139045796
1429,-34.99380081146736,-373.1748507720843
1430,-48.92278315838188,-371.6054313812407
1431,-62.783342569294824,-369.5162881928571
1432,-76.55609379855385,-366.91034306258945
1433,-90.22177440818807,-363.79124064034045
1434,-103.76127170817078,-360.1633432728867
1435,-117.15564948724293,-356.0317249027428
1436,-130.38617449691827,-351.40216397179347
1437,-143.434342651624,-346.2811353396205
1438,-156.28190490833893,-340.6758012278256
1439,-168.91089278952916,-334.59400120301655
1440,-181.30364351368925,-328.0442412124638
1441,-193.4428246983392,-321.0356816877645
1442,-205.31145860092886,-313.5781247331502
1443,-216.89294586374535,-305.68200041635833
1444,-228.17108872961666,-297.3583521812385
1445,-239.1301136959388,-288.6188214024988
1446,-249.7546935753465,-279.4756311041892
1447,-260.02996893216977,-269.9415688646987
1448,-269.94156886469875,-260.0299689321697
1449,-279.4756311041892,-249.75469357534647
1450,-288.6188214024986,-239.1301136959389
1451,-297.3583521812384,-228.17108872961674
1452,-305.68200041635833,-216.8929458637453
1453,-313.5781247331503,-205.31145860092886
1454,-321.0356816877646,-193.44282469833905
1455,-328.0442412124639,-181.30364351368908
1456,-334.5940012030166,-168.9108927895291
1457,-340.67580122782556,-156.28190490833904
1458,-346.2811353396205,-143.43434265162395
1459,-351.40216397179347,-130.38617449691822
1460,-356.0317249027428,-117.15564948724304
1461,-360.1633432728867,-103.76127170817057
1462,-363.79124064034045,-90.22177440818801
1463,-366.9103430625894,-76.55609379855412
1464,-369.5162881928571,-62.7833425692951
1465,-371.6054313812407,-48.922783158382
1466,-373.1748507720843,-34.99380081146747
1467,-374.2223513904579,-21.015876469866566
1468,-374.7464682120284,-7.008559524699687
1469,-374.7464682120284,7.0085595246992165
1470,-374.22235139045796,21.015876469866097
1471,-373.17485077208437,34.993800811467004
1472,-371.6054313812407,48.92278315838186
1473,-369.51628819285713,62.78334256929464
1474,-366.9103430625895,76.55609379855366
1475,-363.79124064034056,90.22177440818756
1476,-360.1633432728868,103.76127170817043
1477,-356.0317249027429,117.1556494872426
1478,-351.4021639717935,130.3861744969181
1479,-346.28113533962045,143.43434265162415
1480,-340.6758012278258,156.2819049083386
1481,-334.5940012030166,168.910892789529
1482,-328.044241212464,181.30364351368897
1483,-321.0356816877645,193.4428246983392
1484,-313.5781247331505,205.31145860092843
1485,-305.6820004163584,216.89294586374518
1486,-297.3583521812385,228.1710887296166
1487,-288.6188214024988,239.13011369593877
1488,-279.4756311041893,249.75469357534638
1489,-269.9415688646989,260.02996893216954
1490,-260.0299689321698,269.94156886469864
1491,-249.75469357534675,279.47563110418895
1492,-239.13011369593912,288.6188214024984
1493,-228.17108872961677,297.3583521812384
1494,-216.89294586374558,305.68200041635816
1495,-205.31145860092886,313.5781247331503
1496,-193.44282469833934,321.03568168776445
1497,-181.3036435136894,328.0442412124637
1498,-168.9108927895294,334.59400120301643
1499,-156.28190490833904,340.67580122782556
1500,-143.43434265162398,346.2811353396205
1501,-130.38617449691856,351.40216397179336
1502,-117.15564948724305,356.0317249027427
1503,-103.76127170817091,360.16334327288666
1504,-90.22177440818804,363.79124064034045
1505,-76.55609379855414,366.9103430625894
1506,-62.78334256929512,369.5162881928571
1507,-48.92278315838202,371.6054313812407
1508,-34.993800811467494,373.1748507720843
1509,-21.01587646986659,374.2223513904579
1510,-7.008559524699709,374.7464682120284
1511,0.0,397.27600000000007
1512,14.020451614661448,397.02852178718973
1513,28.02343549249313,396.2863954757949
1514,41.99150565929023,395.0505456627871
1515,55.90725963898428,393.32251206314044
1516,69.75336013496133,391.1044475915385
1517,83.51255663017457,388.3991156801106
1518,97.16770687914061,385.2098868355399
1519,110.70179826504251,381.5407344398313
1520,124.09796899533208,377.3962297999725
1521,137.33952910942358,372.78153645265456
1522,150.40998127230625,367.7024037311485
1523,163.2930413281696,362.1651596023515
1524,175.97265858843366,356.17670278292854
1525,188.43303582890817,349.74449414437026
1526,200.658648971167,342.8765474176763
1527,212.63426642361665,335.5814192092442
1528,224.34496805816255,327.8681983404034
1529,235.77616379883105,319.74649452387564
1530,246.913611799187,311.22642639126974
1531,257.743436185901,302.3186088865263
1532,268.2521443463597,293.0341400410195
1533,278.42664373878125,283.3845871467921
1534,288.2542582038916,273.3819723451498
1535,297.72274375784053,263.0387576485703
1536,306.82030384668116,252.36782941458742
1537,315.53560404340703,241.38248229099457
1538,323.8577861692366,230.0964026523689
1539,331.77648182155224,218.5236515485528
1540,339.2818252916382,206.6786471863369
1541,346.3644658561262,194.57614696616963
1542,353.0155794268311,182.23122909627415
1543,359.2268795444668,169.65927380707842
1544,364.9906277025424,156.87594418936305
1545,370.29964298857766,143.89716668000102
1546,375.14731103062576,130.73911121960018
1547,379.52759223795715,117.41817110677115
1548,383.4350293256374,103.95094257411826
1549,386.8647541136248,90.35420411140065
1550,389.81249359191645,76.64489556162323
1551,392.27457524418656,62.84009701610174
1552,394.24793162328444,48.95700753479561
1553,395.7301041728921,35.01292371842148
1554,396.71924629057855,21.025218159041906
1555,397.2141256284371,7.0113177959796005
1556,397.2141256284371,-7.011317795979552
1557,396.71924629057855,-21.025218159041856
1558,395.7301041728921,-35.01292371842143
1559,394.24793162328444,-48.95700753479556
1560,392.2745752441865,-62.84009701610178
1561,389.81249359191645,-76.64489556162336
1562,386.8647541136248,-90.3542041114007
1563,383.4350293256374,-103.9509425741183
1564,379.52759223795715,-117.41817110677111
1565,375.14731103062576,-130.7391112196002
1566,370.29964298857766,-143.89716668000096
1567,364.9906277025424,-156.87594418936305
1568,359.2268795444668,-169.65927380707848
1569,353.01557942683115,-182.2312290962741
1570,346.3644658561262,-194.57614696616972
1571,339.28182529163826,-206.67864718633683
1572,331.7764818215521,-218.52365154855283
1573,323.85778616923653,-230.096402652369
1574,315.5356040434069,-241.38248229099466
1575,306.8203038466812,-252.36782941458742
1576,297.72274375784053,-263.0387576485703
1577,288.2542582038916,-273.3819723451498
1578,278.42664373878125,-283.38458714679217
1579,268.2521443463598,-293.03414004101944
1580,257.743436185901,-302.31860888652625
1581,246.913611799187,-311.22642639126974
1582,235.77616379883105,-319.74649452387564
1583,224.3449680581627,-327.8681983404033
1584,212.63426642361668,-335.58141920924413
1585,200.65864897116703,-342.8765474176763
1586,188.433035828908,-349.7444941443704
1587,175.97265858843363,-356.1767027829286
1588,163.29304132816958,-362.16515960235154
1589,150.4099812723062,-367.70240373114854
1590,137.33952910942347,-372.7815364526546
1591,124.09796899533211,-377.3962297999725
1592,110.70179826504251,-381.5407344398313
1593,97.16770687914055,-385.2098868355399
1594,83.51255663017449,-388.3991156801106
1595,69.75336013496137,-391.1044475915385
1596,55.90725963898429,-393.32251206314044
1597,41.99150565929022,-395.0505456627871
1598,28.02343549249308,-396.2863954757949
1599,14.020451614661532,-397.02852178718973
1600,4.8652278177806395e-14,-397.27600000000007
1601,-14.020451614661436,-397.02852178718973
1602,-28.023435492493157,-396.2863954757949
1603,-41.99150565929012,-395.05054566278716
1604,-55.9072596389842,-393.32251206314044
1605,-69.75336013496127,-391.1044475915385
1606,-83.51255663017457,-388.3991156801106
1607,-97.16770687914045,-385.20988683554003
1608,-110.70179826504257,-381.5407344398313
1609,-124.0979689953322,-377.3962297999725
1610,-137.3395291094237,-372.7815364526545
1611,-150.40998127230642,-367.7024037311485
1612,-163.29304132816964,-362.1651596023515
1613,-175.97265858843372,-356.17670278292854
1614,-188.43303582890823,-349.74449414437026
1615,-200.6586489711671,-342.87654741767625
1616,-212.63426642361665,-335.5814192092442
1617,-224.3449680581626,-327.8681983404033
1618,-235.77616379883113,-319.7464945238756
1619,-246.9136117991871,-311.2264263912697
1620,-257.743436185901,-302.3186088865263
1621,-268.2521443463597,-293.0341400410195
1622,-278.4266437387813,-283.3845871467921
1623,-288.2542582038916,-273.3819723451498
1624,-297.7227437578405,-263.0387576485703
1625,-306.82030384668127,-252.36782941458733
1626,-315.53560404340686,-241.38248229099474
1627,-323.8577861692365,-230.09640265236902
1628,-331.77648182155207,-218.52365154855292
1629,-339.28182529163837,-206.6786471863366
1630,-346.3644658561262,-194.57614696616966
1631,-353.0155794268311,-182.23122909627418
1632,-359.2268795444668,-169.6592738070784
1633,-364.99062770254244,-156.875944189363
1634,-370.29964298857766,-143.8971666800009
1635,-375.1473110306258,-130.73911121960003
1636,-379.5275922379572,-117.41817110677096
1637,-383.43502932563746,-103.95094257411805
1638,-386.86475411362477,-90.35420411140079
1639,-389.81249359191645,-76.64489556162337
1640,-392.2745752441865,-62.840097016101794
1641,-394.24793162328444,-48.95700753479566
1642,-395.7301041728921,-35.01292371842145
1643,-396.71924629057855,-21.025218159041867
1644,-397.2141256284371,-7.011317795979472
1645,-397.2141256284371,7.011317795979679
1646,-396.71924629057855,21.02521815904172
1647,-395.7301041728921,35.0129237184213
1648,-394.24793162328456,48.95700753479551
1649,-392.27457524418656,62.840097016101645
1650,-389.81249359191645,76.64489556162322
1651,-386.8647541136248,90.35420411140065
1652,-383.4350293256374,103.95094257411824
1653,-379.52759223795715,117.41817110677115
1654,-375.1473110306259,130.7391112195999
1655,-370.2996429885777,143.89716668000077
1656,-364.9906277025425,156.87594418936285
1657,-359.22687954446684,169.65927380707825
1658,-353.01557942683115,182.23122909627406
1659,-346.36446585612623,194.57614696616955
1660,-339.28182529163826,206.67864718633683
1661,-331.776481821552,218.52365154855306
1662,-323.85778616923636,230.09640265236922
1663,-315.535604043407,241.38248229099466
1664,-306.8203038466811,252.3678294145875
1665,-297.7227437578404,263.03875764857037
1666,-288.2542582038915,273.3819723451499
1667,-278.42664373878114,283.3845871467922
1668,-268.25214434635956,293.03414004101967
1669,-257.7434361859008,302.3186088865264
1670,-246.91361179918678,311.2264263912699
1671,-235.7761637988311,319.7464945238756
1672,-224.34496805816255,327.8681983404034
1673,-212.6342664236166,335.5814192092442
1674,-200.65864897116694,342.87654741767636
1675,-188.43303582890806,349.7444941443703
1676,-175.97265858843352,356.1767027829286
1677,-163.29304132816947,362.1651596023516
1678,-150.40998127230606,367.7024037311486
1679,-137.33952910942367,372.78153645265456
1680,-124.09796899533215,377.3962297999725
1681,-110.70179826504256,381.5407344398313
1682,-97.1677068791406,385.2098868355399
1683,-83.51255663017453,388.3991156801106
1684,-69.75336013496124,391.1044475915385
1685,-55.90725963898417,393.32251206314044
1686,-41.9915056592901,395.05054566278716
1687,-28.023435492493306,396.2863954757949
1688,-14.020451614661582,397.02852178718973
1689,7.0255107750135135,420.3832983865442
1690,21.06868572498003,419.9137838245157
1691,35.08832963841716,418.9752790883799
1692,49.06878436002452,417.5688323683048
1693,62.994435503834,415.69601448601037
1694,76.84972989248853,413.3589171403607
1695,90.61919292815882,410.5601505712034
1696,104.28744587569687,407.3028406440638
1697,117.83922303872268,403.5906253589523
1698,131.25938880946165,399.4276507871815
1699,144.53295457328898,394.8185664407332
1700,157.64509544910194,389.76852007934605
1701,170.58116684682233,384.28315196112436
1702,183.32672082353727,378.3685885430883
1703,195.86752222000953,372.0314356387026
1704,208.1895645595361,365.2787710400247
1705,220.27908569139763,358.1181366127133
1706,232.12258316142623,350.55752987272547
1707,243.70682929252624,342.60539505411106
1708,255.01888595830303,334.2706136778794
1709,266.04611903330147,325.5624946324721
1710,276.7762125037135,316.4907637769217
1711,287.1971822227959,307.06555307830644
1712,297.2973892956345,297.2973892956345
1713,307.06555307830644,287.1971822227959
1714,316.49076377692177,276.77621250371345
1715,325.5624946324721,266.04611903330147
1716,334.2706136778794,255.018885958303
1717,342.6053950541111,243.70682929252618
1718,350.55752987272547,232.1225831614263
1719,358.1181366127133,220.27908569139757
1720,365.2787710400247,208.18956455953608
1721,372.03143563870265,195.86752222000948
1722,378.3685885430883,183.32672082353733
1723,384.28315196112436,170.58116684682238
1724,389.76852007934605,157.64509544910197
1725,394.81856644073315,144.532954573289
1726,399.4276507871815,131.25938880946168
1727,403.5906253589523,117.83922303872271
1728,407.30284064406385,104.28744587569678
1729,410.5601505712034,90.61919292815875
1730,413.35891714036075,76.84972989248843
1731,415.69601448601037,62.99443550383392
1732,417.56883236830487,49.06878436002444
1733,418.9752790883799,35.08832963841706
1734,419.9137838245157,21.068685724980018
1735,420.3832983865442,7.025510775013494
1736,420.3832983865442,-7.025510775013537
1737,419.9137838245157,-21.068685724980057
1738,418.9752790883799,-35.08832963841719
1739,417.5688323683048,-49.06878436002457
1740,415.69601448601037,-62.99443550383405
1741,413.3589171403607,-76.84972989248857
1742,410.5601505712034,-90.61919292815888
1743,407.3028406440638,-104.28744587569692
1744,403.5906253589523,-117.83922303872275
1745,399.4276507871815,-131.2593888094617
1746,394.81856644073315,-144.53295457328903
1747,389.76852007934605,-157.6450954491019
1748,384.28315196112436,-170.58116684682233
1749,378.3685885430883,-183.32672082353736
1750,372.0314356387026,-195.86752222000953
1751,365.27877104002465,-208.1895645595362
1752,358.1181366127133,-220.27908569139763
1753,350.5575298727254,-232.12258316142635
1754,342.60539505411106,-243.70682929252624
1755,334.2706136778793,-255.01888595830314
1756,325.5624946324721,-266.04611903330147
1757,316.4907637769218,-276.77621250371345
1758,307.06555307830644,-287.1971822227959
1759,297.2973892956345,-297.29738929563445
1760,287.19718222279585,-307.0655530783065
1761,276.7762125037135,-316.4907637769217
1762,266.0461190333014,-325.5624946324722
1763,255.01888595830303,-334.2706136778794
1764,243.70682929252618,-342.6053950541111
1765,232.12258316142623,-350.55752987272547
1766,220.27908569139754,-358.1181366127133
1767,208.1895645595361,-365.2787710400247
1768,195.8675222200094,-372.03143563870265
1769,183.32672082353727,-378.3685885430883
1770,170.58116684682224,-384.2831519611244
1771,157.6450954491019,-389.76852007934605
1772,144.53295457328883,-394.81856644073326
1773,131.25938880946163,-399.42765078718156
1774,117.83922303872257,-403.59062535895237
1775,104.28744587569682,-407.30284064406385
1776,90.61919292815868,-410.5601505712034
1777,76.84972989248847,-413.35891714036075
1778,62.99443550383385,-415.69601448601037
1779,49.068784360024644,-417.5688323683048
1780,35.08832963841717,-418.9752790883799
1781,21.06868572498014,-419.9137838245157
1782,7.025510775013521,-420.3832983865442
1783,-7.025510775013417,-420.3832983865442
1784,-21.068685724980032,-419.9137838245157
1785,-35.08832963841707,-418.9752790883799
1786,-49.06878436002455,-417.5688323683048
1787,-62.99443550383393,-415.69601448601037
1788,-76.84972989248854,-413.3589171403607
1789,-90.61919292815895,-410.56015057120334
1790,-104.28744587569689,-407.3028406440638
1791,-117.83922303872282,-403.5906253589523
1792,-131.25938880946168,-399.4276507871815
1793,-144.5329545732891,-394.81856644073315
1794,-157.64509544910197,-389.76852007934605
1795,-170.5811668468225,-384.2831519611243
1796,-183.32672082353736,-378.3685885430883
1797,-195.86752222000965,-372.03143563870253
1798,-208.18956455953617,-365.27877104002465
1799,-220.27908569139777,-358.11813661271316
1800,-232.12258316142635,-350.5575298727254
1801,-243.70682929252638,-342.605395054111
1802,-255.0188859583031,-334.27061367787934
1803,-266.04611903330164,-325.562494632472
1804,-276.77621250371357,-316.49076377692165
1805,-287.1971822227959,-307.06555307830644
1806,-297.29738929563445,-297.2973892956345
1807,-307.0655530783065,-287.19718222279585
1808,-316.4907637769217,-276.7762125037135
1809,-325.5624946324722,-266.0461190333014
1810,-334.27061367787934,-255.01888595830303
1811,-342.60539505411106,-243.70682929252632
1812,-350.5575298727256,-232.1225831614261
1813,-358.1181366127133,-220.27908569139754
1814,-365.2787710400247,-208.18956455953614
1815,-372.03143563870253,-195.86752222000962
1816,-378.3685885430883,-183.3267208235371
1817,-384.2831519611244,-170.58116684682227
1818,-389.76852007934605,-157.64509544910192
1819,-394.81856644073315,-144.53295457328906
1820,-399.42765078718156,-131.25938880946146
1821,-403.59062535895237,-117.83922303872258
1822,-407.3028406440638,-104.28744587569683
1823,-410.5601505712033,-90.61919292815925
1824,-413.3589171403607,-76.84972989248867
1825,-415.6960144860103,-62.99443550383425
1826,-417.56883236830475,-49.06878436002486
1827,-418.97527908837986,-35.08832963841757
1828,-419.9137838245157,-21.068685724980163
1829,-420.38329838654414,-7.025510775013734
1830,-420.3832983865442,7.025510775013205
1831,-419.9137838245157,21.068685724979634
1832,-418.9752790883799,35.088329638417044
1833,-417.56883236830487,49.06878436002433
1834,-415.6960144860104,62.99443550383372
1835,-413.3589171403608,76.84972989248814
1836,-410.5601505712034,90.61919292815874
1837,-407.30284064406385,104.28744587569669
1838,-403.5906253589524,117.83922303872245
1839,-399.4276507871815,131.25938880946168
1840,-394.8185664407332,144.53295457328892
1841,-389.76852007934616,157.64509544910177
1842,-384.2831519611245,170.58116684682213
1843,-378.3685885430883,183.32672082353733
1844,-372.03143563870265,195.86752222000948
1845,-365.27877104002476,208.189564559536
1846,-358.1181366127134,220.27908569139743
1847,-350.5575298727254,232.1225831614263
1848,-342.60539505411106,243.70682929252624
1849,-334.27061367787945,255.01888595830295
1850,-325.56249463247224,266.0461190333013
1851,-316.4907637769217,276.77621250371357
1852,-307.0655530783065,287.1971822227959
1853,-297.2973892956345,297.2973892956344
1854,-287.19718222279596,307.0655530783063
1855,-276.77621250371345,316.4907637769218
1856,-266.04611903330147,325.5624946324721
1857,-255.0188859583031,334.27061367787934
1858,-243.70682929252638,342.605395054111
1859,-232.12258316142615,350.5575298727256
1860,-220.27908569139757,358.1181366127133
1861,-208.18956455953614,365.27877104002465
1862,-195.86752222000962,372.03143563870253
1863,-183.32672082353713,378.3685885430883
1864,-170.5811668468223,384.2831519611244
1865,-157.64509544910194,389.76852007934605
1866,-144.5329545732891,394.81856644073315
1867,-131.25938880946148,399.42765078718156
1868,-117.83922303872261,403.59062535895237
1869,-104.28744587569723,407.30284064406374
1870,-90.61919292815928,410.5601505712033
1871,-76.8497298924887,413.3589171403607
1872,-62.99443550383427,415.6960144860103
1873,-49.068784360024885,417.56883236830475
1874,-35.0883296384176,418.97527908837986
1875,-21.068685724980188,419.9137838245157
1876,-7.025510775013759,420.38329838654414
1877,0.0,444.31000000000006
1878,14.026222346002967,444.08855106465035
1879,28.03846304853403,443.4244250037159
1880,42.02275440132757,442.31828383249746
1881,55.965156558637595,440.7712301765704
1882,69.85177143077921,438.78480617266393
1883,83.66875653804657,436.360991931425
1884,97.40233880919774,433.5022035636016
1885,111.03882831075173,430.2112907716108
1886,124.5646318934117,426.4915340088932
1887,137.96626674201198,422.34664120988583
1888,151.2303738154814,417.78074409387256
1889,164.34373116342596,412.798394046396
1890,177.29326710605645,407.40455758233804
1891,190.06607326432325,401.60461139518924
1892,202.6494174272693,395.40433699744415
1893,215.0307562437747,388.809914957464
1894,227.19774772604222,381.8279187385513
1895,239.1382635523587,374.46530814637913
1896,250.8404011568703,366.7294223913053
1897,262.292495594319,358.62797277248774
1898,273.48313116791314,350.1690349910941
1899,284.40115280874306,341.3610411002668
1900,295.03567719539575,332.21277109986954
1901,305.3761036026867,322.7333441843919
1902,315.41212446869315,312.93220965273883
1903,325.13373566955596,302.81913748896284
1904,334.5312464918078,292.4042086233326
1905,343.5952892922873,281.69780488344134
1906,352.3168288360094,270.7105986453764
1907,360.6871713026838,259.4535421952618
1908,368.69797295290437,247.93785681178144
1909,376.3412484453701,236.17502158056473
1910,383.60937879684695,224.17676195158424
1911,390.4951189769355,211.9550380509721
1912,396.9916051300758,199.5220327589062
1913,403.0923614175869,186.89013956545045
1914,408.79130647292436,174.0719502164541
1915,414.08275946371833,161.0802421618257
1916,418.961445754551,147.92796581869325
1917,423.4225021648276,134.62823166214653
1918,427.46148181650085,121.19429715643123
1919,431.0743585668157,107.63955353961892
1920,434.2575310216557,93.9775124749307
1921,437.0078261254916,80.22179258201712
1922,439.3225023243512,66.38610586162218
1923,441.1992522986608,52.48424402716244
1924,442.63620526323103,38.53006475684733
1925,443.63192883209655,24.53747788004393
1926,444.18543044634924,10.520431511657357
1927,444.29615836354265,-3.5071018516547214
1928,443.96400220768083,-17.531139259569937
1929,443.1892930792435,-31.53770124660999
1930,441.97280322513814,-45.51282576717646
1931,440.315745268907,-59.44258211322108
1932,438.21977100195807,-73.31308480067874
1933,435.686969737023,-87.11050741081948
1934,432.71986622548536,-100.82109637272409
1935,429.3214181406528,-114.43118467314228
1936,425.4950131294847,-127.92720548006865
1937,421.24446543571145,-141.295705666456
1938,416.57401209771365,-154.52335922058512
1939,411.48830872495,-167.59698052972286
1940,405.9924248571445,-180.50353752382773
1941,400.0918389108594,-193.2301646662006
1942,393.79243271848964,-205.76417577813172
1943,387.10048566512495,-218.09307668475958
1944,380.0226684291226,-230.20457766953547
1945,372.56603633262915,-242.0866057248812
1946,364.73802230868273,-253.72731658682503
1947,356.54642949190304,-265.11510654162174
1948,347.9994234401583,-276.23862399258627
1949,339.1055239949577,-287.08678077561365
1950,329.8735967886898,-297.64876321210033
1951,320.31284440716666,-307.9140428882552
1952,310.4327972162861,-317.87238715005157
1953,300.24330386195567,-327.5138693033585
1954,289.7545214527487,-336.82887850908605
1955,278.97690543507696,-345.8081293634784
1956,267.9211991709747,-354.4426711540062
1957,256.5984232288814,-362.7238967816318
1958,245.0198643981006,-370.64355134055205
1959,233.19706443788087,-378.19374034686894
1960,221.14180857234075,-385.3669376079819
1961,208.8661137427005,-392.1559927248612
1962,196.38221662853388,-398.55413821971996
1963,183.70256144997975,-404.5549962819845
1964,170.83978756307263,-410.1525851258337
1965,157.8067168605585,-415.34132495297354
1966,144.61634099075215,-420.11604351470146
1967,131.28180840718025,-424.4719812677163
1968,117.81641126191695,-428.40479611853425
1969,104.23357215567744,-431.91056775178265
1970,90.5468307578776,-434.98580153805517
1971,76.76983030999732,-437.6274320174345
1972,62.91630402570025,-439.8328259552096
1973,49.00006140126844,-441.5997849667411
1974,35.03497444999574,-442.92654770885906
1975,21.034963874262836,-443.8117916356082
1976,7.013985189078976,-444.2546343165904
1977,-7.013985189079064,-444.2546343165904
1978,-21.03496387426292,-443.8117916356082
1979,-35.03497444999602,-442.92654770885906
1980,-49.000061401268724,-441.5997849667411
1981,-62.916304025700335,-439.8328259552096
1982,-76.76983030999722,-437.62743201743456
1983,-90.5468307578775,-434.9858015380552
1984,-104.23357215567732,-431.91056775178265
1985,-117.81641126191685,-428.4047961185343
1986,-131.28180840718016,-424.4719812677163
1987,-144.61634099075224,-420.11604351470146
1988,-157.8067168605586,-415.34132495297354
1989,-170.83978756307272,-410.15258512583364
1990,-183.70256144997967,-404.5549962819845
1991,-196.3822166285338,-398.55413821972
1992,-208.86611374270058,-392.1559927248611
1993,-221.1418085723408,-385.3669376079819
1994,-233.1970644378811,-378.19374034686876
1995,-245.01986439810085,-370.6435513405519
1996,-256.5984232288817,-362.72389678163165
1997,-267.92119917097466,-354.4426711540062
1998,-278.97690543507684,-345.80812936347843
1999,-289.7545214527486,-336.82887850908617
2000,-300.2433038619556,-327.5138693033586
2001,-310.43279721628596,-317.8723871500516
2002,-320.3128444071667,-307.9140428882552
2003,-329.8735967886899,-297.6487632121002
2004,-339.10552399495776,-287.08678077561353
2005,-347.9994234401582,-276.2386239925864
2006,-356.5464294919032,-265.1151065416215
2007,-364.7380223086827,-253.7273165868251
2008,-372.5660363326292,-242.08660572488114
2009,-380.02266842912275,-230.2045776695352
2010,-387.100485665125,-218.0930766847595
2011,-393.79243271848964,-205.76417577813163
2012,-400.09183891085934,-193.2301646662007
2013,-405.99242485714456,-180.50353752382765
2014,-411.4883087249499,-167.59698052972303
2015,-416.57401209771365,-154.52335922058512
2016,-421.24446543571133,-141.2957056664562
2017,-425.4950131294848,-127.92720548006828
2018,-429.32141814065284,-114.4311846731422
2019,-432.7198662254853,-100.82109637272428
2020,-435.686969737023,-87.1105074108195
2021,-438.21977100195807,-73.31308480067855
2022,-440.31574526890705,-59.44258211322081
2023,-441.9728032251382,-45.51282576717637
2024,-443.18929307924355,-31.537701246609704
2025,-443.96400220768083,-17.531139259569848
2026,-444.29615836354265,-3.507101851654534
2027,-444.18543044634924,10.520431511657348
2028,-443.63192883209655,24.537477880044115
2029,-442.63620526323103,38.53006475684712
2030,-441.1992522986608,52.48424402716243
2031,-439.3225023243512,66.38610586162199
2032,-437.0078261254916,80.2217925820171
2033,-434.2575310216558,93.9775124749304
2034,-431.0743585668157,107.6395535396188
2035,-427.46148181650096,121.19429715643093
2036,-423.4225021648275,134.62823166214685
2037,-418.9614457545509,147.92796581869354
2038,-414.08275946371833,161.08024216182577
2039,-408.79130647292425,174.07195021645435
2040,-403.09236141758686,186.89013956545054
2041,-396.99160513007564,199.52203275890645
2042,-390.4951189769355,211.9550380509721
2043,-383.60937879684684,224.17676195158438
2044,-376.3412484453702,236.17502158056465
2045,-368.69797295290437,247.93785681178147
2046,-360.68717130268385,259.45354219526166
2047,-352.3168288360094,270.7105986453764
2048,-343.59528929228753,281.6978048834412
2049,-334.53124649180785,292.40420862333247
2050,-325.13373566955613,302.8191374889626
2051,-315.412124468693,312.93220965273895
2052,-305.3761036026864,322.73334418439225
2053,-295.03567719539564,332.21277109986966
2054,-284.4011528087428,341.361041100267
2055,-273.48313116791303,350.1690349910941
2056,-262.2924955943188,358.6279727724879
2057,-250.8404011568703,366.7294223913053
2058,-239.13826355235855,374.46530814637924
2059,-227.19774772604222,381.82791873855126
2060,-215.03075624377462,388.80991495746406
2061,-202.6494174272694,395.40433699744415
2062,-190.06607326432322,401.60461139518924
2063,-177.29326710605665,407.40455758233793
2064,-164.343731163426,412.79839404639597
2065,-151.23037381548167,417.78074409387244
2066,-137.96626674201173,422.34664120988595
2067,-124.56463189341166,426.4915340088932
2068,-111.03882831075154,430.21129077161083
2069,-97.4023388091974,433.5022035636017
2070,-83.66875653804645,436.360991931425
2071,-69.85177143077892,438.784806172664
2072,-55.96515655863756,440.77123017657044
2073,-42.02275440132736,442.31828383249746
2074,-28.038463048534062,443.42442500371584
2075,-14.026222346002841,444.08855106465035
2076,7.0141667613168055,468.82753317680107
2077,21.03622165474944,468.4078690398917
2078,35.03944628080261,467.5689164223118
2079,49.011305856937355,466.311426300276
2080,62.9392936765823,464.63652429774936
2081,76.81094230432979,462.5457096788608
2082,90.61383473597903,460.04085400585967
2083,104.3356155134367,457.1241994638135
2084,117.96400178452517,453.79835685354857
2085,131.48679429779858,450.0663032546299
2086,144.89188832252535,445.9313793604716
2087,158.16728448406135,441.3972864879643
2088,171.3010995049153,436.46808326429453
2089,184.28157684189173,431.14818199392425
2090,197.0970972097891,425.4423447089806
2091,209.7361889822338,419.35567890659206
2092,222.18753846033962,412.89363297698736
2093,234.44,406.06199132644764
2094,246.4826059887494,398.8668691994798
2095,258.3045766632618,391.31470720484447
2096,269.8953297586986,383.41226555033865
2097,281.24448998126894,375.1666179914945
2098,292.341898295523,366.58514549960984
2099,303.1776210180641,357.6755296547796
2100,313.74195870954145,348.4457457698407
2101,324.02545485696106,338.90405575138743
2102,334.0189043385466,329.05900070424593
2103,343.71336166356895,318.91939328602876
2104,353.1001489797731,308.49430981861246
2105,362.1708638412302,297.79308216360084
2106,370.9173867296653,286.82528936904424
2107,379.33188832252534,275.60074909489487
2108,387.4068365012837,264.12950882487115
2109,395.1350030937059,252.42183687259921
2110,402.509470344043,240.4882131900813
2111,409.52363710535985,228.33931998671974
2112,416.1712247484553,215.98603216729254
2113,422.44628278208626,203.43940759744078
2114,428.3431941794627,190.71067720538122
2115,433.8566804062476,177.81123492870515
2116,438.98180614556003,164.75262751526
2117,443.71398371575214,151.5465441872473
2118,448.0489771770057,138.20480617778472
2119,451.9829061230717,124.73935614930267
2120,455.51224915475973,111.16224750324247
2121,458.6338470320668,97.48563359063107
2122,461.3449055021255,83.72175683318478
2123,463.6429978004383,69.88293776468467
2124,465.5260668231607,55.981564002429835
2125,466.99242696848773,42.030079158641925
2126,468.0407656454957,28.040971701747615
2127,468.6701444490891,14.026763777507508
2128,468.88000000000005,2.871061955921055e-14
2129,468.6701444490891,-14.02676377750745
2130,468.0407656454957,-28.04097170174766
2131,466.99242696848773,-42.030079158641875
2132,465.52606682316076,-55.98156400242977
2133,463.6429978004383,-69.88293776468461
2134,461.3449055021255,-83.72175683318473
2135,458.63384703206685,-97.48563359063101
2136,455.5122491547598,-111.16224750324241
2137,451.98290612307176,-124.73935614930262
2138,448.0489771770057,-138.20480617778477
2139,443.71398371575214,-151.54654418724726
2140,438.98180614556003,-164.75262751525995
2141,433.8566804062477,-177.811234928705
2142,428.3431941794627,-190.71067720538124
2143,422.4462827820863,-203.43940759744063
2144,416.1712247484553,-215.9860321672926
2145,409.5236371053598,-228.33931998671977
2146,402.509470344043,-240.48821319008124
2147,395.13500309370596,-252.42183687259904
2148,387.40683650128386,-264.129508824871
2149,379.3318883225254,-275.6007490948948
2150,370.9173867296654,-286.8252893690441
2151,362.17086384123036,-297.7930821636007
2152,353.10014897977317,-308.4943098186124
2153,343.7133616635689,-318.91939328602876
2154,334.0189043385467,-329.0590007042458
2155,324.0254548569612,-338.9040557513873
2156,313.74195870954156,-348.4457457698406
2157,303.17762101806414,-357.67552965477955
2158,292.34189829552304,-366.5851454996098
2159,281.2444899812691,-375.1666179914944
2160,269.8953297586986,-383.41226555033865
2161,258.3045766632621,-391.3147072048443
2162,246.48260598874958,-398.86686919947977
2163,234.44,-406.06199132644764
2164,222.18753846033968,-412.89363297698736
2165,209.73618898223395,-419.355678906592
2166,197.09709720978907,-425.4423447089806
2167,184.28157684189176,-431.1481819939242
2168,171.30109950491544,-436.4680832642945
2169,158.16728448406153,-441.39728648796427
2170,144.8918883225254,-445.9313793604716
2171,131.4867942977985,-450.0663032546299
2172,117.96400178452534,-453.7983568535485
2173,104.33561551343675,-457.1241994638135
2174,90.61383473597894,-460.04085400585967
2175,76.81094230432996,-462.5457096788608
2176,62.939293676582366,-464.63652429774925
2177,49.01130585693749,-466.311426300276
2178,35.03944628080259,-467.5689164223118
2179,21.0362216547495,-468.40786903989164
2180,7.0141667613169325,-468.82753317680107
2181,-7.014166761316818,-468.82753317680107
2182,-21.036221654749383,-468.4078690398917
2183,-35.03944628080248,-467.5689164223118
2184,-49.011305856937376,-466.311426300276
2185,-62.93929367658204,-464.63652429774936
2186,-76.81094230432964,-462.5457096788608
2187,-90.61383473597904,-460.04085400585967
2188,-104.33561551343665,-457.1241994638135
2189,-117.96400178452502,-453.79835685354857
2190,-131.48679429779858,-450.0663032546299
2191,-144.8918883225253,-445.9313793604717
2192,-158.1672844840612,-441.3972864879644
2193,-171.30109950491513,-436.46808326429465
2194,-184.28157684189168,-431.14818199392425
2195,-197.09709720978915,-425.4423447089805
2196,-209.73618898223367,-419.3556789065921
2197,-222.18753846033957,-412.8936329769874
2198,-234.44000000000008,-406.06199132644764
2199,-246.4826059887493,-398.86686919947994
2200,-258.3045766632618,-391.31470720484447
2201,-269.8953297586985,-383.41226555033865
2202,-281.244489981269,-375.16661799149443
2203,-292.3418982955229,-366.5851454996099
2204,-303.17762101806403,-357.67552965477967
2205,-313.7419587095415,-348.44574576984064
2206,-324.02545485696095,-338.90405575138755
2207,-334.0189043385465,-329.059000704246
2208,-343.713361663569,-318.9193932860287
2209,-353.1001489797731,-308.4943098186125
2210,-362.1708638412301,-297.79308216360107
2211,-370.9173867296652,-286.82528936904436
2212,-379.33188832252534,-275.60074909489487
2213,-387.4068365012835,-264.1295088248714
2214,-395.13500309370585,-252.42183687259933
2215,-402.509470344043,-240.48821319008135
2216,-409.52363710535985,-228.3393199867197
2217,-416.17122474845524,-215.98603216729268
2218,-422.44628278208626,-203.43940759744075
2219,-428.3431941794628,-190.71067720538116
2220,-433.85668040624756,-177.8112349287053
2221,-438.98180614556003,-164.75262751526006
2222,-443.7139837157522,-151.54654418724718
2223,-448.0489771770058,-138.2048061777846
2224,-451.9829061230717,-124.73935614930272
2225,-455.5122491547598,-111.16224750324243
2226,-458.6338470320667,-97.48563359063164
2227,-461.3449055021254,-83.72175683318525
2228,-463.64299780043825,-69.88293776468504
2229,-465.5260668231607,-55.98156400243
2230,-466.99242696848773,-42.03007915864199
2231,-468.0407656454957,-28.04097170174799
2232,-468.6701444490891,-14.02676377750819
2233,-468.88000000000005,-5.025809561066263e-13
2234,-468.67014444908915,14.026763777507185
2235,-468.0407656454957,28.0409717017474
2236,-466.9924269684878,42.0300791586414
2237,-465.52606682316076,55.98156400242941
2238,-463.64299780043837,69.88293776468446
2239,-461.34490550212564,83.72175683318427
2240,-458.6338470320669,97.48563359063063
2241,-455.5122491547599,111.16224750324186
2242,-451.98290612307187,124.73935614930215
2243,-448.04897717700584,138.20480617778443
2244,-443.71398371575225,151.546544187247
2245,-438.9818061455601,164.7526275152599
2246,-433.8566804062478,177.81123492870475
2247,-428.343194179463,190.7106772053806
2248,-422.44628278208654,203.4394075974402
2249,-416.17122474845553,215.98603216729217
2250,-409.52363710535997,228.33931998671954
2251,-402.50947034404305,240.48821319008118
2252,-395.13500309370613,252.42183687259885
2253,-387.4068365012841,264.1295088248706
2254,-379.33188832252574,275.6007490948944
2255,-370.91738672966557,286.8252893690439
2256,-362.1708638412304,297.7930821636006
2257,-353.10014897977345,308.4943098186121
2258,-343.7133616635693,318.9193932860284
2259,-334.01890433854675,329.05900070424576
2260,-324.0254548569615,338.90405575138703
2261,-313.74195870954173,348.4457457698404
2262,-303.1776210180644,357.6755296547794
2263,-292.3418982955234,366.58514549960955
2264,-281.24448998126934,375.16661799149426
2265,-269.89532975869884,383.4122655503385
2266,-258.30457666326197,391.31470720484435
2267,-246.48260598874978,398.8668691994796
2268,-234.4400000000006,406.0619913264473
2269,-222.1875384603401,412.8936329769871
2270,-209.73618898223418,419.3556789065919
2271,-197.0970972097893,425.44234470898044
2272,-184.28157684189182,431.1481819939242
2273,-171.30109950491567,436.46808326429436
2274,-158.167284484062,441.3972864879641
2275,-144.89188832252586,445.93137936047145
2276,-131.48679429779895,450.06630325462976
2277,-117.9640017845254,453.79835685354846
2278,-104.33561551343682,457.12419946381345
2279,-90.6138347359794,460.0408540058596
2280,-76.81094230433001,462.5457096788608
2281,-62.939293676582835,464.63652429774925
2282,-49.01130585693775,466.311426300276
2283,-35.03944628080286,467.5689164223118
2284,-21.03622165474997,468.40786903989164
2285,-7.0141667613172,468.82753317680107
2286,0.0,494.15200000000004
2287,14.047196042767435,493.952300720764
2288,28.0830384335208,493.3533642900811
2289,42.09618269683998,492.35567479856905
2290,56.07530270307572,490.9600386291724
2291,70.00909982269864,489.1675838054025
2292,83.88631205842127,486.9797590796123
2293,97.69572314771189,484.3983327620417
2294,111.42617162834345,481.42539129158007
2295,125.06655985965008,478.0633375494011
2296,138.60586299219966,474.314888916833
2297,152.033137878633,470.1830750790341
2298,165.33753191846702,465.67123557624853
2299,178.508291829714,460.78301710462125
2300,191.53477234022583,455.5223705687547
2301,204.4064447917397,449.8935478883883
2302,217.11290564967055,443.90109856178236
2303,229.64388491177235,437.549865988585
2304,241.98925440887123,430.8449835551514
2305,254.13903599096304,423.79187048548255
2306,266.08340959205646,416.39622746113577
2307,277.81272116724625,408.66403201364557
2308,289.31749049559824,400.6015336931818
2309,300.5884188425423,392.2152490173482
2310,311.61639647557826,383.511956204204
2311,322.39251002722096,374.49868969376683
2312,332.9080496992336,365.1827344624232
2313,343.1545163023248,355.57162013484367
2314,353.123628125623,345.6731148981604
2315,362.8073276303718,335.4952192233268
2316,372.1977879624396,325.0461593987335
2317,381.2874192783774,314.3343808813075
2318,390.0688748799129,303.3685414704676
2319,398.53505715192273,292.15750431045535
2320,406.67912329908216,280.7103307266941
2321,414.49449087655785,269.0362729019697
2322,421.97484311027154,257.14476639834953
2323,429.1141340024352,245.04542253088542
2324,435.9065932182308,232.74802059926506
2325,442.3467307496868,220.26249998368797
2326,448.4293413529785,207.5989521113581
2327,454.14950875556895,194.76761230008304
2328,459.50260962978797,181.77885148557488
2329,464.48431732963917,168.6431678391364
2330,469.0906053878126,155.37117828251002
2331,473.31775077007933,141.97360990674687
2332,477.162336884435,128.46129130203013
2333,480.62125634256176,114.84514380546354
2334,483.6917134713765,101.13617267389493
2335,486.3712265726342,87.34545818891425
2336,488.6576299287621,73.48414670121028
2337,490.5490755533016,59.563441621528376
2338,492.04403468454393,45.59459436550962
2339,493.1412990211527,31.58889525972853
2340,493.8399816987738,17.557664416282904
2341,494.1395180068439,3.5122425833078537
2342,494.0396658450182,-10.536018021188685
2343,493.54050591884766,-24.575762884759854
2344,492.6424416745492,-38.59564437781048
2345,491.3461989729199,-52.58433092532238
2346,489.6528255026597,-66.53051616560535
2347,487.5636899335767,-80.42292808866834
2348,485.08048081035895,-94.25033814682587
2349,482.20520518780785,-108.00157033017706
2350,478.94018700863506,-121.6655101996194
2351,475.28806522513497,-135.23111387009982
2352,471.25179166625014,-148.6874169368384
2353,466.8346286517548,-162.0235433373132
2354,462.04014635548316,-175.2287141418431
2355,456.872219919735,-188.29225626566094
2356,451.3350263231905,-201.2036110954398
2357,445.4330410048652,-213.95234302329612
2358,439.17103424683484,-226.52814788137366
2359,432.5540673186526,-238.92086127019263
2360,425.5874883865762,-251.12046677402842
2361,418.2769281909103,-263.11710405668435
2362,410.6282954949579,-274.90107683111313
2363,402.6477723092605,-286.46286069644333
2364,394.341808894985,-297.7931108360823
2365,385.71711855049784,-308.88266957066594
2366,376.78067218533903,-319.7225737597584
2367,367.5396926859805,-330.3040620463137
2368,358.0016490779267,-340.6185819380456
2369,348.17425048887037,-350.6577967199837
2370,338.0654399177877,-360.41359219262625
2371,327.6833878150056,-369.87808323024586
2372,317.0364854784318,-379.0436201540453
2373,306.13333827128554,-387.9027949150131
2374,294.98275866680854,-396.448447081483
2375,283.59375912558016,-404.67366962655535
2376,271.975544811192,-412.5718145107047
2377,260.13750615017125,-420.13649805506026
2378,248.08921124216369,-427.3616061010174
2379,235.84039812651466,-434.2412989520079
2380,223.40096691149301,-440.77001609343847
2381,210.78097177252533,-446.94248068697823
2382,197.99061282590475,-452.75370383556526
2383,185.04022788454233,-458.19898861568504
2384,171.9402841024258,-463.2739338736609
2385,158.70136951453722,-467.97443778288823
2386,145.3341844790707,-472.29670115913734
2387,131.84953302886163,-476.23723053124604
2388,118.25831413902522,-479.7928409647185
2389,104.57151291785259,-482.96065863595084
2390,90.80019172809389,-485.73812315499947
2391,76.95548124579955,-488.1229896350175
2392,63.04857146394494,-490.1133305066858
2393,49.090702648116554,-491.70753707617115
2394,35.09315625155969,-492.90432082535415
2395,21.067245796941737,-493.70271445327427
2396,7.024307732191128,-494.10207265795145
2397,-7.024307732191007,-494.10207265795145
2398,-21.067245796941613,-493.7027144532743
2399,-35.09315625155978,-492.90432082535415
2400,-49.090702648116434,-491.7075370761712
2401,-63.04857146394503,-490.1133305066858
2402,-76.95548124579943,-488.1229896350175
2403,-90.80019172809398,-485.73812315499947
2404,-104.57151291785246,-482.9606586359509
2405,-118.25831413902509,-479.79284096471855
2406,-131.84953302886174,-476.237230531246
2407,-145.3341844790706,-472.29670115913734
2408,-158.70136951453733,-467.97443778288823
2409,-171.94028410242575,-463.27393387366095
2410,-185.04022788454242,-458.19898861568504
2411,-197.99061282590463,-452.7537038355653
2412,-210.78097177252542,-446.9424806869782
2413,-223.40096691149293,-440.7700160934385
2414,-235.84039812651454,-434.241298952008
2415,-248.08921124216374,-427.36160610101734
2416,-260.137506150171,-420.13649805506043
2417,-271.9755448111921,-412.57181451070466
2418,-283.5937591255801,-404.6736696265554
2419,-294.9827586668086,-396.4484470814829
2420,-306.1333382712854,-387.90279491501315
2421,-317.03648547843153,-379.04362015404547
2422,-327.6833878150055,-369.8780832302459
2423,-338.0654399177876,-360.41359219262637
2424,-348.1742504888704,-350.6577967199836
2425,-358.0016490779266,-340.6185819380457
2426,-367.53969268598047,-330.3040620463138
2427,-376.7806721853391,-319.7225737597583
2428,-385.71711855049796,-308.8826695706659
2429,-394.34180889498487,-297.7931108360824
2430,-402.64777230926035,-286.46286069644367
2431,-410.6282954949577,-274.9010768311134
2432,-418.27692819091027,-263.11710405668447
2433,-425.5874883865761,-251.12046677402853
2434,-432.55406731865264,-238.92086127019255
2435,-439.1710342468348,-226.52814788137377
2436,-445.4330410048651,-213.95234302329624
2437,-451.33502632319056,-201.20361109543973
2438,-456.872219919735,-188.29225626566097
2439,-462.0401463554831,-175.22871414184323
2440,-466.8346286517547,-162.02354333731355
2441,-471.25179166625014,-148.68741693683842
2442,-475.2880652251349,-135.23111387010002
2443,-478.9401870086351,-121.6655101996193
2444,-482.20520518780785,-108.00157033017696
2445,-485.080480810359,-94.25033814682554
2446,-487.56368993357665,-80.42292808866857
2447,-489.6528255026597,-66.53051616560536
2448,-491.3461989729199,-52.5843309253225
2449,-492.6424416745491,-38.59564437781071
2450,-493.54050591884766,-24.575762884759865
2451,-494.0396658450182,-10.536018021188804
2452,-494.1395180068439,3.5122425833079522
2453,-493.8399816987738,17.557664416282567
2454,-493.1412990211527,31.58889525972852
2455,-492.04403468454393,45.59459436550983
2456,-490.5490755533017,59.56344162152804
2457,-488.6576299287621,73.48414670121015
2458,-486.3712265726342,87.34545818891404
2459,-483.69171347137643,101.13617267389503
2460,-480.62125634256176,114.84514380546341
2461,-477.16233688443504,128.46129130203002
2462,-473.3177507700793,141.97360990674696
2463,-469.09060538781273,155.37117828250962
2464,-464.4843173296392,168.64316783913617
2465,-459.50260962978797,181.778851485575
2466,-454.14950875556895,194.76761230008304
2467,-448.42934135297855,207.59895211135787
2468,-442.3467307496869,220.2624999836877
2469,-435.9065932182308,232.74802059926503
2470,-429.11413400243504,245.0454225308857
2471,-421.9748431102717,257.1447663983492
2472,-414.49449087655785,269.0362729019697
2473,-406.6791232990822,280.710330726694
2474,-398.5350571519229,292.1575043104551
2475,-390.068874879913,303.3685414704676
2476,-381.28741927837746,314.33438088130737
2477,-372.19778796243946,325.04615939873366
2478,-362.80732763037173,335.49521922332684
2479,-353.123628125623,345.6731148981603
2480,-343.1545163023246,355.5716201348438
2481,-332.90804969923386,365.18273446242296
2482,-322.3925100272211,374.4986896937668
2483,-311.6163964755781,383.5119562042041
2484,-300.5884188425422,392.21524901734824
2485,-289.3174904955983,400.6015336931818
2486,-277.8127211672464,408.66403201364545
2487,-266.08340959205646,416.39622746113577
2488,-254.13903599096273,423.7918704854828
2489,-241.98925440887146,430.84498355515126
2490,-229.64388491177226,437.54986598858505
2491,-217.1129056496706,443.90109856178236
2492,-204.40644479173986,449.8935478883882
2493,-191.53477234022574,455.52237056875475
2494,-178.50829182971407,460.78301710462125
2495,-165.3375319184668,465.6712355762486
2496,-152.03313787863328,470.183075079034
2497,-138.6058629921997,474.31488891683296
2498,-125.06655985964984,478.0633375494011
2499,-111.42617162834377,481.42539129158
2500,-97.6957231477119,484.3983327620417
2501,-83.88631205842142,486.9797590796122
2502,-70.0090998226985,489.1675838054025
2503,-56.075302703075714,490.9600386291724
2504,-42.09618269684011,492.35567479856905
2505,-28.083038433520645,493.3533642900811
2506,-14.047196042767855,493.952300720764
2507,7.012766140534288,520.0787219133833
2508,21.03319911725744,519.7005487883324
2509,35.03833788888271,518.9444775252788
2510,49.017998675776575,517.8110578983628
2511,62.962016224518436,516.3011140690513
2512,76.86025119952313,514.4157439868519
2513,90.7025975558176,512.156318590943
2514,104.47898988761033,509.5244808133018
2515,118.17941074731016,506.52214438405224
2516,131.79389792967248,503.1514924399044
2517,145.31255171577646,499.4149759366952
2518,158.72554207156486,495.31531186718627
2519,172.02311579571386,490.8554812854131
2520,185.19560361163317,486.03872713902433
2521,198.23342719844158,480.86855191118525
2522,211.12710615580343,475.3487150737616
2523,223.8672648975639,469.4832303536347
2524,236.4446394691675,463.2763628141366
2525,248.85008428390537,456.73262575372615
2526,261.0745787730915,449.856777424163
2527,273.109233945332,442.6538175705638
2528,284.94529885011957,435.1289837958581
2529,296.5741669410513,427.28774775228635
2530,307.9873823340437,419.1358111627109
2531,319.1766459559945,410.6791016746309
2532,330.13382157942016,401.9237685499175
2533,340.85094173868004,392.8761781934036
2534,351.32021352348687,383.5429095235782
2535,361.5340242454897,373.93074918875254
2536,371.4849469738094,364.04668663217655
2537,381.1657459355008,353.8979090096936
2538,390.569381777016,343.49179596362933
2539,399.6890166828414,332.83591425671517
2540,408.51801934758714,321.93801226994697
2541,417.0499697979146,310.8060143683815
2542,425.27866406079295,299.44801513896755
2543,433.1981186746934,287.8722735045984
2544,440.802575040439,276.08720671867104
2545,448.08650360854614,264.101384244514
2546,455.0446079000143,251.923521524137
2547,461.6718283576391,239.56247364083282
2548,467.96334602504845,227.02722888023993
2549,473.9145860507876,214.32690219454653
2550,479.5212210149033,201.47072857459057
2551,484.7791740756098,188.46805633467366
2552,489.6846219337475,175.32834031497273
2553,494.2339976128799,162.06113500649056
2554,498.42399305300535,148.67608760354773
2555,502.2515615159998,135.18293098886397
2556,505.7139198010401,121.59147665633168
2557,508.80855026839686,107.91160757662895
2558,511.5332026701259,94.15327101085748
2559,513.8858957863274,80.3264712774312
2560,515.8649188657811,66.44126247747843
2561,517.4688328699128,52.507741184042025
2562,518.696471519185,38.53603910039766
2563,519.5469421411524,24.536315692827564
2564,520.0196263195652,10.518750803205185
2565,520.1141803440474,-3.5064627532348736
2566,519.8305354600253,-17.52912659956119
2567,519.1688979187214,-31.539044212853323
2568,518.1297488271798,-45.526028338562625
2569,516.7138437984314,-59.47990839813259
2570,514.9222124020529,-73.39053788449323
2571,512.7561574155189,-87.24780174005315
2572,510.2172538768937,-101.04162371182208
2573,507.3073479395478,-114.76197367831679
2574,504.02855552973523,-128.39887494292432
2575,500.3832608080067,-141.94241148841482
2576,496.3741144355767,-155.38273518733385
2577,492.0040316469059,-168.7100729630287
2578,487.2761901299008,-181.91473389610007
2579,482.1940277152701,-194.98711627111527
2580,476.7612398767207,-207.91771455845713
2581,470.98177704380896,-220.69712632622998
2582,464.8598417294019,-233.31605907720007
2583,458.39988547383655,-245.7653370057983
2584,451.6066056080017,-258.03590767026776
2585,444.48494183769157,-270.1188485751116
2586,437.04007265171975,-282.0053736590486
2587,429.2774115564017,-293.6868396837622
2588,421.2026031391462,-305.15475251879496
2589,412.82151896401547,-316.4007733180232
2590,404.1402533022426,-327.4167245832125
2591,395.1651187008067,-338.19459611025337
2592,385.90264139228884,-348.7265508137495
2593,376.3595565493506,-359.0049304257203
2594,366.54280338727904,-369.02226106428134
2595,356.4595201181652,-378.7712586682462
2596,346.117038760383,-388.24483429370133
2597,335.52287980714016,-397.4360992687044
2598,324.6847467579834,-406.33837020235273
2599,313.6105205172307,-414.9451738445836
2600,302.30825366340207,-423.2502517931729
2601,290.78616459382135,-431.2475650445057
2602,279.0526315486412,-438.9312983848137
2603,267.1161865186405,-446.2958646186843
2604,254.9855090412212,-453.33590863176653
2605,242.6694198891194,-460.0463112847209
2606,230.17687465641507,-466.4221931355808
2607,217.51695724650796,-472.45891798781923
2608,204.6988732667963,-478.1520962615391
2609,191.73194333485483,-483.49758818533945
2610,178.6255963009862,-488.4915068065331
2611,165.389362392072,-493.130220817528
2612,152.03286628170503,-497.41035719631867
2613,138.56582009164856,-501.32880365916435
2614,124.99801632970686,-504.88271092367427
2615,111.33932076914155,-508.0694947806513
2616,97.59966527481562,-510.8868379731896
2617,83.78904058127908,-513.3326918816576
2618,69.91748902804491,-515.4052780133449
2619,55.99509725734464,-517.1030892956844
2620,42.03198887966742,-518.4248911721153
2621,28.03831711241671,-519.369722499785
2622,14.024257397040447,-519.9368962484406
2623,6.369706410533163e-14,-520.1260000000001
2624,-14.02425739704032,-519.9368962484406
2625,-28.038317112416813,-519.369722499785
2626,-42.03198887966752,-518.4248911721153
2627,-55.99509725734452,-517.1030892956844
2628,-69.91748902804478,-515.4052780133449
2629,-83.78904058127895,-513.3326918816576
2630,-97.59966527481572,-510.88683797318953
2631,-111.33932076914165,-508.0694947806513
2632,-124.99801632970672,-504.88271092367427
2633,-138.56582009164845,-501.3288036591644
2634,-152.03286628170488,-497.41035719631867
2635,-165.3893623920719,-493.1302208175281
2636,-178.62559630098627,-488.4915068065331
2637,-191.73194333485492,-483.49758818533945
2638,-204.6988732667962,-478.15209626153916
2639,-217.51695724650784,-472.4589179878193
2640,-230.17687465641498,-466.42219313558087
2641,-242.66941988911955,-460.04631128472084
2642,-254.9855090412211,-453.33590863176664
2643,-267.11618651864035,-446.29586461868433
2644,-279.0526315486411,-438.9312983848138
2645,-290.78616459382124,-431.24756504450573
2646,-302.3082536634022,-423.2502517931729
2647,-313.6105205172308,-414.94517384458356
2648,-324.6847467579833,-406.3383702023528
2649,-335.52287980714004,-397.4360992687045
2650,-346.1170387603829,-388.24483429370144
2651,-356.45952011816524,-378.7712586682461
2652,-366.5428033872791,-369.0222610642812
2653,-376.3595565493505,-359.0049304257204
2654,-385.90264139228873,-348.7265508137496
2655,-395.1651187008068,-338.1945961102533
2656,-404.14025330224257,-327.41672458321267
2657,-412.82151896401524,-316.4007733180235
2658,-421.2026031391461,-305.1547525187951
2659,-429.2774115564018,-293.68683968376206
2660,-437.04007265171947,-282.0053736590491
2661,-444.4849418376915,-270.1188485751117
2662,-451.6066056080016,-258.0359076702679
2663,-458.3998854738365,-245.76533700579841
2664,-464.85984172940175,-233.31605907720038
2665,-470.9817770438089,-220.6971263262301
2666,-476.76123987672065,-207.91771455845736
2667,-482.19402771526995,-194.98711627111558
2668,-487.27619012990067,-181.9147338961003
2669,-492.00403164690584,-168.71007296302903
2670,-496.37411443557664,-155.38273518733385
2671,-500.3832608080066,-141.94241148841516
2672,-504.0285555297351,-128.39887494292478
2673,-507.30734793954764,-114.76197367831737
2674,-510.2172538768937,-101.04162371182208
2675,-512.7561574155189,-87.24780174005373
2676,-514.9222124020528,-73.39053788449381
2677,-516.7138437984314,-59.479908398132714
2678,-518.1297488271798,-45.52602833856333
2679,-519.1688979187214,-31.539044212853565
2680,-519.8305354600253,-17.529126599561433
2681,-520.1141803440474,-3.506462753235694
2682,-520.0196263195652,10.518750803204826
2683,-519.5469421411524,24.53631569282721
2684,-518.696471519185,38.53603910039731
2685,-517.4688328699128,52.507741184041556
2686,-515.8649188657811,66.44126247747842
2687,-513.8858957863274,80.32647127743071
2688,-511.533202670126,94.1532710108569
2689,-508.80855026839686,107.91160757662895
2690,-505.7139198010403,121.59147665633111
2691,-502.251561516,135.18293098886332
2692,-498.4239930530054,148.6760876035476
2693,-494.23399761288005,162.06113500648988
2694,-489.6846219337476,175.3283403149724
2695,-484.7791740756099,188.46805633467343
2696,-479.52122101490363,201.47072857458983
2697,-473.91458605078776,214.3269021945462
2698,-467.9633460250486,227.0272288802396
2699,-461.67182835763924,239.5624736408325
2700,-455.04460790001457,251.9235215241366
2701,-448.08650360854614,264.10138424451395
2702,-440.8025750404393,276.08720671867064
2703,-433.1981186746938,287.872273504598
2704,-425.27866406079295,299.4480151389675
2705,-417.04996979791497,310.8060143683811
2706,-408.51801934758726,321.9380122699468
2707,-399.6890166828415,332.83591425671506
2708,-390.5693817770165,343.4917959636289
2709,-381.165745935501,353.89790900969336
2710,-371.48494697380954,364.0466866321763
2711,-361.5340242454899,373.9307491887523
2712,-351.3202135234871,383.542909523578
2713,-340.8509417386803,392.8761781934034
2714,-330.1338215794205,401.92376854991727
2715,-319.17664595599484,410.6791016746306
2716,-307.9873823340437,419.1358111627109
2717,-296.5741669410517,427.28774775228607
2718,-284.9452988501201,435.1289837958578
2719,-273.1092339453321,442.6538175705637
2720,-261.07457877309207,449.85677742416266
2721,-248.8500842839056,456.73262575372604
2722,-236.44463946916773,463.2763628141364
2723,-223.86726489756458,469.48323035363444
2724,-211.12710615580374,475.34871507376147
2725,-198.2334271984419,480.86855191118514
2726,-185.19560361163357,486.03872713902416
2727,-172.02311579571423,490.85548128541296
2728,-158.72554207156531,495.31531186718615
2729,-145.3125517157769,499.4149759366951
2730,-131.793897929673,503.15149243990425
2731,-118.17941074731023,506.52214438405224
2732,-104.47898988761088,509.5244808133017
2733,-90.7025975558182,512.1563185909429
2734,-76.8602511995233,514.4157439868518
2735,-62.962016224519104,516.3011140690513
2736,-49.01799867577682,517.8110578983628
2737,-35.03833788888298,518.9444775252788
2738,-21.03319911725821,519.7005487883324
2739,-7.01276614053463,520.0787219133833
2740,0.0,546.8020000000001
2741,14.021557957341033,546.6221941308723
2742,28.033894447258593,546.0828947752531
2743,42.0277940669521,545.1844566106649
2744,55.994053538878276,543.9274705071306
2745,69.92348776341126,542.3127631385788
2746,83.80693585954772,540.3413964391714
2747,97.63526718968416,538.014666904908
2748,111.39938736450452,535.3341047409675
2749,125.09024422402838,532.3014728553483
2750,138.69883379088648,528.9187656994675
2751,152.2162061919084,525.1882079564836
2752,165.63347154412773,521.1122530782027
2753,178.94180580133406,516.6935816715336
2754,192.1324565573264,511.9350997355497
2755,205.1967488020516,506.8399367503195
2756,218.1260906268421,501.41144361876184
2757,230.91197887500124,495.65319046287914
2758,243.54600473401896,489.5689642758182
2759,256.0198592657416,483.16276643130317
2760,268.3253388708573,476.4388100520777
2761,280.4543506841043,469.4015172390877
2762,292.3989178966535,462.0555161632272
2763,304.15118500216397,454.40563802155845
2764,315.7034229630643,446.4569138600102
2765,327.04803429365796,438.21457126464253
2766,338.17755805671266,429.6840309236531
2767,349.08467477024703,420.87090306238923
2768,359.76221122128686,411.78098375370655
2769,370.2031451834258,402.42025110610365
2770,380.40061003508765,392.79486133213777
2771,390.34789927545296,382.91114469970836
2772,400.03847093507983,372.775601368871
2773,409.46595187831934,362.3948971169186
2774,418.6241419946938,351.7758589545431
2775,427.50701827648373,340.92547063595936
2776,436.10873877984045,329.85086806594444
2777,444.42364646681915,318.55933460681365
2778,452.44627292580714,307.05829628841855
2779,460.171341967898,295.35531692431744
2780,467.59377309684936,283.45809313733184
2781,474.70868485033975,271.37444929775717
2782,481.5113980103282,259.1123323775607
2783,487.9974386804054,246.67980672394748
2784,494.16254122811273,234.08504875573308
2785,500.00265109029243,221.33634158601123
2786,505.51392743962657,208.44206957465218
2787,510.6927457106087,195.41071281421526
2788,515.535699983289,182.25084155290048
2789,520.0396052232227,168.97111055821006
2790,524.2014993761522,155.5802534250217
2791,528.0186453160414,142.0870768318236
2792,531.4885326451841,128.500454748881
2793,534.6088793452005,114.82932260215141
2794,537.3776332778383,101.0826713967796
2795,539.7929735345882,87.26954180404189
2796,541.8533116342304,73.39901821562559
2797,543.5572925675191,59.48022276915708
2798,544.9037956883242,45.52230934890299
2799,545.8919354506382,31.534457565595424
2800,546.5210619909686,17.52586671933616
2801,546.7907615557286,3.50574974955264
2802,546.7008567733479,-10.516672824017002
2803,546.2514067709241,-24.532178965322235
2804,545.4427071353359,-38.53155118699869
2805,544.2752897188476,-52.505582612372336
2806,542.7499222893283,-66.44508303048651
2807,540.8676080253194,-80.34088494016984
2808,538.6295848562806,-94.18384957916568
2809,536.0373246484489,-107.96487293436465
2810,533.0925322368456,-121.67489172918063
2811,529.7971443040688,-135.30488938413853
2812,526.1533281066072,-148.8459019467485
2813,522.1634800495157,-162.2890239867723
2814,517.8302241103862,-175.62541445299823
2815,513.1564101136531,-188.84630248767994
2816,508.14511185636894,-201.94299319480848
2817,502.7996250866784,-214.90687335842887
2818,497.1234653363263,-227.72941710723825
2819,491.1203656086201,-240.40219152174026
2820,484.7942739233693,-252.91686218026913
2821,478.1493507204175,-265.26519864023504
2822,471.18996612347235,-277.4390798509848
2823,463.9206970660345,-289.4304994947229
2824,456.34632428131584,-301.2315712519726
2825,448.4718291581247,-312.83453398812276
2826,440.3023904647891,-324.23175685764124
2827,431.8433809432684,-335.4157443226053
2828,423.1003637756983,-346.3791410822422
2829,414.07908892568753,-357.11473691024383
2830,404.78548935677674,-367.6154713966686
2831,395.2256771305455,-377.8744385913156
2832,385.40593938693087,-387.88489154551706
2833,375.3327342094061,-397.6402467493594
2834,365.01268637773376,-407.13408846141874
2835,354.4525830110894,-416.36017292815956
2836,343.6593691044217,-425.31243249022356
2837,332.64014296098196,-433.9849795729083
2838,321.402151524029,-442.37211055821007
2839,309.95278561077777,-450.46830953588665
2840,298.29957505173036,-458.26825193106845
2841,286.4501837385796,-465.76680800603873
2842,274.41240458394725,-472.95904623387446
2843,262.1941543962692,-479.8402365417322
2844,249.80346867320029,-486.40585342164377
2845,237.2484963169589,-492.65157890677875
2846,224.53749427509283,-498.5733054112131
2847,211.6788221101844,-504.1671384313391
2848,198.6809365020715,-509.4293991071383
2849,185.55238568619828,-514.3566266416333
2850,172.30180383175198,-518.9455805769278
2851,158.9379053632831,-523.1932429253385
2852,145.46947922954894,-527.0968201542141
2853,131.90538312334073,-530.653745023141
2854,118.25453765610193,-533.8616782723234
2855,104.5259204911677,-536.7185101610287
2856,90.72856043948384,-539.2223618550876
2857,76.87153152168537,-541.371586662535
2858,62.96394700044588,-543.1647711165785
2859,49.014953387015325,-544.6007359051848
2860,35.03372442589372,-545.6785366466695
2861,21.029455061594444,-546.3974645107832
2862,7.011355391464158,-546.7570466848824
2863,-7.011355391464025,-546.7570466848824
2864,-21.029455061594792,-546.3974645107832
2865,-35.03372442589384,-545.6785366466695
2866,-49.01495338701518,-544.6007359051848
2867,-62.963947000446,-543.1647711165785
2868,-76.87153152168548,-541.371586662535
2869,-90.72856043948394,-539.2223618550876
2870,-104.52592049116804,-536.7185101610286
2871,-118.25453765610179,-533.8616782723234
2872,-131.90538312334084,-530.653745023141
2873,-145.46947922954928,-527.0968201542141
2874,-158.93790536328345,-523.1932429253383
2875,-172.30180383175184,-518.9455805769278
2876,-185.5523856861986,-514.356626641633
2877,-198.6809365020718,-509.4293991071382
2878,-211.67882211018448,-504.167138431339
2879,-224.5374942750929,-498.5733054112131
2880,-237.248496316959,-492.6515789067787
2881,-249.80346867320037,-486.4058534216437
2882,-262.1941543962695,-479.840236541732
2883,-274.41240458394714,-472.9590462338745
2884,-286.4501837385797,-465.7668080060387
2885,-298.2995750517306,-458.2682519310683
2886,-309.95278561077805,-450.4683095358865
2887,-321.4021515240289,-442.3721105582101
2888,-332.64014296098225,-433.98497957290806
2889,-343.659369104422,-425.3124324902234
2890,-354.4525830110895,-416.3601729281595
2891,-365.01268637773364,-407.1340884614188
2892,-375.3327342094062,-397.64024674935933
2893,-385.4059393869309,-387.884891545517
2894,-395.2256771305456,-377.87443859131554
2895,-404.78548935677685,-367.61547139666857
2896,-414.07908892568764,-357.1147369102438
2897,-423.10036377569827,-346.3791410822423
2898,-431.8433809432685,-335.4157443226052
2899,-440.30239046478914,-324.2317568576411
2900,-448.47182915812465,-312.83453398812287
2901,-456.3463242813158,-301.2315712519727
2902,-463.92069706603456,-289.43049949472277
2903,-471.1899661234724,-277.4390798509847
2904,-478.14935072041743,-265.26519864023516
2905,-484.79427392336925,-252.9168621802693
2906,-491.12036560862015,-240.40219152174015
2907,-497.1234653363265,-227.7294171072379
2908,-502.7996250866784,-214.90687335842887
2909,-508.145111856369,-201.94299319480837
2910,-513.1564101136534,-188.84630248767974
2911,-517.8302241103863,-175.62541445299792
2912,-522.1634800495158,-162.2890239867722
2913,-526.1533281066072,-148.8459019467484
2914,-529.7971443040688,-135.3048893841382
2915,-533.0925322368457,-121.67489172918027
2916,-536.037324648449,-107.96487293436454
2917,-538.6295848562808,-94.18384957916547
2918,-540.8676080253194,-80.34088494016986
2919,-542.7499222893283,-66.44508303048651
2920,-544.2752897188476,-52.5055826123721
2921,-545.4427071353359,-38.53155118699846
2922,-546.2514067709241,-24.532178965322366
2923,-546.7008567733479,-10.516672824016892
2924,-546.7907615557286,3.505749749552749
2925,-546.5210619909686,17.52586671933651
2926,-545.8919354506382,31.53445756559541
2927,-544.9037956883242,45.5223093489031
2928,-543.5572925675192,59.48022276915683
2929,-541.8533116342304,73.39901821562557
2930,-539.7929735345883,87.26954180404188
2931,-537.3776332778382,101.08267139677983
2932,-534.6088793452004,114.82932260215175
2933,-531.4885326451841,128.50045474888145
2934,-528.0186453160413,142.08707683182413
2935,-524.2014993761524,155.5802534250216
2936,-520.0396052232227,168.97111055820994
2937,-515.5356999832889,182.25084155290057
2938,-510.6927457106087,195.41071281421534
2939,-505.51392743962646,208.4420695746525
2940,-500.00265109029226,221.33634158601166
2941,-494.1625412281127,234.0850487557332
2942,-487.9974386804053,246.6798067239477
2943,-481.5113980103282,259.11233237756056
2944,-474.70868485033975,271.3744492977571
2945,-467.5937730968493,283.4580931373319
2946,-460.1713419678978,295.3553169243178
2947,-452.44627292580714,307.05829628841855
2948,-444.4236464668191,318.5593346068139
2949,-436.1087387798403,329.8508680659446
2950,-427.5070182764835,340.9254706359596
2951,-418.62414199469373,351.77585895454314
2952,-409.46595187831923,362.39489711691874
2953,-400.03847093507994,372.77560136887087
2954,-390.34789927545296,382.91114469970836
2955,-380.4006100350876,392.7948613321378
2956,-370.2031451834256,402.42025110610376
2957,-359.7622112212866,411.78098375370683
2958,-349.0846747702466,420.8709030623896
2959,-338.1775580567129,429.6840309236529
2960,-327.0480342936581,438.2145712646424
2961,-315.7034229630644,446.4569138600102
2962,-304.15118500216386,454.40563802155845
2963,-292.3989178966532,462.0555161632273
2964,-280.45435068410404,469.40151723908787
2965,-268.3253388708573,476.4388100520777
2966,-256.01985926574145,483.1627664313032
2967,-243.54600473401868,489.5689642758183
2968,-230.91197887500127,495.65319046287914
2969,-218.12609062684203,501.4114436187619
2970,-205.1967488020514,506.8399367503196
2971,-192.13245655732652,511.93509973554967
2972,-178.94180580133406,516.6935816715336
2973,-165.6334715441276,521.1122530782028
2974,-152.21620619190813,525.1882079564836
2975,-138.69883379088608,528.9187656994676
2976,-125.0902442240283,532.3014728553483
2977,-111.39938736450478,535.3341047409675
2978,-97.63526718968426,538.014666904908
2979,-83.8069358595477,540.3413964391714
2980,-69.92348776341113,542.3127631385788
2981,-55.994053538878,543.9274705071306
2982,-42.02779406695168,545.1844566106649
2983,-28.03389444725803,546.0828947752531
2984,-14.021557957341306,546.6221941308723
2985,7.018656599188419,574.1371011000273
2986,21.051774856611882,573.7939483607219
2987,35.07231079842564,573.1078479791206
2988,49.071884570226004,572.0792100266593
2989,63.04212884636953,570.7086493041068
2990,76.97469383099221,568.9969849741079
2991,90.86125224855157,566.9452400715834
2992,104.69350432090859,564.5546408922772
2993,118.46318272797494,561.8266162598196
2994,132.16205754896046,558.7627966717411
2995,145.78194118126777,555.3650133249497
2996,159.31469323409382,551.6352970212537
2997,172.75222539381403,547.5758769535827
2998,186.0865062582401,543.1891793736343
2999,199.3095661368634,538.4778261417414
3000,212.41350181421393,533.4446331598276
3001,225.39048127348804,528.0926086883868
3002,238.23274837762227,522.4249515484925
3003,250.9326275050148,516.4450492099132
3004,263.4825281371237,510.156475766475
3005,275.87494939520144,503.56298979988117
3006,288.10248452345166,496.66853213326743
3007,300.1578253159318,489.47722347583317
3008,312.0337664845525,481.9933619599589
3009,323.7232099655654,474.22142057227927
3010,335.219169161965,466.1660444802497
3011,346.51477311926703,457.8320482558021
3012,357.6032706321714,449.2244129977513
3013,368.47803427965073,440.34828335467
3014,379.13256438605663,431.2089644500133
3015,389.5604929058734,421.81191871132944
3016,399.7555872297991,412.1627626054526
3017,409.7117539098787,402.2672632816287
3018,419.42304230146163,392.1313351245811
3019,428.88364811980944,381.7610362195751
3020,438.0879169092252,371.16256473159575
3021,447.0303474226335,360.34225520080184
3022,455.705594909589,349.3065747564706
3023,464.10847431075047,338.06211925169566
3024,472.23396335690876,326.6156093211498
3025,480.077205570719,314.97388636426626
3026,487.63351316934074,303.14390845624223
3027,494.89836986625176,291.13274618930603
3028,501.8674335705622,278.9475784467353
3029,508.5365389822141,266.5956881121509
3030,514.9017000815159,254.08445771665168
3031,520.9591125115232,241.42136502639173
3032,526.7051558518448,228.61397857323627
3033,532.1363957825095,215.66995313116922
3034,537.249586136606,202.59702514115503
3035,542.0416708404664,189.4030080871888
3036,546.5097857402326,176.0957878262998
3037,550.6512603137169,162.6833178752987
3038,554.4636192665303,149.17361465708453
3039,557.9445840115284,135.57475270935493
3040,561.092074030686,121.89485985858207
3041,563.9042081185909,108.14211236213744
3042,566.3793055068104,94.32473002147115
3043,568.5158868684603,80.45097126926653
3044,570.3126752023755,66.52912823350329
3045,571.7685965963539,52.567521781383114
3046,572.8827808690158,38.57449654607832
3047,573.654562089899,24.558415939274724
3048,574.083478977474,10.527657152492134
3049,574.1692751748451,-3.5093938498316977
3050,573.911899402971,-17.544347342500494
3051,573.3115054913133,-31.568814853966725
3052,572.3684522858952,-45.574414179988956
3053,571.0833034348244,-59.55277439354461
3054,569.4568270514104,-73.49554084800133
3055,567.4899952550743,-87.39438017055778
3056,565.1839835903285,-101.24098524297104
3057,562.5401703241727,-115.02708016658974
3058,559.5601356223245,-128.74442520872907
3059,556.24566060478,-142.38482172743034
3060,552.5987262812656,-155.9401170716602
3061,548.6215123672201,-169.4022094540221
3062,544.3163959810125,-182.76305279306803
3063,539.685950223176,-196.01466152231524
3064,534.7329426385061,-209.14911536309313
3065,529.460333561942,-222.15856405837084
3066,523.8712743492221,-235.0352320647316
3067,517.9691054933667,-247.7714231996939
3068,511.75735462811815,-260.3595252415989
3069,505.2397344195302,-272.79201447931496
3070,498.4201403469648,-285.0614602090437
3071,491.3026483748256,-297.1605291755328
3072,483.8915125164183,-309.0819899550494
3073,476.1911622913928,-320.8187172774877
3074,468.20620007828944,-332.363696285032
3075,459.9413983637694,-343.7100267248259
3076,451.40169689017443,-354.85092707314607
3077,442.5921997031195,-365.77973858861316
3078,433.51817210088643,-376.48992929201495
3079,424.1850374874358,-386.9750978703706
3080,414.59837413092504,-397.22897750289275
3081,404.76391182966404,-407.2454396065697
3082,394.6875284875045,-417.0184974991223
3083,384.3752466007109,-426.54230997714967
3084,373.83322965840614,-435.8111848073264
3085,363.0677784587526,-444.81958212855955
3086,352.08532734306334,-453.56211776307794
3087,340.89244035009756,-462.0335664344696
3088,329.4958072928373,-470.2288648907483
3089,317.90223976009094,-478.14311493058
3090,306.1186670453142,-485.7715863308601
3091,294.1521320050791,-493.1097196738944
3092,282.0097868496702,-500.1531290724909
3093,269.69888886831916,-506.8976047913368
3094,257.22679609163924,-513.3391157630894
3095,244.60096289384305,-519.4738119976839
3096,231.8289355373815,-525.298026883411
3097,218.91834766266163,-530.8082793783931
3098,205.87691572553774,-536.0012760911488
3099,192.71243438530857,-540.8739132490015
3100,179.43277184597065,-545.4232785531545
3101,166.0458651535167,-549.6466529193282
3102,152.55971545208703,-553.5415121029121
3103,138.9823832018117,-557.1055282076682
3104,125.32198336120057,-560.3365710770761
3105,111.58668053695806,-563.2327095674958
3106,97.78468410412869,-565.7922127023807
3107,83.92424329947889,-568.013550706856
3108,70.01364229106066,-569.8953959220407
3109,56.06119522689216,-571.4366235985689
3110,42.07524126572271,-572.636312568834
3111,28.06413959284885,-573.4937457975574
3112,14.036264423959697,-574.0084108103476
3113,7.031676991344275e-14,-574.1800000000002
3114,-14.03626442395981,-574.0084108103476
3115,-28.06413959284871,-573.4937457975574
3116,-42.075241265722575,-572.6363125688341
3117,-56.061195226892025,-571.4366235985689
3118,-70.0136422910605,-569.8953959220407
3119,-83.924243299479,-568.013550706856
3120,-97.78468410412856,-565.7922127023807
3121,-111.58668053695817,-563.2327095674958
3122,-125.32198336120042,-560.3365710770762
3123,-138.98238320181156,-557.1055282076683
3124,-152.5597154520869,-553.5415121029122
3125,-166.04586515351656,-549.6466529193282
3126,-179.43277184597076,-545.4232785531545
3127,-192.71243438530846,-540.8739132490015
3128,-205.87691572553786,-536.0012760911488
3129,-218.91834766266152,-530.8082793783932
3130,-231.8289355373814,-525.2980268834111
3131,-244.60096289384293,-519.4738119976839
3132,-257.22679609163913,-513.3391157630894
3133,-269.6988888683193,-506.89760479133673
3134,-282.0097868496701,-500.153129072491
3135,-294.15213200507924,-493.1097196738943
3136,-306.1186670453141,-485.77158633086015
3137,-317.9022397600908,-478.1431149305801
3138,-329.4958072928372,-470.22886489074835
3139,-340.89244035009744,-462.03356643446966
3140,-352.08532734306345,-453.5621177630779
3141,-363.0677784587525,-444.81958212855966
3142,-373.83322965840614,-435.81118480732636
3143,-384.37524660071085,-426.5423099771498
3144,-394.68752848750444,-417.0184974991225
3145,-404.7639118296639,-407.2454396065698
3146,-414.598374130925,-397.22897750289286
3147,-424.1850374874359,-386.97509787037046
3148,-433.5181721008864,-376.489929292015
3149,-442.59219970311955,-365.77973858861304
3150,-451.40169689017404,-354.85092707314664
3151,-459.9413983637695,-343.71002672482587
3152,-468.20620007828927,-332.3636962850323
3153,-476.19116229139263,-320.818717277488
3154,-483.8915125164182,-309.0819899550495
3155,-491.30264837482565,-297.16052917553276
3156,-498.42014034696456,-285.061460209044
3157,-505.23973441953024,-272.7920144793149
3158,-511.7573546281181,-260.359525241599
3159,-517.9691054933666,-247.77142319969406
3160,-523.8712743492221,-235.03523206473162
3161,-529.4603335619419,-222.1585640583712
3162,-534.7329426385058,-209.14911536309353
3163,-539.685950223176,-196.0146615223155
3164,-544.3163959810124,-182.76305279306828
3165,-548.6215123672201,-169.4022094540221
3166,-552.5987262812655,-155.94011707166058
3167,-556.2456606047799,-142.3848217274307
3168,-559.5601356223244,-128.74442520872935
3169,-562.5401703241727,-115.02708016658985
3170,-565.1839835903284,-101.24098524297166
3171,-567.4899952550743,-87.3943801705578
3172,-569.4568270514104,-73.49554084800108
3173,-571.0833034348244,-59.55277439354487
3174,-572.3684522858952,-45.5744141799891
3175,-573.3115054913133,-31.56881485396725
3176,-573.911899402971,-17.544347342500508
3177,-574.1692751748451,-3.509393849832093
3178,-574.083478977474,10.527657152491868
3179,-573.654562089899,24.558415939274585
3180,-572.8827808690158,38.574496546077796
3181,-571.7685965963539,52.56752178138322
3182,-570.3126752023755,66.52912823350287
3183,-568.5158868684603,80.45097126926626
3184,-566.3793055068104,94.324730021471
3185,-563.904208118591,108.1421123621368
3186,-561.092074030686,121.89485985858217
3187,-557.9445840115285,135.57475270935467
3188,-554.4636192665304,149.17361465708427
3189,-550.6512603137169,162.68331787529857
3190,-546.5097857402326,176.0957878262998
3191,-542.0416708404664,189.4030080871888
3192,-537.2495861366061,202.59702514115463
3193,-532.1363957825095,215.66995313116897
3194,-526.705155851845,228.61397857323564
3195,-520.9591125115232,241.42136502639173
3196,-514.9017000815157,254.0844577166518
3197,-508.53653898221427,266.5956881121506
3198,-501.86743357056235,278.94757844673506
3199,-494.89836986625204,291.13274618930546
3200,-487.63351316934074,303.14390845624223
3201,-480.077205570719,314.9738863642664
3202,-472.23396335690893,326.6156093211495
3203,-464.1084743107506,338.0621192516955
3204,-455.70559490958914,349.3065747564704
3205,-447.03034742263355,360.3422552008018
3206,-438.0879169092255,371.1625647315954
3207,-428.88364811980966,381.7610362195748
3208,-419.4230423014618,392.1313351245809
3209,-409.71175390987884,402.2672632816286
3210,-399.7555872297992,412.1627626054525
3211,-389.5604929058737,421.8119187113291
3212,-379.1325643860569,431.20896445001307
3213,-368.47803427965056,440.3482833546701
3214,-357.60327063217153,449.2244129977512
3215,-346.5147731192671,457.832048255802
3216,-335.21916916196534,466.1660444802494
3217,-323.7232099655658,474.2214205722791
3218,-312.0337664845523,481.9933619599591
3219,-300.1578253159319,489.4772234758331
3220,-288.10248452345166,496.66853213326743
3221,-275.8749493952018,503.562989799881
3222,-263.482528137124,510.1564757664749
3223,-250.93262750501498,516.4450492099131
3224,-238.2327483776224,522.4249515484923
3225,-225.39048127348804,528.0926086883868
3226,-212.4135018142143,533.4446331598275
3227,-199.30956613686325,538.4778261417415
3228,-186.08650625824032,543.1891793736341
3229,-172.75222539381414,547.5758769535827
3230,-159.3146932340939,551.6352970212537
3231,-145.7819411812682,555.3650133249496
3232,-132.1620575489603,558.7627966717412
3233,-118.46318272797518,561.8266162598196
3234,-104.69350432090874,564.5546408922772
3235,-90.86125224855212,566.9452400715833
3236,-76.97469383099265,568.9969849741078
3237,-63.04212884636936,570.7086493041068
3238,-49.071884570226246,572.0792100266593
3239,-35.072310798425775,573.1078479791206
3240,-21.051774856612433,573.7939483607219
3241,-7.018656599188355,574.1371011000273
3242,0.0,602.2600000000002
3243,14.013961665839165,602.0969327927428
3244,28.02033452421491,601.60781947474
3245,42.01153387713692,600.7929249094819
3246,55.979983243335774,599.6526903767515
3247,69.91811846106118,598.1877333336628
3248,83.81839178420904,596.3988470802984
3249,97.67327596955907,594.2870003301222
3250,111.47526835290986,591.8533366854048
3251,125.21689491190378,589.099174017942
3252,138.89071431334204,586.0260037554049
3253,152.48932194279794,582.6354900737047
3254,166.005353914346,578.9294689958122
3255,179.43149105823622,574.9099473975192
3256,192.76046288435376,570.5791019206802
3257,205.98505151931732,565.9392777945214
3258,219.0980956150851,560.9929875656587
3259,232.09249422695098,555.742909737509
3260,244.96121065883153,550.191887319833
3261,257.6972762737608,544.3429262891963
3262,270.2937942675304,538.1991939611785
3263,282.7439434034307,531.7640172752176
3264,295.04098170607034,525.0408809930124
3265,307.17825011227563,518.033425811463
3266,319.1491760770901,510.7454463911693
3267,330.9472771329238,503.18088930155534
3268,342.5661643999236,495.3438508837319
3269,353.999546045665,487.23857503225605
3270,365.2412306922895,478.8694508969872
3271,376.2851307692456,470.24101050628497
3272,387.12526580981523,461.35792631283584
3273,397.7557656896425,452.22500866343785
3274,408.17087380550885,442.8472031941126
3275,418.36495019263583,433.22958815195625
3276,428.3324745788253,423.3773716451792
3277,438.0680493737845,413.29588882282366
3278,447.5664025920156,402.9905989856861
3279,456.8223907076899,392.46708263000977
3280,465.8310014399573,381.73103842554747
3281,474.5873564671846,370.7882801296311
3282,483.08671406865284,359.6447334389202
3283,491.32447169228317,348.3064327805317
3284,499.2961684469996,336.7795180442921
3285,506.9974875183799,325.0702312578783
3286,514.4242585062875,313.1849132066494
3287,521.5724596832162,301.13000000000017
3288,528.4382201721266,288.9120195860935
3289,535.0178220425948,276.5375882168617
3290,541.3077023241366,264.0134068651899
3291,547.304454935619,251.34625759621977
3292,553.004832529714,238.54299989474274
3293,558.4057482513936,225.61056695066722
3294,563.5042774095164,212.55596190457487
3295,568.2976590605998,199.38625405539506
3296,572.7832975039194,186.1085750322559
3297,576.9587636871265,172.73011493258133
3298,580.8217965216234,159.25811842852553
3299,584.3703041069818,145.6998808438559
3300,587.6023648637452,132.0627442034067
3301,590.5162285739963,118.35409325724247
3302,593.1103173291326,104.58135148168554
3303,595.3832263843307,90.75197705937381
3304,597.3337249192405,76.87345884052182
3305,598.9607567044965,62.95331228757699
3306,600.2634406736844,48.99907540546436
3307,601.2410714004542,35.01830465962336
3308,601.8931194805208,21.01857088404831
3309,602.2192318183461,7.007455181549459
3310,602.2192318183461,-7.007455181549252
3311,601.8931194805208,-21.018570884048234
3312,601.2410714004542,-35.018304659623155
3313,600.2634406736844,-48.99907540546428
3314,598.9607567044965,-62.95331228757705
3315,597.3337249192405,-76.87345884052162
3316,595.3832263843307,-90.7519770593736
3317,593.1103173291326,-104.58135148168549
3318,590.5162285739963,-118.35409325724227
3319,587.6023648637452,-132.06274420340662
3320,584.3703041069818,-145.69988084385596
3321,580.8217965216234,-159.25811842852534
3322,576.9587636871265,-172.7301149325811
3323,572.7832975039195,-186.10857503225586
3324,568.2976590605999,-199.38625405539486
3325,563.5042774095165,-212.55596190457467
3326,558.4057482513936,-225.61056695066728
3327,553.004832529714,-238.54299989474265
3328,547.304454935619,-251.3462575962197
3329,541.3077023241365,-264.0134068651899
3330,535.0178220425948,-276.53758821686165
3331,528.4382201721268,-288.91201958609315
3332,521.5724596832163,-301.13
3333,514.4242585062875,-313.18491320664936
3334,506.99748751838007,-325.07023125787805
3335,499.2961684469996,-336.77951804429205
3336,491.32447169228317,-348.3064327805317
3337,483.08671406865295,-359.64473343892
3338,474.5873564671846,-370.7882801296311
3339,465.83100143995745,-381.73103842554724
3340,456.8223907076901,-392.4670826300097
3341,447.5664025920156,-402.9905989856861
3342,438.06804937378456,-413.2958888228236
3343,428.3324745788254,-423.37737164517915
3344,418.3649501926358,-433.2295881519563
3345,408.17087380550913,-442.8472031941123
3346,397.7557656896427,-452.22500866343773
3347,387.1252658098154,-461.3579263128358
3348,376.2851307692458,-470.2410105062848
3349,365.24123069228966,-478.8694508969871
3350,353.99954604566506,-487.23857503225594
3351,342.56616439992376,-495.3438508837317
3352,330.9472771329239,-503.18088930155517
3353,319.1491760770901,-510.7454463911693
3354,307.17825011227586,-518.0334258114628
3355,295.04098170607045,-525.0408809930123
3356,282.74394340343065,-531.7640172752176
3357,270.29379426753053,-538.1991939611784
3358,257.6972762737608,-544.3429262891962
3359,244.96121065883165,-550.191887319833
3360,232.0924942269513,-555.7429097375089
3361,219.0980956150853,-560.9929875656586
3362,205.9850515193174,-565.9392777945213
3363,192.760462884354,-570.5791019206802
3364,179.4314910582364,-574.9099473975192
3365,166.00535391434602,-578.9294689958122
3366,152.48932194279817,-582.6354900737047
3367,138.89071431334216,-586.0260037554049
3368,125.21689491190376,-589.099174017942
3369,111.47526835290999,-591.8533366854047
3370,97.67327596955911,-594.2870003301222
3371,83.81839178420897,-596.3988470802984
3372,69.91811846106152,-598.1877333336628
3373,55.97998324333601,-599.6526903767514
3374,42.011533877137055,-600.7929249094819
3375,28.020334524215198,-601.6078194747399
3376,14.013961665839348,-602.0969327927428
3377,7.37555781254485e-14,-602.2600000000002
3378,-14.013961665838933,-602.0969327927428
3379,-28.020334524214782,-601.60781947474
3380,-42.011533877136905,-600.7929249094819
3381,-55.979983243335596,-599.6526903767515
3382,-69.91811846106111,-598.1877333336628
3383,-83.8183917842091,-596.3988470802983
3384,-97.67327596955897,-594.2870003301222
3385,-111.47526835290986,-591.8533366854048
3386,-125.21689491190389,-589.099174017942
3387,-138.89071431334176,-586.026003755405
3388,-152.48932194279772,-582.6354900737047
3389,-166.00535391434587,-578.9294689958122
3390,-179.43149105823596,-574.9099473975193
3391,-192.76046288435361,-570.5791019206803
3392,-205.98505151931727,-565.9392777945214
3393,-219.0980956150849,-560.9929875656587
3394,-232.09249422695092,-555.742909737509
3395,-244.96121065883153,-550.191887319833
3396,-257.6972762737607,-544.3429262891963
3397,-270.2937942675304,-538.1991939611785
3398,-282.7439434034307,-531.7640172752175
3399,-295.04098170607006,-525.0408809930125
3400,-307.17825011227546,-518.0334258114631
3401,-319.14917607709003,-510.74544639116937
3402,-330.9472771329235,-503.18088930155545
3403,-342.5661643999234,-495.34385088373193
3404,-353.99954604566494,-487.23857503225605
3405,-365.2412306922893,-478.86945089698736
3406,-376.2851307692455,-470.2410105062851
3407,-387.12526580981523,-461.35792631283584
3408,-397.7557656896424,-452.225008663438
3409,-408.1708738055088,-442.8472031941126
3410,-418.36495019263583,-433.22958815195614
3411,-428.3324745788253,-423.37737164517927
3412,-438.06804937378445,-413.29588882282366
3413,-447.56640259201566,-402.99059898568606
3414,-456.8223907076899,-392.46708263000977
3415,-465.83100143995716,-381.7310384255476
3416,-474.58735646718463,-370.78828012963095
3417,-483.08671406865284,-359.6447334389201
3418,-491.3244716922831,-348.3064327805318
3419,-499.2961684469997,-336.77951804429193
3420,-506.99748751837967,-325.0702312578787
3421,-514.4242585062875,-313.18491320664947
3422,-521.5724596832162,-301.1300000000004
3423,-528.4382201721264,-288.9120195860938
3424,-535.0178220425947,-276.53758821686176
3425,-541.3077023241364,-264.01340686519006
3426,-547.3044549356189,-251.3462575962201
3427,-553.004832529714,-238.54299989474268
3428,-558.4057482513936,-225.61056695066742
3429,-563.5042774095162,-212.55596190457507
3430,-568.2976590605999,-199.38625405539486
3431,-572.7832975039194,-186.108575032256
3432,-576.9587636871265,-172.73011493258153
3433,-580.8217965216234,-159.25811842852536
3434,-584.3703041069818,-145.69988084385596
3435,-587.602364863745,-132.0627442034069
3436,-590.5162285739963,-118.35409325724267
3437,-593.1103173291326,-104.5813514816855
3438,-595.3832263843307,-90.75197705937387
3439,-597.3337249192405,-76.87345884052203
3440,-598.9607567044966,-62.953312287576935
3441,-600.2634406736844,-48.99907540546444
3442,-601.2410714004542,-35.01830465962343
3443,-601.8931194805208,-21.018570884048117
3444,-602.2192318183461,-7.007455181549399
3445,-602.2192318183461,7.007455181549179
3446,-601.8931194805208,21.01857088404843
3447,-601.2410714004543,35.01830465962268
3448,-600.2634406736845,48.999075405463685
3449,-598.9607567044966,62.95331228757671
3450,-597.3337249192406,76.87345884052128
3451,-595.3832263843308,90.75197705937315
3452,-593.1103173291327,104.58135148168529
3453,-590.5162285739964,118.35409325724193
3454,-587.6023648637453,132.06274420340617
3455,-584.370304106982,145.69988084385577
3456,-580.8217965216235,159.25811842852514
3457,-576.9587636871266,172.73011493258082
3458,-572.7832975039195,186.1085750322558
3459,-568.2976590605999,199.38625405539466
3460,-563.5042774095166,212.55596190457436
3461,-558.4057482513936,225.61056695066722
3462,-553.0048325297141,238.54299989474248
3463,-547.3044549356191,251.3462575962194
3464,-541.3077023241366,264.01340686518984
3465,-535.017822042595,276.5375882168616
3466,-528.4382201721269,288.9120195860931
3467,-521.5724596832162,301.13000000000017
3468,-514.4242585062876,313.1849132066493
3469,-506.99748751838007,325.07023125787805
3470,-499.29616844699956,336.7795180442922
3471,-491.3244716922833,348.3064327805316
3472,-483.08671406865295,359.64473343891996
3473,-474.58735646718446,370.78828012963123
3474,-465.8310014399573,381.73103842554735
3475,-456.8223907076904,392.46708263000926
3476,-447.56640259201583,402.99059898568584
3477,-438.06804937378473,413.2958888228233
3478,-428.3324745788258,423.37737164517875
3479,-418.36495019263606,433.229588151956
3480,-408.1708738055092,442.84720319411224
3481,-397.75576568964294,452.22500866343745
3482,-387.12526580981546,461.35792631283573
3483,-376.2851307692459,470.24101050628474
3484,-365.2412306922899,478.8694508969869
3485,-353.9995460456651,487.23857503225594
3486,-342.5661643999239,495.3438508837316
3487,-330.94727713292417,503.18088930155506
3488,-319.14917607709015,510.7454463911692
3489,-307.1782501122759,518.0334258114627
3490,-295.04098170607074,525.0408809930121
3491,-282.7439434034307,531.7640172752176
3492,-270.2937942675306,538.1991939611784
3493,-257.69727627376113,544.342926289196
3494,-244.96121065883148,550.1918873198331
3495,-232.09249422695112,555.7429097375089
3496,-219.09809561508536,560.9929875656586
3497,-205.98505151931724,565.9392777945214
3498,-192.7604628843538,570.5791019206802
3499,-179.43149105823645,574.9099473975192
3500,-166.00535391434585,578.9294689958122
3501,-152.48932194279794,582.6354900737047
3502,-138.89071431334276,586.0260037554048
3503,-125.2168949119041,589.099174017942
3504,-111.47526835291033,591.8533366854045
3505,-97.67327596955973,594.287000330122
3506,-83.81839178420931,596.3988470802983
3507,-69.91811846106161,598.1877333336628
3508,-55.97998324333635,599.6526903767514
3509,-42.01153387713712,600.7929249094819
3510,-28.020334524215272,601.6078194747399
3511,-14.01396166583969,602.0969327927428
3512,7.029914555041097,631.0028415667787
3513,21.086253920876985,630.6896032594676
3514,35.13212578632998,630.0632821405592
3515,49.16055759147165,629.1241891242904
3516,63.16458543385429,627.87279038908
3517,77.137257525486,626.3097071461109
3518,91.07163764379173,624.4357153309523
3519,104.96080857484758,622.2517452183758
3520,118.79787554717903,619.7588809605534
3521,132.5759696544182,616.95836004887
3522,146.28825126512163,613.8515726996168
3523,159.92791341805528,610.4400611638683
3524,173.48818520126176,606.7255189618886
3525,186.96233511323237,602.7097900424446
3526,200.3436744045148,598.3948678674459
3527,213.6255603980987,593.7828944223626
3528,226.80139978692986,588.8761591529152
3529,239.86465190691675,583.6770978285631
3530,252.80883198380386,578.1882913333556
3531,265.6275143523015,572.412464384746
3532,278.3143356458722,566.3524841810064
3533,290.8629979555916,560.0113589779103
3534,303.26727195651546,553.3922365953946
3535,315.52100000000013,546.49840285494
3536,327.6180991704425,539.3332799484438
3537,339.5525643049212,531.9004247393987
3538,351.31847097424,524.2035269972174
3539,362.9099784238946,516.2464075655818
3540,374.3213324735019,508.03301646572373
3541,385.54686837325227,499.56743093558293
3542,396.5810136159678,490.85385340580945
3543,407.4182907033699,481.8966094136217
3544,418.0533198651833,472.70014545555097
3545,428.48082172972624,463.2690267801408
3546,438.6956199446617,453.6079351216965
3547,448.6926437466089,443.72166637620825
3548,458.4669304783376,433.61512822060473
3549,468.01362805229866,423.29333767651605
3550,477.32799735926545,412.7614186197559
3551,486.4054146208918,402.0245992367615
3552,495.2413736850169,391.08820942925104
3553,503.83148826258116,379.9576781683887
3554,512.1714941050382,368.63853079977036
3555,520.2572511211853,357.1363863005676
3556,528.0847454323614,345.45695449019166
3557,535.6500913649893,333.60603319586255
3558,542.9495333794771,321.58950537448885
3559,549.9794479345182,309.4133361922897
3560,556.7363452858663,297.0835700636052
3561,563.2168712186914,284.60632765036746
3562,569.417808712657,271.9878028237228
3563,575.3360795388924,259.2342595893096
3564,580.9687457880673,246.35202897772206
3565,586.3130113288088,233.34750590170134
3566,591.3662231957394,220.22714598161429
3567,596.1258729064446,206.99746234079743
3568,600.5895977067169,193.66502237235392
3569,604.7551817434592,180.2364444790119
3570,608.6205571646641,166.7183947876601
3571,612.1838051459235,153.11758384019203
3572,615.4431568429586,139.44076326230368
3573,618.3969942696981,125.69472241189493
3574,621.0438511014686,111.88628500874096
3575,623.3824134028977,98.02230574710562
3576,625.411520280169,84.10966689298012
3577,627.1301644573058,70.15527486763175
3578,628.5374927761961,56.166056819164226
3579,629.6328066201121,42.14895718378892
3580,630.4155622605127,28.110934238511444
3581,630.8853711269579,14.058956646950826
3582,631.0420000000003,-1.0147929330972446e-13
3583,630.8853711269579,-14.05895664695103
3584,630.4155622605127,-28.110934238511646
3585,629.6328066201121,-42.148957183789136
3586,628.5374927761961,-56.16605681916457
3587,627.1301644573058,-70.1552748676318
3588,625.411520280169,-84.10966689298017
3589,623.3824134028977,-98.02230574710596
3590,621.0438511014686,-111.88628500874101
3591,618.3969942696981,-125.694722411895
3592,615.4431568429585,-139.44076326230385
3593,612.1838051459234,-153.11758384019222
3594,608.6205571646641,-166.71839478766017
3595,604.7551817434592,-180.23644447901208
3596,600.5895977067169,-193.66502237235412
3597,596.1258729064444,-206.99746234079763
3598,591.3662231957393,-220.22714598161446
3599,586.3130113288088,-233.3475059017014
3600,580.9687457880672,-246.35202897772237
3601,575.3360795388924,-259.23425958930983
3602,569.4178087126569,-271.987802823723
3603,563.2168712186914,-284.6063276503675
3604,556.7363452858663,-297.08357006360507
3605,549.979447934518,-309.4133361922899
3606,542.949533379477,-321.58950537448897
3607,535.6500913649892,-333.6060331958627
3608,528.0847454323613,-345.45695449019183
3609,520.2572511211853,-357.13638630056766
3610,512.1714941050379,-368.63853079977065
3611,503.83148826258105,-379.95767816838884
3612,495.24137368501704,-391.08820942925087
3613,486.40541462089175,-402.0245992367615
3614,477.32799735926557,-412.7614186197558
3615,468.0136280522987,-423.2933376765159
3616,458.46693047833753,-433.6151282206048
3617,448.6926437466089,-443.72166637620825
3618,438.69561994466187,-453.60793512169636
3619,428.48082172972624,-463.26902678014096
3620,418.0533198651833,-472.70014545555097
3621,407.41829070337,-481.8966094136216
3622,396.581013615968,-490.8538534058093
3623,385.54686837325227,-499.56743093558293
3624,374.32133247350197,-508.03301646572373
3625,362.90997842389476,-516.2464075655815
3626,351.3184709742399,-524.2035269972174
3627,339.5525643049212,-531.9004247393987
3628,327.61809917044263,-539.3332799484436
3629,315.5210000000001,-546.49840285494
3630,303.26727195651523,-553.3922365953948
3631,290.8629979555917,-560.0113589779102
3632,278.3143356458721,-566.3524841810064
3633,265.62751435230126,-572.4124643847462
3634,252.80883198380397,-578.1882913333554
3635,239.86465190691663,-583.6770978285631
3636,226.80139978693015,-588.8761591529151
3637,213.62556039809877,-593.7828944223626
3638,200.34367440451467,-598.3948678674459
3639,186.9623351132323,-602.7097900424446
3640,173.48818520126184,-606.7255189618886
3641,159.92791341805517,-610.4400611638684
3642,146.28825126512163,-613.8515726996168
3643,132.57596965441832,-616.95836004887
3644,118.7978755471789,-619.7588809605534
3645,104.96080857484756,-622.2517452183758
3646,91.07163764379179,-624.4357153309523
3647,77.13725752548616,-626.3097071461109
3648,63.164585433854256,-627.8727903890801
3649,49.16055759147168,-629.1241891242904
3650,35.132125786330114,-630.0632821405592
3651,21.08625392087693,-630.6896032594676
3652,7.029914555041131,-631.0028415667787
3653,-7.029914555040977,-631.0028415667787
3654,-21.08625392087706,-630.6896032594676
3655,-35.132125786329965,-630.0632821405592
3656,-49.16055759147154,-629.1241891242904
3657,-63.16458543385438,-627.87279038908
3658,-77.137257525486,-626.3097071461109
3659,-91.07163764379163,-624.4357153309523
3660,-104.96080857484769,-622.2517452183758
3661,-118.79787554717878,-619.7588809605534
3662,-132.57596965441815,-616.95836004887
3663,-146.28825126512174,-613.8515726996168
3664,-159.92791341805503,-610.4400611638684
3665,-173.48818520126167,-606.7255189618886
3666,-186.96233511323243,-602.7097900424446
3667,-200.34367440451453,-598.394867867446
3668,-213.62556039809866,-593.7828944223626
3669,-226.80139978693,-588.8761591529152
3670,-239.8646519069165,-583.6770978285632
3671,-252.80883198380383,-578.1882913333556
3672,-265.6275143523014,-572.4124643847462
3673,-278.31433564587195,-566.3524841810065
3674,-290.86299795559154,-560.0113589779103
3675,-303.26727195651534,-553.3922365953947
3676,-315.5210000000002,-546.49840285494
3677,-327.6180991704425,-539.3332799484438
3678,-339.55256430492113,-531.9004247393987
3679,-351.31847097424003,-524.2035269972173
3680,-362.90997842389464,-516.2464075655818
3681,-374.32133247350185,-508.0330164657238
3682,-385.54686837325244,-499.5674309355828
3683,-396.5810136159679,-490.85385340580945
3684,-407.4182907033699,-481.8966094136217
3685,-418.05331986518337,-472.70014545555085
3686,-428.4808217297261,-463.269026780141
3687,-438.6956199446617,-453.6079351216965
3688,-448.692643746609,-443.7216663762081
3689,-458.46693047833736,-433.61512822060496
3690,-468.01362805229854,-423.29333767651605
3691,-477.3279973592656,-412.7614186197557
3692,-486.4054146208917,-402.0245992367616
3693,-495.24137368501715,-391.0882094292508
3694,-503.83148826258133,-379.95767816838855
3695,-512.1714941050382,-368.6385307997703
3696,-520.2572511211853,-357.13638630056755
3697,-528.0847454323614,-345.4569544901917
3698,-535.6500913649893,-333.60603319586266
3699,-542.9495333794772,-321.58950537448857
3700,-549.979447934518,-309.41333619229005
3701,-556.7363452858664,-297.083570063605
3702,-563.2168712186914,-284.6063276503674
3703,-569.417808712657,-271.98780282372286
3704,-575.3360795388924,-259.23425958930983
3705,-580.9687457880674,-246.3520289777219
3706,-586.3130113288087,-233.34750590170168
3707,-591.3662231957395,-220.2271459816142
3708,-596.1258729064446,-206.99746234079737
3709,-600.5895977067169,-193.66502237235397
3710,-604.7551817434592,-180.23644447901214
3711,-608.6205571646641,-166.7183947876603
3712,-612.1838051459234,-153.1175838401924
3713,-615.4431568429586,-139.4407632623036
3714,-618.3969942696982,-125.69472241189433
3715,-621.0438511014686,-111.88628500874088
3716,-623.3824134028977,-98.02230574710583
3717,-625.411520280169,-84.10966689297977
3718,-627.1301644573058,-70.1552748676314
3719,-628.5374927761961,-56.16605681916416
3720,-629.6328066201121,-42.148957183788305
3721,-630.4155622605127,-28.11093423851096
3722,-630.8853711269579,-14.058956646950906
3723,-631.0420000000003,4.44557351510275e-13
3724,-630.8853711269579,14.058956646951234
3725,-630.4155622605127,28.11093423851185
3726,-629.632806620112,42.148957183789754
3727,-628.537492776196,56.16605681916504
3728,-627.1301644573058,70.15527486763173
3729,-625.4115202801689,84.10966689298067
3730,-623.3824134028977,98.02230574710615
3731,-621.0438511014686,111.88628500874123
3732,-618.3969942696979,125.6947224118952
3733,-615.4431568429584,139.44076326230447
3734,-612.1838051459235,153.11758384019217
3735,-608.6205571646641,166.7183947876601
3736,-604.755181743459,180.23644447901245
3737,-600.5895977067167,193.6650223723543
3738,-596.1258729064444,206.99746234079768
3739,-591.3662231957392,220.22714598161505
3740,-586.3130113288087,233.34750590170145
3741,-580.9687457880672,246.3520289777222
3742,-575.3360795388922,259.23425958931006
3743,-569.4178087126568,271.98780282372314
3744,-563.2168712186913,284.6063276503677
3745,-556.7363452858659,297.08357006360575
3746,-549.9794479345181,309.4133361922898
3747,-542.9495333794771,321.58950537448885
3748,-535.6500913649891,333.60603319586295
3749,-528.0847454323612,345.456954490192
3750,-520.2572511211852,357.13638630056784
3751,-512.1714941050377,368.63853079977105
3752,-503.8314882625811,379.9576781683888
3753,-495.2413736850169,391.08820942925104
3754,-486.40541462089146,402.0245992367619
3755,-477.3279973592652,412.7614186197562
3756,-468.0136280522984,423.2933376765162
3757,-458.46693047833736,433.61512822060496
3758,-448.6926437466083,443.7216663762087
3759,-438.6956199446617,453.6079351216965
3760,-428.48082172972624,463.2690267801408
3761,-418.05331986518297,472.70014545555125
3762,-407.4182907033697,481.89660941362195
3763,-396.5810136159676,490.8538534058096
3764,-385.5468683732517,499.5674309355834
3765,-374.32133247350185,508.03301646572385
3766,-362.9099784238946,516.2464075655818
3767,-351.3184709742395,524.2035269972178
3768,-339.55256430492085,531.9004247393989
3769,-327.61809917044224,539.333279948444
3770,-315.5209999999994,546.4984028549403
3771,-303.2672719565153,553.3922365953947
3772,-290.86299795559154,560.0113589779103
3773,-278.31433564587167,566.3524841810066
3774,-265.62751435230103,572.4124643847463
3775,-252.80883198380351,578.1882913333557
3776,-239.86465190691595,583.6770978285634
3777,-226.8013997869297,588.8761591529153
3778,-213.62556039809857,593.7828944223627
3779,-200.34367440451422,598.3948678674461
3780,-186.96233511323186,602.7097900424449
3781,-173.48818520126136,606.7255189618886
3782,-159.92791341805494,610.4400611638684
3783,-146.28825126512143,613.8515726996169
3784,-132.5759696544181,616.95836004887
3785,-118.797875547179,619.7588809605534
3786,-104.96080857484709,622.251745218376
3787,-91.07163764379132,624.4357153309525
3788,-77.13725752548568,626.3097071461109
3789,-63.16458543385406,627.8727903890801
3790,-49.16055759147148,629.1241891242904
3791,-35.132125786329915,630.0632821405592
3792,-21.086253920876448,630.6896032594676
3793,-7.029914555040649,631.0028415667787
3794,0.0,660.5260000000003
3795,14.019917551825026,660.377194176056
3796,28.033518182339066,659.9308437513138
3797,42.034487816431536,659.1871498368356
3798,56.01651807011021,658.1464475170411
3799,69.97330909285502,656.8092056987297
3800,83.89857240612687,655.1760268998052
3801,97.78603373675264,653.2476469778021
3802,111.62943584390973,651.0249347983307
3803,125.42254133843632,648.5088918435958
3804,139.15913549319717,645.7006517611597
3805,152.8330290432387,642.6014798531583
3806,166.43806097447128,639.2127725061965
3807,179.96810129962333,635.5360565621819
3808,193.4170538202148,631.5729886303787
3809,206.77885887330743,627.3253543409936
3810,220.04749606179243,622.7950675406283
3811,233.21698696698704,617.9841694299624
3812,246.2813978423162,612.8948276440544
3813,259.2348422868674,607.5293352756748
3814,272.07148389761153,601.8901098421139
3815,284.78553889909864,595.9796921959257
3816,297.3712787494386,589.8007453801022
3817,309.82303272139774,583.3560534281925
3818,322.13519045744493,576.6485201099072
3819,334.30220449759685,569.6811676227742
3820,346.31859277892414,562.4571352304334
3821,358.1789411055922,554.9796778481867
3822,369.8779055883215,547.2521645764383
3823,381.4102150521724,539.2780771826868
3824,392.7706734115654,531.061008532754
3825,403.9541620114693,522.604660971955
3826,414.9556419337016,513.9128446569418
3827,425.77015626730235,504.9894758389697
3828,436.39283234195716,495.8385750993612
3829,446.81888392346553,486.46426553796226
3830,457.0436133702628,476.87077091540647
3831,467.0624137500257,467.0624137500257
3832,476.87077091540647,457.0436133702629
3833,486.46426553796226,446.81888392346553
3834,495.8385750993612,436.39283234195716
3835,504.9894758389697,425.77015626730235
3836,513.9128446569418,414.95564193370166
3837,522.604660971955,403.95416201146924
3838,531.061008532754,392.7706734115654
3839,539.2780771826868,381.4102150521724
3840,547.2521645764383,369.87790558832154
3841,554.9796778481867,358.1789411055921
3842,562.4571352304334,346.31859277892414
3843,569.6811676227742,334.3022044975967
3844,576.6485201099073,322.1351904574448
3845,583.3560534281925,309.8230327213978
3846,589.8007453801022,297.3712787494386
3847,595.9796921959257,284.7855388990986
3848,601.8901098421139,272.07148389761153
3849,607.5293352756748,259.23484228686743
3850,612.8948276440544,246.28139784231624
3851,617.9841694299625,233.216986966987
3852,622.7950675406283,220.04749606179237
3853,627.3253543409936,206.77885887330746
3854,631.5729886303787,193.41705382021485
3855,635.5360565621819,179.96810129962333
3856,639.2127725061965,166.4380609744712
3857,642.6014798531583,152.8330290432386
3858,645.7006517611596,139.15913549319725
3859,648.5088918435957,125.42254133843635
3860,651.0249347983307,111.62943584390973
3861,653.247646977802,97.78603373675276
3862,655.1760268998053,83.8985724061268
3863,656.8092056987297,69.97330909285508
3864,658.1464475170411,56.01651807011023
3865,659.1871498368356,42.034487816431515
3866,659.9308437513137,28.033518182339172
3867,660.377194176056,14.019917551824951
3868,660.5260000000003,4.044555258268025e-14
3869,660.377194176056,-14.01991755182487
3870,659.9308437513137,-28.03351818233909
3871,659.1871498368356,-42.034487816431444
3872,658.1464475170411,-56.016518070110294
3873,656.8092056987297,-69.97330909285499
3874,655.1760268998053,-83.89857240612675
3875,653.247646977802,-97.78603373675267
3876,651.0249347983307,-111.62943584390965
3877,648.5088918435957,-125.42254133843642
3878,645.7006517611597,-139.15913549319717
3879,642.6014798531583,-152.8330290432387
3880,639.2127725061965,-166.4380609744713
3881,635.536056562182,-179.9681012996232
3882,631.5729886303786,-193.4170538202149
3883,627.3253543409936,-206.77885887330743
3884,622.7950675406283,-220.04749606179243
3885,617.9841694299624,-233.21698696698704
3886,612.8948276440544,-246.28139784231615
3887,607.5293352756748,-259.2348422868673
3888,601.8901098421139,-272.07148389761164
3889,595.9796921959257,-284.7855388990987
3890,589.8007453801022,-297.37127874943866
3891,583.3560534281925,-309.8230327213976
3892,576.6485201099072,-322.13519045744505
3893,569.6811676227743,-334.3022044975966
3894,562.4571352304333,-346.3185927789243
3895,554.9796778481867,-358.17894110559206
3896,547.2521645764383,-369.8779055883215
3897,539.2780771826868,-381.4102150521724
3898,531.061008532754,-392.77067341156544
3899,522.6046609719549,-403.9541620114693
3900,513.9128446569417,-414.95564193370166
3901,504.9894758389697,-425.7701562673022
3902,495.83857509936115,-436.3928323419572
3903,486.4642655379621,-446.8188839234657
3904,476.87077091540647,-457.0436133702628
3905,467.0624137500257,-467.06241375002566
3906,457.0436133702629,-476.8707709154064
3907,446.81888392346576,-486.46426553796204
3908,436.3928323419571,-495.8385750993612
3909,425.77015626730224,-504.9894758389697
3910,414.9556419337015,-513.9128446569418
3911,403.9541620114694,-522.6046609719549
3912,392.7706734115655,-531.0610085327539
3913,381.41021505217225,-539.278077182687
3914,369.87790558832154,-547.2521645764383
3915,358.1789411055922,-554.9796778481867
3916,346.31859277892414,-562.4571352304334
3917,334.302204497597,-569.6811676227741
3918,322.1351904574449,-576.6485201099072
3919,309.8230327213977,-583.3560534281925
3920,297.3712787494385,-589.8007453801022
3921,284.7855388990988,-595.9796921959256
3922,272.0714838976117,-601.8901098421139
3923,259.23484228686715,-607.529335275675
3924,246.28139784231627,-612.8948276440543
3925,233.21698696698704,-617.9841694299624
3926,220.04749606179243,-622.7950675406283
3927,206.77885887330734,-627.3253543409936
3928,193.41705382021502,-631.5729886303786
3929,179.9681012996232,-635.536056562182
3930,166.43806097447117,-639.2127725061965
3931,152.83302904323878,-642.6014798531583
3932,139.15913549319728,-645.7006517611596
3933,125.42254133843639,-648.5088918435957
3934,111.62943584390976,-651.0249347983307
3935,97.78603373675264,-653.2476469778021
3936,83.89857240612685,-655.1760268998053
3937,69.97330909285496,-656.8092056987297
3938,56.016518070110415,-658.1464475170411
3939,42.034487816431415,-659.1871498368356
3940,28.03351818233892,-659.9308437513138
3941,14.019917551825138,-660.377194176056
3942,8.08911051653605e-14,-660.5260000000003
3943,-14.019917551824978,-660.377194176056
3944,-28.033518182338753,-659.9308437513138
3945,-42.03448781643154,-659.1871498368356
3946,-56.01651807011026,-658.1464475170411
3947,-69.97330909285509,-656.8092056987297
3948,-83.89857240612669,-655.1760268998053
3949,-97.7860337367525,-653.2476469778021
3950,-111.62943584390989,-651.0249347983307
3951,-125.42254133843623,-648.5088918435958
3952,-139.1591354931971,-645.7006517611597
3953,-152.83302904323864,-642.6014798531583
3954,-166.43806097447097,-639.2127725061966
3955,-179.96810129962333,-635.5360565621819
3956,-193.41705382021487,-631.5729886303787
3957,-206.77885887330748,-627.3253543409936
3958,-220.04749606179226,-622.7950675406283
3959,-233.2169869669869,-617.9841694299625
3960,-246.2813978423164,-612.8948276440543
3961,-259.2348422868673,-607.529335275675
3962,-272.07148389761153,-601.8901098421139
3963,-284.78553889909864,-595.9796921959257
3964,-297.3712787494386,-589.8007453801022
3965,-309.8230327213978,-583.3560534281925
3966,-322.135190457445,-576.6485201099072
3967,-334.30220449759685,-569.6811676227742
3968,-346.318592778924,-562.4571352304336
3969,-358.17894110559206,-554.9796778481867
3970,-369.87790558832165,-547.2521645764382
3971,-381.41021505217236,-539.2780771826868
3972,-392.7706734115654,-531.061008532754
3973,-403.9541620114693,-522.604660971955
3974,-414.95564193370166,-513.9128446569418
3975,-425.7701562673021,-504.98947583896984
3976,-436.3928323419572,-495.8385750993612
3977,-446.8188839234657,-486.4642655379621
3978,-457.0436133702628,-476.8707709154066
3979,-467.06241375002566,-467.0624137500258
3980,-476.8707709154064,-457.04361337026296
3981,-486.4642655379622,-446.81888392346553
3982,-495.8385750993612,-436.39283234195716
3983,-504.9894758389697,-425.77015626730224
3984,-513.9128446569418,-414.9556419337016
3985,-522.604660971955,-403.95416201146924
3986,-531.061008532754,-392.7706734115653
3987,-539.278077182687,-381.41021505217225
3988,-547.2521645764381,-369.8779055883218
3989,-554.9796778481868,-358.17894110559195
3990,-562.4571352304336,-346.3185927789239
3991,-569.6811676227744,-334.30220449759656
3992,-576.648520109907,-322.13519045744516
3993,-583.3560534281922,-309.823032721398
3994,-589.8007453801023,-297.37127874943826
3995,-595.9796921959256,-284.7855388990988
3996,-601.8901098421139,-272.07148389761176
3997,-607.5293352756748,-259.2348422868675
3998,-612.8948276440543,-246.28139784231632
3999,-617.9841694299624,-233.21698696698706
4000,-622.7950675406283,-220.04749606179246
4001,-627.3253543409936,-206.77885887330743
4002,-631.5729886303787,-193.41705382021476
4003,-635.5360565621819,-179.96810129962324
4004,-639.2127725061965,-166.4380609744712
4005,-642.6014798531583,-152.83302904323855
4006,-645.7006517611597,-139.159135493197
4007,-648.5088918435958,-125.42254133843615
4008,-651.0249347983307,-111.6294358439101
4009,-653.2476469778021,-97.7860337367524
4010,-655.1760268998053,-83.8985724061266
4011,-656.8092056987297,-69.9733090928553
4012,-658.1464475170411,-56.01651807010987
4013,-659.1871498368356,-42.03448781643174
4014,-659.9308437513137,-28.03351818233925
4015,-660.377194176056,-14.019917551824593
4016,-660.5260000000003,-1.2133665774804073e-13
4017,-660.377194176056,14.019917551824935
4018,-659.9308437513138,28.033518182339012
4019,-659.1871498368356,42.03448781643151
4020,-658.1464475170411,56.01651807010963
4021,-656.8092056987297,69.97330909285505
4022,-655.1760268998052,83.89857240612693
4023,-653.247646977802,97.78603373675273
4024,-651.0249347983307,111.62943584390986
4025,-648.5088918435958,125.4225413384359
4026,-645.7006517611596,139.15913549319737
4027,-642.6014798531583,152.8330290432389
4028,-639.2127725061966,166.43806097447094
4029,-635.5360565621818,179.96810129962358
4030,-631.5729886303789,193.41705382021453
4031,-627.3253543409937,206.77885887330717
4032,-622.7950675406282,220.04749606179277
4033,-617.9841694299625,233.21698696698684
4034,-612.8948276440544,246.2813978423161
4035,-607.529335275675,259.23484228686726
4036,-601.890109842114,272.07148389761153
4037,-595.9796921959257,284.7855388990986
4038,-589.8007453801022,297.3712787494386
4039,-583.3560534281925,309.8230327213978
4040,-576.6485201099075,322.1351904574444
4041,-569.6811676227742,334.30220449759685
4042,-562.4571352304333,346.31859277892426
4043,-554.9796778481866,358.17894110559223
4044,-547.2521645764382,369.8779055883216
4045,-539.2780771826871,381.41021505217213
4046,-531.0610085327538,392.7706734115656
4047,-522.6046609719549,403.95416201146946
4048,-513.912844656942,414.9556419337014
4049,-504.9894758389695,425.7701562673025
4050,-495.8385750993614,436.39283234195693
4051,-486.4642655379623,446.81888392346536
4052,-476.8707709154061,457.0436133702632
4053,-467.0624137500258,467.0624137500256
4054,-457.04361337026296,476.87077091540635
4055,-446.8188839234656,486.4642655379621
4056,-436.39283234195716,495.8385750993612
4057,-425.77015626730275,504.98947583896927
4058,-414.9556419337016,513.9128446569418
4059,-403.95416201146924,522.604660971955
4060,-392.7706734115653,531.061008532754
4061,-381.41021505217236,539.278077182687
4062,-369.8779055883219,547.2521645764381
4063,-358.17894110559195,554.9796778481868
4064,-346.318592778924,562.4571352304336
4065,-334.3022044975971,569.681167622774
4066,-322.1351904574447,576.6485201099074
4067,-309.823032721398,583.3560534281922
4068,-297.37127874943883,589.800745380102
4069,-284.78553889909836,595.9796921959258
4070,-272.0714838976118,601.8901098421139
4071,-259.23484228686755,607.5293352756748
4072,-246.28139784231635,612.8948276440543
4073,-233.2169869669871,617.9841694299624
4074,-220.0474960617925,622.7950675406283
4075,-206.77885887330746,627.3253543409936
4076,-193.4170538202148,631.5729886303787
4077,-179.96810129962384,635.5360565621818
4078,-166.4380609744712,639.2127725061965
4079,-152.83302904323858,642.6014798531583
4080,-139.15913549319706,645.7006517611597
4081,-125.42254133843619,648.5088918435958
4082,-111.62943584391013,651.0249347983307
4083,-97.78603373675244,653.2476469778021
4084,-83.89857240612663,655.1760268998053
4085,-69.97330909285533,656.8092056987297
4086,-56.01651807010991,658.1464475170411
4087,-42.03448781643179,659.1871498368355
4088,-28.03351818233929,659.9308437513137
4089,-14.019917551824634,660.377194176056
4090,7.022324795381517,690.676301821967
4091,21.064070973750628,690.3907385372527
4092,35.09710811536714,689.8197300352742
4093,49.11563419666358,688.9635124021155
4094,63.11385319373688,687.8224396448838
4095,77.08597747874111,686.3969835453441
4096,91.02623021280876,684.6877334648586
4097,104.92884773451115,682.6953961007121
4098,118.78808194287083,680.4207951939258
4099,132.59820267394016,677.8648711886766
4100,146.35350006996404,675.0286808434672
4101,160.0482869401466,671.9133967942037
4102,173.67690111204644,668.5203070693641
4103,187.2337077726277,664.8508145574575
4104,200.71310179799957,660.9064364269925
4105,214.10951007088013,656.6888034991979
4106,227.41739378482754,652.1996595737513
4107,240.6312507342848,647.4408607077979
4108,253.74561758949207,642.4143744485546
4109,266.7550721553251,637.1222790198187
4110,279.6542356131269,631.5667624627171
4111,292.43777474460506,625.7501217310502
4112,305.10040413687506,619.6747617416058
4113,317.6368883677386,613.343194379836
4114,330.04204417029297,606.7580374613053
4115,342.3107425759765,599.9220136493442
4116,354.43791103516395,592.8379493293506
4117,366.41853551443586,585.5087734402078
4118,378.2476625696531,577.9375162633019
4119,389.92040139398136,570.1273081696376
4120,401.43192584001787,562.081378325572
4121,412.7774764151837,553.8030533577013
4122,423.9523622495583,545.2957559774509
4123,434.95196303534084,536.5630035659409
4124,445.7717309371376,527.6084067197079
4125,456.40719247228583,518.4356677578871
4126,466.853950360435,509.0485791914726
4127,477.1076853416235,499.4510221552848
4128,487.16415796209503,489.6469648032992
4129,497.0192103271219,479.64046066799307
4130,506.6687678201043,469.43564698439525
4131,516.10884078724,459.0367429795265
4132,525.3355261870646,448.4480481279413
4133,534.345009204182,437.67394037409053
4134,543.1335648265181,426.7188743222391
4135,551.6975593854424,415.5873793946907
4136,560.0334520581268,404.28405795907685
4137,568.1377963315138,392.8135834254868
4138,576.0072414272937,381.1806983142245
4139,583.6385336872992,369.39021229499275
4140,591.0285179187451,357.44700019831197
4141,598.1741386987575,345.3560000000002
4142,605.072441637652,333.1222107795436
4143,611.7205746004403,320.75069065320463
4144,618.1157888860574,308.24655468272044
4145,624.2554403638263,295.614972760457
4146,630.1369905666844,282.86116747189385
4147,635.7580077407249,269.99041193632183
4148,641.1161678506172,257.00802762664756
4149,646.2092555404892,243.9193821692063
4150,651.0351650498761,230.7298871244925
4151,655.5919010843579,217.44499574972482
4152,659.8775796405222,204.07020074417235
4153,663.8904287849138,190.6110319781722
4154,667.6287893866496,177.07305420677991
4155,671.0911158033929,163.46186476899592
4156,674.2759765204073,149.7830912735198
4157,677.1820547424221,136.04238927198986
4158,679.8081489380681,122.24543992066886
4159,682.1531733366555,108.39794763154492
4160,684.2161583770918,94.50563771381496
4161,685.99625110875,80.57425400673063
4162,687.4927155441263,66.60955650478036
4163,688.7049329631361,52.61731897619434
4164,689.6324021689281,38.603326575752924
4165,690.2747396951053,24.57337345288818
4166,690.6316799642714,10.533260356065735
4167,690.7030753978352,-3.511207765560949
4168,690.488896477027,-17.55422416223312
4169,689.9892317551041,-31.589982684414515
4170,689.2042878207376,-45.612680183370216
4171,688.134389212597,-59.61651891050559
4172,686.7799782851688,-73.59570891447167
4173,685.1416150258628,-87.54447043504683
4174,683.2199768234831,-101.45703629280567
4175,681.0158581881576,-115.32765427358534
4176,678.5301704228452,-129.15058950676567
4177,675.7639412465528,-142.9201268363765
4178,672.7183143694205,-156.63057318405646
4179,669.3945490198489,-170.27625990288118
4180,665.7940194238662,-183.8515451210919
4181,661.9182142369473,-197.35081607475362
4182,657.7687359285227,-210.7684914283771
4183,653.3473001194302,-224.09902358254834
4184,648.6557348725839,-237.33690096760898
4185,643.6959799371522,-250.47665032244007
4186,638.4700859465606,-263.5128389574062
4187,632.980213570648,-276.44007700052714
4188,627.2286326223267,-289.2530196259442
4189,621.2177211191191,-301.9463692637632
4190,614.9499642999546,-314.51487779036006
4191,608.4279535976365,-326.95334869823984
4192,601.6543855674024,-339.2566392445576
4193,594.632060772021,-351.41966257740893
4194,587.363882623886,-363.4373898390126
4195,579.8528561845874,-375.30485224491395
4196,572.1020869224554,-387.017143138352
4197,564.1147794285897,-398.56942001893964
4198,555.8942360919069,-409.9569065448168
4199,547.443855733752,-421.1748945074521
4200,538.767132202641,-432.21874577827185
4201,529.867652929713,-443.08389422631643
4202,520.7490974454901,-453.76584760612815
4203,511.4152358585586,-464.26018941509005
4204,501.8699272968008,-474.56258071944984
4205,492.11711831182015,-484.66876194827177
4206,482.16084124722147,-494.57455465457593
4207,472.0052125714211,-504.2758632429357
4208,461.6544311756729,-513.768676662821
4209,451.11277663801786,-523.0490700669855
4210,440.38460745387295,-532.1132064342123
4211,429.47435923399115,-540.9573381557489
4212,418.3865428705379,-549.5778085847718
4213,407.12574267204184,-557.9710535482453
4214,395.69661446799205,-566.1336028205442
4215,384.10388368386293,-574.0620815582353
4216,372.352343387366,-581.7532116954212
4217,360.4468523067344,-589.203813299072
4218,348.392332821859,-596.410805883783
4219,336.19376892910765,-603.3712096854159
4220,323.85620418066964,-610.0821468930958
4221,311.38473959927524,-616.5408428390548
4222,298.7845315691549,-622.7446271458318
4223,286.0607897041088,-628.6909348303521
4224,273.2187746935667,-634.3773073644315
4225,260.26379612753374,-639.8013936912657
4226,247.20121030131494,-644.9609511974857
4227,234.0364180009309,-649.8538466403766
4228,220.7748622701367,-654.4780570298768
4229,207.42202615997255,-658.8316704649922
4230,193.98343046176976,-662.9128869242808
4231,180.4646314245547,-666.720019010079
4232,166.87121845779234,-670.251492646165
4233,153.20881182041825,-673.5058477285673
4234,139.4830602971183,-676.4817387292512
4235,125.6996388628118,-679.1779352524337
4236,111.86424633630716,-681.5933225432966
4237,97.98260302409932,-683.7269019488864
4238,84.0604483552826,-685.5777913310125
4239,70.10353850855758,-687.1452254309708
4240,56.11764403231281,-688.4285561859438
4241,42.10854745876427,-689.427252996945
4242,28.08204091314147,-690.1409029481973
4243,14.043923718907328,-690.5692109778555
4244,3.913255703072233e-13,-690.7120000000003
4245,-14.043923718906546,-690.5692109778555
4246,-28.082040913140688,-690.1409029481973
4247,-42.10854745876349,-689.427252996945
4248,-56.117644032312334,-688.4285561859438
4249,-70.1035385085574,-687.1452254309708
4250,-84.06044835528182,-685.5777913310126
4251,-97.98260302409854,-683.7269019488866
4252,-111.8642463363064,-681.5933225432968
4253,-125.69963886281101,-679.1779352524339
4254,-139.48306029711753,-676.4817387292513
4255,-153.20881182041748,-673.5058477285676
4256,-166.87121845779157,-670.2514926461652
4257,-180.46463142455426,-666.7200190100791
4258,-193.9834304617693,-662.9128869242808
4259,-207.42202615997212,-658.8316704649924
4260,-220.774862270136,-654.478057029877
4261,-234.03641800093018,-649.8538466403768
4262,-247.20121030131455,-644.9609511974859
4263,-260.263796127533,-639.8013936912661
4264,-273.21877469356593,-634.3773073644319
4265,-286.06078970410806,-628.6909348303524
4266,-298.78453156915447,-622.744627145832
4267,-311.38473959927484,-616.5408428390549
4268,-323.8562041806692,-610.082146893096
4269,-336.19376892910697,-603.3712096854164
4270,-348.39233282185825,-596.4108058837834
4271,-360.4468523067337,-589.2038132990724
4272,-372.35234338736535,-581.7532116954217
4273,-384.1038836838623,-574.0620815582357
4274,-395.69661446799165,-566.1336028205445
4275,-407.12574267204144,-557.9710535482457
4276,-418.3865428705375,-549.577808584772
4277,-429.47435923399075,-540.9573381557491
4278,-440.3846074538724,-532.1132064342129
4279,-451.1127766380173,-523.0490700669859
4280,-461.6544311756723,-513.7686766628216
4281,-472.00521257142054,-504.2758632429362
4282,-482.1608412472209,-494.5745546545765
4283,-492.1171183118196,-484.6687619482723
4284,-501.86992729680054,-474.5625807194501
4285,-511.41523585855856,-464.2601894150902
4286,-520.7490974454901,-453.76584760612826
4287,-529.8676529297128,-443.08389422631683
4288,-538.7671322026405,-432.2187457782724
4289,-547.4438557337517,-421.1748945074524
4290,-555.8942360919065,-409.9569065448174
4291,-564.1147794285897,-398.5694200189398
4292,-572.1020869224552,-387.0171431383524
4293,-579.8528561845869,-375.30485224491457
4294,-587.3638826238856,-363.437389839013
4295,-594.6320607720206,-351.4196625774096
4296,-601.654385567402,-339.2566392445583
4297,-608.4279535976362,-326.95334869824023
4298,-614.9499642999541,-314.51487779036074
4299,-621.2177211191189,-301.94636926376364
4300,-627.2286326223265,-289.2530196259446
4301,-632.980213570648,-276.4400770005273
4302,-638.4700859465605,-263.51283895740664
4303,-643.6959799371521,-250.4766503224402
4304,-648.6557348725838,-237.33690096760947
4305,-653.3473001194301,-224.09902358254894
4306,-657.7687359285225,-210.76849142837787
4307,-661.9182142369472,-197.35081607475408
4308,-665.794019423866,-183.85154512109267
4309,-669.3945490198488,-170.27625990288152
4310,-672.7183143694203,-156.63057318405708
4311,-675.7639412465527,-142.92012683637742
4312,-678.5301704228451,-129.15058950676615
4313,-681.0158581881576,-115.32765427358612
4314,-683.2199768234831,-101.45703629280598
4315,-685.1416150258628,-87.54447043504747
4316,-686.7799782851687,-73.59570891447198
4317,-688.1343892125968,-59.616518910506215
4318,-689.2042878207376,-45.612680183370394
4319,-689.9892317551041,-31.589982684414835
4320,-690.488896477027,-17.554224162233744
4321,-690.7030753978352,-3.511207765561272
4322,-690.6316799642714,10.533260356065107
4323,-690.2747396951053,24.573373452888013
4324,-689.6324021689281,38.603326575752604
4325,-688.7049329631361,52.61731897619432
4326,-687.4927155441263,66.60955650478003
4327,-685.99625110875,80.57425400673061
4328,-684.2161583770919,94.5056377138148
4329,-682.1531733366558,108.39794763154386
4330,-679.8081489380683,122.24543992066825
4331,-677.1820547424223,136.04238927198892
4332,-674.2759765204074,149.78309127351935
4333,-671.0911158033931,163.46186476899518
4334,-667.6287893866496,177.07305420677946
4335,-663.890428784914,190.61103197817147
4336,-659.8775796405222,204.07020074417204
4337,-655.5919010843581,217.4449957497244
4338,-651.0351650498764,230.72988712449174
4339,-646.2092555404893,243.91938216920585
4340,-641.1161678506176,257.0080276266469
4341,-635.7580077407251,269.99041193632155
4342,-630.1369905666845,282.8611674718935
4343,-624.2554403638264,295.6149727604569
4344,-618.1157888860577,308.24655468272005
4345,-611.7205746004403,320.75069065320463
4346,-605.0724416376521,333.1222107795433
4347,-598.1741386987577,345.3559999999997
4348,-591.0285179187453,357.4470001983118
4349,-583.6385336872995,369.3902122949923
4350,-576.0072414272937,381.1806983142245
4351,-568.137796331514,392.81358342548646
4352,-560.0334520581268,404.2840579590769
4353,-551.697559385443,415.58737939469
4354,-543.1335648265184,426.7188743222387
4355,-534.3450092041826,437.6739403740899
4356,-525.3355261870652,448.44804812794064
4357,-516.1088407872404,459.03674297952597
4358,-506.6687678201049,469.4356469843945
4359,-497.0192103271222,479.6404606679927
4360,-487.1641579620956,489.6469648032987
4361,-477.1076853416237,499.4510221552846
4362,-466.8539503604355,509.04857919147213
4363,-456.407192472286,518.4356677578869
4364,-445.77173093713805,527.6084067197075
4365,-434.9519630353414,536.5630035659404
4366,-423.9523622495587,545.2957559774507
4367,-412.77747641518425,553.8030533577008
4368,-401.43192584001804,562.0813783255719
4369,-389.9204013939818,570.1273081696373
4370,-378.2476625696532,577.9375162633019
4371,-366.4185355144362,585.5087734402075
4372,-354.43791103516406,592.8379493293506
4373,-342.31074257597675,599.9220136493442
4374,-330.0420441702934,606.7580374613051
4375,-317.63688836773866,613.3431943798358
4376,-305.1004041368759,619.6747617416054
4377,-292.4377747446051,625.7501217310502
4378,-279.6542356131277,631.5667624627168
4379,-266.7550721553256,637.1222790198185
4380,-253.74561758949278,642.4143744485543
4381,-240.63125073428523,647.4408607077977
4382,-227.41739378482814,652.1996595737511
4383,-214.109510070881,656.6888034991977
4384,-200.7131017980001,660.9064364269924
4385,-187.23370777262852,664.8508145574572
4386,-173.67690111204686,668.5203070693641
4387,-160.04828694014728,671.9133967942035
4388,-146.35350006996435,675.0286808434671
4389,-132.59820267394073,677.8648711886765
4390,-118.78808194287105,680.4207951939258
4391,-104.92884773451159,682.6953961007121
4392,-91.02623021280947,684.6877334648584
4393,-77.08597747874146,686.3969835453441
4394,-63.11385319373747,687.8224396448838
4395,-49.1156341966638,688.9635124021155
4396,-35.09710811536761,689.8197300352742
4397,-21.06407097375073,690.3907385372527
4398,-7.022324795381869,690.676301821967
4399,0.0,721.6000000000004
4400,14.036100866347825,721.463476464658
4401,28.066890596019665,721.0539575179318
4402,42.08706006202678,720.3715981181766
4403,56.09130415599445,719.4166564641663
4404,70.07432379556818,718.1894938973936
4405,84.03082792953964,716.6905747653423
4406,97.95553553993383,714.9204662457813
4407,111.84317764029961,712.8798381321503
4408,125.6884992694476,710.5694625801158
4409,139.4862614798813,707.9902138153936
4410,153.2312433201683,705.14306780295
4411,166.91824381050253,702.0291018777058
4412,180.54208391070893,698.6494943368807
4413,194.0976084799464,695.0055239941378
4414,207.5796882273681,691.0985696956905
4415,220.98322165299913,686.9301097985602
4416,234.3031369780997,682.5017216111783
4417,247.53439406428114,677.8150807965471
4418,260.6719863206497,672.8719607381835
4419,273.7109425982567,667.6742318690863
4420,286.64632907113696,662.223860963981
4421,299.47325110322544,656.5229103951095
4422,312.186855100444,650.5735373518469
4423,324.7823303472587,644.3779930244394
4424,337.25491082701217,637.938621752175
4425,349.599877025342,631.2578601363047
4426,361.8125577160035,624.3382361180551
4427,373.8883317284203,617.1823680220776
4428,385.82262969629517,609.7929635656974
4429,397.6109357866169,602.172818834337
4430,409.24878940841216,594.3248172235026
4431,420.73178690059365,586.2519283477317
4432,432.055583198267,577.9572069169186
4433,443.2158934768645,569.4437915804378
4434,454.2084947734849,560.7149037395079
4435,465.02922758482526,551.773846328241
4436,475.67399744110094,542.6240025638416
4437,486.1387764553559,533.2688346664279
4438,496.4196048475802,523.7118825489573
4439,506.51259244305567,513.9567624777551
4440,516.4139201443634,504.0071657041511
4441,526.1198413764968,493.8668570677429
4442,535.6266835045325,483.5396735718135
4443,544.9308492233229,473.0295229314432
4444,554.0288179186847,462.3403820948647
4445,562.9171469995682,451.4762957386213
4446,571.5924732007035,440.44137473709674
4447,580.05151385523,429.2397946069964
4448,588.2910681368294,417.875793927369
4449,596.308018270889,406.35367273576566
4450,604.0993307142409,394.67779090114345
4451,611.662057303028,382.85256647412956
4452,618.9933363682626,370.88247401527013
4453,626.090393818657,358.77204290189536
4454,632.9505441903154,346.5258556142443
4455,639.5711916628893,334.14854600149357
4456,645.9498310418134,321.6447975283502
4457,652.0840487062484,309.0193415028704
4458,657.9715235223749,296.27695528617346
4459,663.6100277216896,283.4224604847312
4460,668.9974277439719,270.4607211259143
4461,674.1316850446067,257.39664181748714
4462,679.0108568659492,244.23516589174838
4463,683.6330969724496,230.98127353501576
4464,687.9966563492502,217.63997990316992
4465,692.0998838639985,204.21633322396224
4466,695.9412268916205,190.71541288680993
4467,699.5192319018212,177.14232752080082
4468,702.8325450090862,163.5022130616322
4469,705.8799124849813,149.80023080821894
4470,708.6601812325516,136.0415654697034
4471,711.1722992226437,122.23142320360596
4472,713.4153158919836,108.37502964586324
4473,715.388382502862,94.47762793349155
4474,717.090752464289,80.54447672063141
4475,718.5217816144973,66.58084818871878
4476,719.6809284646877,52.592026051537644
4477,720.5677544039235,38.583303555910696
4478,721.181923865097,24.55998147877944
4479,721.5232044519051,10.527366121439144
4480,721.5914670267862,-3.5092326983199023
4481,721.3866857597845,-17.544503655400856
4482,720.908938138324,-31.573135927157757
4483,720.1584049378874,-45.58982120296521
4484,719.1353701536133,-59.589255692834996
4485,717.8402208928342,-73.56614213432451
4486,716.2734472285982,-87.51519179697364
4487,714.4356420142307,-101.43112648351318
4488,712.3275006590032,-115.30868052708924
4489,709.9498208649967,-129.14260278374383
4490,707.3035023252579,-142.9276586194026
4491,704.3895463833644,-156.65863189061315
4492,701.2090556545243,-170.33032691828797
4493,697.7632336083559,-183.93757045370447
4494,694.0533841135067,-197.47521363601496
4495,690.0809109442797,-210.93813394053163
4496,685.8473172494587,-224.32123711704367
4497,681.3542049835293,-237.619459117437
4498,676.6032743005136,-250.8277680118858
4499,671.5963229106476,-263.9411658928894
4500,666.3352454001422,-276.95469076643707
4501,660.8220325142897,-289.8634184295829
4502,655.0587704041832,-302.6624643337198
4503,649.0476398373344,-315.3469854328503
4504,642.7909153724919,-327.91218201615266
4505,636.2909644989671,-340.35329952414827
4506,629.5502467407978,-352.66563034778596
4507,622.5713127260856,-364.84451560975816
4508,615.3568032218611,-376.8853469273809
4509,607.9094481348407,-388.78356815636386
4510,600.2320654784537,-400.5346771148158
4511,592.3275603065325,-412.13422728682906
4512,584.1989236140628,-423.57782950500473
4513,575.8492312054212,-434.86115361127156
4514,567.2816425305148,-445.979930095382
4515,558.4993994892751,-456.92995171045595
4516,549.505825204951,-467.7070750649667
4517,540.3043227666686,-478.3072221905624
4518,530.8983739417321,-488.72638208513484
4519,521.2915378581536,-498.96061223054653
4520,511.4874496579111,-509.0060400844439
4521,501.4898191214421,-518.8588645455948
4522,491.30242926389576,-528.5153573921908
4523,480.929134903674,-537.971864692573
4524,470.3738612038012,-547.2248081878487
4525,459.6406021866775,-556.2706866458711
4526,448.7334192227755,-565.1060771860779
4527,437.65643949385606,-573.727636574674
4528,426.4138544312751,-582.1321024896872
4529,415.00991812998575,-590.316294755399
4530,403.44894573882624,-598.2771165456942
4531,391.73531182770455,-606.0115555558751
4532,379.87344873230035,-613.5166851424899
4533,367.86784487690795,-620.7896654307477
4534,355.72304307605765,-627.8277443891037
4535,343.44363881555256,-634.6282588706027
4536,331.0342785135784,-641.1886356205911
4537,318.4996577625409,-647.5063922504124
4538,305.84451955229315,-653.5791381767227
4539,293.0736524754311,-659.4045755260656
4540,280.1918889153331,-664.9805000043672
4541,267.20410321762745,-670.3048017310215
4542,254.11520984578286,-675.3754660372513
4543,240.93016152152,-680.1905742284399
4544,227.65394735074548,-684.7483043101491
4545,214.29159093571667,-689.0469316775454
4546,200.84814847415578,-693.0848297679757
4547,187.32870684603023,-696.8604706764437
4548,173.7383816887203,-700.3724257337557
4549,160.08231546130807,-703.619366047117
4550,146.36567549871722,-706.6000630029725
4551,132.59365205643724,-709.3133887319038
4552,118.77145634657774,-711.7583165354048
4553,104.90431856599123,-713.933921274375
4554,90.99748591721408,-715.8393797191845
4555,77.05622062296972,-717.4739708611768
4556,63.08579793498979,-718.8370761854916
4557,49.09150413790826,-719.9281799051057
4558,35.0786345489748,-720.7468691560026
4559,21.05249151435474,-721.2928341533961
4560,7.018382402769092,-721.56586830895
4561,-7.018382402768915,-721.56586830895
4562,-21.052491514354564,-721.2928341533961
4563,-35.07863454897462,-720.7468691560026
4564,-49.09150413790809,-719.9281799051057
4565,-63.085797934989614,-718.8370761854916
4566,-77.05622062296953,-717.4739708611768
4567,-90.99748591721422,-715.8393797191845
4568,-104.90431856599137,-713.933921274375
4569,-118.77145634657755,-711.7583165354049
4570,-132.59365205643738,-709.3133887319038
4571,-146.36567549871705,-706.6000630029725
4572,-160.0823154613079,-703.6193660471171
4573,-173.73838168872015,-700.3724257337557
4574,-187.32870684603003,-696.8604706764437
4575,-200.84814847415564,-693.0848297679759
4576,-214.2915909357165,-689.0469316775456
4577,-227.65394735074528,-684.7483043101491
4578,-240.93016152151984,-680.19057422844
4579,-254.11520984578237,-675.3754660372514
4580,-267.2041032176273,-670.3048017310216
4581,-280.1918889153332,-664.9805000043671
4582,-293.07365247543123,-659.4045755260656
4583,-305.84451955229326,-653.5791381767226
4584,-318.499657762541,-647.5063922504122
4585,-331.0342785135782,-641.1886356205912
4586,-343.4436388155524,-634.6282588706028
4587,-355.72304307605754,-627.8277443891038
4588,-367.86784487690784,-620.7896654307477
4589,-379.87344873229995,-613.51668514249
4590,-391.73531182770444,-606.0115555558754
4591,-403.44894573882607,-598.2771165456943
4592,-415.0099181299856,-590.316294755399
4593,-426.41385443127496,-582.1321024896874
4594,-437.656439493856,-573.7276365746741
4595,-448.7334192227756,-565.1060771860778
4596,-459.64060218667714,-556.2706866458715
4597,-470.37386120380125,-547.2248081878486
4598,-480.9291349036742,-537.971864692573
4599,-491.3024292638959,-528.5153573921907
4600,-501.48981912144217,-518.8588645455947
4601,-511.48744965791093,-509.00604008444395
4602,-521.2915378581534,-498.9606122305466
4603,-530.8983739417321,-488.726382085135
4604,-540.3043227666685,-478.3072221905626
4605,-549.505825204951,-467.7070750649667
4606,-558.499399489275,-456.9299517104561
4607,-567.2816425305147,-445.9799300953821
4608,-575.849231205421,-434.86115361127173
4609,-584.1989236140628,-423.5778295050049
4610,-592.3275603065322,-412.13422728682946
4611,-600.2320654784536,-400.53467711481596
4612,-607.9094481348403,-388.7835681563643
4613,-615.3568032218611,-376.88534692738074
4614,-622.5713127260857,-364.8445156097581
4615,-629.5502467407978,-352.66563034778585
4616,-636.2909644989671,-340.35329952414844
4617,-642.7909153724919,-327.9121820161528
4618,-649.0476398373344,-315.3469854328505
4619,-655.0587704041831,-302.66246433372
4620,-660.82203251429,-289.8634184295826
4621,-666.3352454001422,-276.95469076643695
4622,-671.5963229106474,-263.94116589288984
4623,-676.6032743005135,-250.82776801188626
4624,-681.3542049835293,-237.619459117437
4625,-685.8473172494587,-224.32123711704367
4626,-690.0809109442797,-210.93813394053174
4627,-694.0533841135066,-197.47521363601527
4628,-697.7632336083558,-183.93757045370484
4629,-701.2090556545241,-170.33032691828845
4630,-704.3895463833644,-156.6586318906135
4631,-707.3035023252577,-142.92765861940308
4632,-709.9498208649967,-129.14260278374383
4633,-712.3275006590032,-115.30868052708927
4634,-714.4356420142307,-101.43112648351337
4635,-716.2734472285982,-87.51519179697382
4636,-717.840220892834,-73.56614213432485
4637,-719.1353701536133,-59.58925569283534
4638,-720.1584049378873,-45.589821202965545
4639,-720.908938138324,-31.57313592715761
4640,-721.3866857597845,-17.54450365540071
4641,-721.5914670267862,-3.5092326983199187
4642,-721.5232044519051,10.527366121439128
4643,-721.181923865097,24.559981478779267
4644,-720.5677544039235,38.58330355591036
4645,-719.6809284646877,52.592026051538106
4646,-718.5217816144973,66.58084818871907
4647,-717.0907524642889,80.5444767206317
4648,-715.388382502862,94.47762793349169
4649,-713.4153158919836,108.37502964586324
4650,-711.1722992226437,122.23142320360594
4651,-708.6601812325518,136.0415654697026
4652,-705.8799124849812,149.8002308082196
4653,-702.8325450090861,163.50221306163266
4654,-699.5192319018213,177.1423275208005
4655,-695.9412268916208,190.71541288680956
4656,-692.0998838639986,204.21633322396175
4657,-687.9966563492503,217.63997990316943
4658,-683.6330969724498,230.98127353501516
4659,-679.0108568659493,244.2351658917482
4660,-674.1316850446067,257.39664181748714
4661,-668.9974277439719,270.4607211259141
4662,-663.6100277216896,283.422460484731
4663,-657.9715235223752,296.2769552861732
4664,-652.0840487062485,309.01934150287
4665,-645.9498310418135,321.6447975283498
4666,-639.5711916628893,334.14854600149357
4667,-632.9505441903154,346.5258556142443
4668,-626.090393818657,358.77204290189536
4669,-618.9933363682627,370.88247401526996
4670,-611.6620573030282,382.8525664741294
4671,-604.0993307142411,394.6777909011432
4672,-596.3080182708887,406.3536727357659
4673,-588.2910681368292,417.87579392736916
4674,-580.0515138552299,429.23979460699644
4675,-571.5924732007034,440.4413747370968
4676,-562.9171469995681,451.47629573862133
4677,-554.0288179186847,462.3403820948646
4678,-544.930849223323,473.029522931443
4679,-535.6266835045323,483.53967357181375
4680,-526.1198413764964,493.8668570677432
4681,-516.4139201443631,504.0071657041513
4682,-506.51259244305595,513.9567624777548
4683,-496.4196048475806,523.7118825489569
4684,-486.1387764553563,533.2688346664276
4685,-475.6739974411014,542.6240025638413
4686,-465.0292275848254,551.7738463282409
4687,-454.208494773485,560.7149037395079
4688,-443.21589347686466,569.4437915804377
4689,-432.0555831982673,577.9572069169184
4690,-420.73178690059393,586.2519283477315
4691,-409.24878940841245,594.3248172235024
4692,-397.6109357866173,602.1728188343368
4693,-385.8226296962953,609.7929635656974
4694,-373.88833172842044,617.1823680220775
4695,-361.81255771600354,624.338236118055
4696,-349.59987702534215,631.2578601363044
4697,-337.25491082701245,637.9386217521749
4698,-324.78233034725906,644.3779930244394
4699,-312.1868551004438,650.573537351847
4700,-299.47325110322527,656.5229103951095
4701,-286.64632907113685,662.223860963981
4702,-273.7109425982566,667.6742318690863
4703,-260.67198632064975,672.8719607381835
4704,-247.53439406428126,677.8150807965471
4705,-234.3031369780999,682.5017216111783
4706,-220.98322165299882,686.9301097985602
4707,-207.57968822736782,691.0985696956906
4708,-194.0976084799462,695.0055239941378
4709,-180.54208391070875,698.6494943368807
4710,-166.91824381050247,702.0291018777058
4711,-153.23124332016894,705.14306780295
4712,-139.486261479882,707.9902138153934
4713,-125.68849926944777,710.5694625801158
4714,-111.84317764029983,712.8798381321503
4715,-97.95553553993415,714.9204662457812
4716,-84.03082792954002,716.6905747653423
4717,-70.07432379556863,718.1894938973936
4718,-56.09130415599497,719.4166564641663
4719,-42.08706006202674,720.3715981181766
4720,-28.066890596019697,721.0539575179318
4721,-14.03610086634793,721.463476464658
4722,7.0213112718611965,753.1572726117861
4723,21.061493165151134,752.8954705705534
4724,35.09435395552863,752.371957492067
4725,49.11501573537352,751.5869153526521
4726,63.11860483751577,750.5406170377231
4727,77.10025352935179,749.2334262469276
4728,91.05510170489781,747.6657973677219
4729,104.97829857419231,745.8382753174232
4730,118.86500434946001,743.7514953537932
4731,132.71039192745144,741.4061828542184
4732,146.50964856737338,738.8031530635649
4733,160.2579775638269,735.9433108107937
4734,173.95059991417108,732.8276501944373
4735,187.58275597973358,729.4572542370446
4736,201.1497071402896,725.8332945087159
4737,214.64673744123542,721.9570307198579
4738,228.06915523288257,717.8298102833011
4739,241.41229480130403,713.4530678459298
4740,254.67151799016443,708.8283247899917
4741,267.84221581297146,703.957188704255
4742,280.9198100551878,698.8413528252015
4743,293.8997548656457,693.4825954484467
4744,306.77753833671335,687.8827793105937
4745,319.54868407266036,682.0438509417351
4746,332.20875274568084,675.9678399888264
4747,344.75334363903045,669.6568585101695
4748,357.17809617674214,663.1131002412473
4749,369.478691439389,656.3388398321688
4750,381.6508536653669,649.3364320569863
4751,393.6903517371752,642.1083109951621
4752,405.59300065217855,634.6569891854674
4753,417.3546629773395,626.9850567526087
4754,428.9712502874155,619.0951805068847
4755,440.43872458612014,610.9901030171867
4756,451.7530997097551,602.6726416576653
4757,462.91044271282504,594.1456876283938
4758,473.906875235153,585.4122049503698
4759,484.7385748500225,576.4752294352028
4760,495.401776392876,567.3378676298485
4761,505.89277327010865,558.0032957367538
4762,516.2079187475033,548.4747585097892
4763,526.3436272178568,538.7555681263539
4764,536.2963754473597,528.8491030360411
4765,546.062703800293,518.7588067862696
4766,555.6392174416185,508.4881868252855
4767,565.0225875170448,498.0408132829518
4768,574.2095523101566,487.4203177297496
4769,583.1969183762072,476.6303919144226
4770,591.9815616521797,465.6747864807018
4771,600.5604285427296,454.55730966356
4772,608.930536981634,443.2818259654456
4773,617.0889774683748,431.85225481295834
4774,625.0329140794997,420.2725691944328
4775,632.7595854544063,408.5467942789033
4776,640.266305755207,396.679006016931
4777,647.5504656003435,384.67332972377864
4778,654.6095329716234,372.53393864542574
4779,661.4410540943644,360.2650525079232
4780,668.0426542903427,347.8709360505908
4781,674.4120388032443,335.3558975435677
4782,680.5469935963367,322.724287290232
4783,686.4453861220816,309.9804961150088
4784,692.105166063421,297.1289538370924
4785,697.5243660464806,284.17412773061506
4786,702.7011023244401,271.1205209717948
4787,707.6335754323353,257.9726710736042
4788,712.3200708125635,244.73514830850345
4789,716.7589594108732,231.41255411978574
4790,720.9486982426345,218.0095195220876
4791,724.8878309291883,204.5307034916203
4792,728.5749882040942,190.980791346681
4793,732.0088883890944,177.36449311900859
4794,735.1883378396335,163.6865419165468
4795,738.1122313597765,149.95169227818792
4796,740.7795525863814,136.16471852106622
4797,743.1893743423935,122.33041308097597
4798,745.3408589591378,108.45358484649195
4799,747.2332585674973,94.53905748737046
4800,748.8659153578773,80.59166777781238
4801,750.2382618088635,66.61626391517123
4802,751.3498208844968,52.617703834690026
4803,752.2002062000928,38.60085352085423
4804,752.7891221565521,24.570585315944978
4805,753.1163640431125,10.531776226383982
4806,753.181818108507,-3.5106937725436738
4807,752.9854616005049,-17.551943432998584
4808,752.5273627738208,-31.58709193133841
4809,751.8076808663886,-45.6112605647218
4810,750.8266660440092,-59.61957444697516
4811,749.5846593133917,-73.60716420313261
4812,748.0820924036176,-87.5691676620604
4813,746.319487616068,-101.50073154657717
4814,744.2974576428703,-115.397013160482
4815,742.0167053539208,-129.253182071906
4816,739.4780235525645,-143.06442179239895
4817,736.6822947000107,-156.82593145117033
4818,733.6304906085845,-170.532927463901
4819,730.3236721039193,-184.1806451955462
4820,726.7629886562063,-197.7643406165516
4821,722.9496779806334,-211.27929195190688
4822,718.8850656071461,-224.7208013224632
4823,714.5705644196862,-238.0841963779447
4824,710.0076741650648,-251.3648319210859
4825,705.197980931641,-264.55809152232996
4826,700.1431565979877,-277.6593891245282
4827,694.844958251737,-290.66417063708144
4828,689.3052275788053,-303.5679155189691
4829,683.5258902232127,-316.3661383501166
4830,677.5089551177167,-329.05439039055585
4831,671.2565137854956,-341.62826112683246
4832,664.7707396131224,-354.08337980512835
4833,658.0538870950816,-366.4154169505618
4834,651.1082910500945,-378.6200858721392
4835,643.9363658095203,-390.6931441528354
4836,636.5406043781222,-402.630395124282
4837,628.9235775674816,-414.42768932555725
4838,621.0879331023693,-426.08092594556183
4839,613.0363947003807,-437.5860542484867
4840,604.7717611251544,-448.9390749818731
4841,596.2969052135048,-460.1360417667769
4842,587.6147728768076,-471.1730624695542
4843,578.7283820769821,-482.0463005547902
4844,569.6408217774292,-492.7519764189036
4845,560.3552508692907,-503.2863687039565
4846,550.8748970733967,-513.6458155912255
4847,541.2030558182934,-523.8267160740676
4848,531.3430890947291,-533.825531209656
4849,521.2984242870086,-543.6387853491345
4850,511.072552981611,-553.263067345778
4851,500.6690297534955,-562.6950317407236
4852,490.09147093050785,-571.9313999258756
4853,479.3435533363225,-580.9689612835688
4854,468.42901301235895,-589.8045743025971
4855,457.35164391910746,-598.4351676702252
4856,446.1152966173291,-606.8577413397913
4857,434.7238769295736,-615.0693675735458
4858,423.18134458249557,-623.0671919603468
4859,411.4917118304258,-630.8484344078746
4860,399.65904206069087,-638.4103901090047
4861,387.68744838115134,-645.7504304820188
4862,375.5810921904642,-652.8660040843133
4863,363.3441817315524,-659.7546374992974
4864,350.9809706287956,-666.4139361961671
4865,338.4957564094443,-672.8415853622595
4866,325.892879009773,-679.0353507076948
4867,313.1767192664923,-684.9930792420295
4868,300.351697393943,-690.712700022649
4869,287.4222714476036,-696.1922248746396
4870,274.3929357744419,-701.4297490818902
4871,261.26821945065404,-706.4234520491838
4872,248.0526847073291,-711.1715979350462
4873,234.75092534459012,-715.6725362551363
4874,221.3675651347626,-719.9247024559633
4875,207.9072562151198,-723.9266184587366
4876,194.37467747077622,-727.676893173153
4877,180.77453290827378,-731.17422298095
4878,167.1115500204457,-734.4173921890499
4879,153.39047814310587,-737.4052734521431
4880,139.61608680415642,-740.1368281645596
4881,125.79316406566541,-742.6111068212953
4882,111.92651485951238,-744.8272493480646
4883,98.02095931716123,-746.7844854002686
4884,84.0813310941549,-748.482134630771
4885,70.11247568990703,-749.919606926391
4886,56.119248763376895,-751.09640261303
4887,42.106514445212945,-752.0121126293616
4888,28.079143646951376,-752.666418669024
4889,14.042012367857767,-753.0590932912645
4890,9.223917226497954e-14,-753.1900000000004
4891,-14.042012367857584,-753.0590932912645
4892,-28.079143646951188,-752.666418669024
4893,-42.106514445213094,-752.0121126293616
4894,-56.11924876337672,-751.09640261303
4895,-70.11247568990719,-749.919606926391
4896,-84.08133109415472,-748.482134630771
4897,-98.02095931716137,-746.7844854002686
4898,-111.9265148595122,-744.8272493480646
4899,-125.79316406566556,-742.6111068212953
4900,-139.6160868041559,-740.1368281645597
4901,-153.390478143106,-737.4052734521431
4902,-167.11155002044518,-734.41739218905
4903,-180.77453290827395,-731.17422298095
4904,-194.37467747077602,-727.6768931731531
4905,-207.9072562151196,-723.9266184587366
4906,-221.36756513476243,-719.9247024559633
4907,-234.75092534458997,-715.6725362551363
4908,-248.05268470732892,-711.1715979350462
4909,-261.26821945065353,-706.423452049184
4910,-274.39293577444175,-701.4297490818903
4911,-287.42227144760307,-696.1922248746397
4912,-300.35169739394286,-690.712700022649
4913,-313.17671926649183,-684.9930792420297
4914,-325.89287900977286,-679.0353507076949
4915,-338.49575640944414,-672.8415853622596
4916,-350.98097062879543,-666.4139361961672
4917,-363.3441817315522,-659.7546374992975
4918,-375.58109219046406,-652.8660040843134
4919,-387.6874483811513,-645.7504304820189
4920,-399.65904206069047,-638.410390109005
4921,-411.4917118304257,-630.8484344078747
4922,-423.18134458249517,-623.0671919603471
4923,-434.7238769295734,-615.0693675735458
4924,-446.1152966173287,-606.8577413397917
4925,-457.3516439191073,-598.4351676702254
4926,-468.4290130123588,-589.8045743025973
4927,-479.3435533363223,-580.9689612835688
4928,-490.09147093050774,-571.9313999258757
4929,-500.66902975349535,-562.6950317407237
4930,-511.0725529816112,-553.2630673457779
4931,-521.2984242870083,-543.638785349135
4932,-531.3430890947292,-533.8255312096559
4933,-541.203055818293,-523.8267160740679
4934,-550.8748970733968,-513.6458155912254
4935,-560.3552508692903,-503.2863687039569
4936,-569.6408217774293,-492.75197641890344
4937,-578.728382076982,-482.0463005547904
4938,-587.6147728768076,-471.17306246955405
4939,-596.2969052135049,-460.1360417667767
4940,-604.7717611251544,-448.9390749818729
4941,-613.0363947003808,-437.5860542484865
4942,-621.0879331023694,-426.08092594556166
4943,-628.9235775674816,-414.4276893255571
4944,-636.5406043781223,-402.6303951242819
4945,-643.9363658095205,-390.6931441528352
4946,-651.1082910500944,-378.6200858721394
4947,-658.0538870950816,-366.41541695056196
4948,-664.7707396131223,-354.0833798051285
4949,-671.2565137854956,-341.6282611268326
4950,-677.5089551177166,-329.05439039055597
4951,-683.5258902232127,-316.3661383501168
4952,-689.3052275788053,-303.5679155189691
4953,-694.844958251737,-290.6641706370815
4954,-700.1431565979877,-277.6593891245282
4955,-705.197980931641,-264.55809152232996
4956,-710.0076741650648,-251.36483192108597
4957,-714.5705644196863,-238.08419637794424
4958,-718.885065607146,-224.72080132246336
4959,-722.9496779806334,-211.27929195190643
4960,-726.7629886562063,-197.76434061655178
4961,-730.3236721039193,-184.18064519554574
4962,-733.6304906085846,-170.53292746390053
4963,-736.6822947000106,-156.8259314511705
4964,-739.4780235525645,-143.06442179239912
4965,-742.0167053539208,-129.25318207190614
4966,-744.2974576428703,-115.39701316048154
4967,-746.3194876160679,-101.50073154657734
4968,-748.0820924036175,-87.56916766206075
4969,-749.5846593133919,-73.6071642031323
4970,-750.8266660440092,-59.619574446974845
4971,-751.8076808663886,-45.61126056472216
4972,-752.5273627738208,-31.587091931338765
4973,-752.9854616005049,-17.551943432998268
4974,-753.181818108507,-3.5106937725433562
4975,-753.1163640431125,10.53177622638363
4976,-752.7891221565523,24.570585315944623
4977,-752.2002062000928,38.60085352085455
4978,-751.3498208844968,52.617703834690346
4979,-750.2382618088635,66.6162639151707
4980,-748.8659153578772,80.59166777781253
4981,-747.2332585674973,94.5390574873706
4982,-745.3408589591378,108.4535848464921
4983,-743.1893743423936,122.33041308097545
4984,-740.7795525863813,136.16471852106636
4985,-738.1122313597765,149.95169227818806
4986,-735.1883378396335,163.68654191654693
4987,-732.0088883890946,177.36449311900807
4988,-728.5749882040942,190.98079134668117
4989,-724.8878309291883,204.53070349162027
4990,-720.9486982426345,218.0095195220876
4991,-716.7589594108733,231.41255411978568
4992,-712.3200708125635,244.73514830850345
4993,-707.6335754323353,257.9726710736042
4994,-702.7011023244401,271.1205209717948
4995,-697.5243660464806,284.17412773061506
4996,-692.105166063421,297.1289538370924
4997,-686.4453861220816,309.9804961150088
4998,-680.5469935963367,322.724287290232
4999,-674.4120388032444,335.3558975435676
5000,-668.0426542903427,347.8709360505906
5001,-661.4410540943645,360.2650525079231
5002,-654.609532971623,372.5339386454262
5003,-647.5504656003436,384.67332972377847
5004,-640.2663057552071,396.6790060169309
5005,-632.7595854544064,408.5467942789031
5006,-625.0329140794995,420.27256919443306
5007,-617.0889774683749,431.85225481295817
5008,-608.9305369816341,443.2818259654453
5009,-600.5604285427297,454.55730966355975
5010,-591.9815616521794,465.6747864807021
5011,-583.1969183762075,476.6303919144224
5012,-574.2095523101568,487.42031772974946
5013,-565.0225875170446,498.040813282952
5014,-555.6392174416183,508.48818682528565
5015,-546.0627038002932,518.7588067862694
5016,-536.2963754473599,528.8491030360408
5017,-526.3436272178566,538.7555681263542
5018,-516.2079187475035,548.4747585097891
5019,-505.8927732701089,558.0032957367534
5020,-495.4017763928763,567.3378676298482
5021,-484.7385748500223,576.4752294352029
5022,-473.9068752351533,585.4122049503695
5023,-462.9104427128253,594.1456876283937
5024,-451.7530997097549,602.6726416576655
5025,-440.43872458612,610.9901030171868
5026,-428.97125028741584,619.0951805068844
5027,-417.35466297733984,626.9850567526084
5028,-405.5930006521784,634.6569891854675
5029,-393.69035173717504,642.1083109951621
5030,-381.65085366536744,649.336432056986
5031,-369.4786914393895,656.3388398321686
5032,-357.17809617674203,663.1131002412474
5033,-344.75334363903033,669.6568585101696
5034,-332.20875274568135,675.9678399888262
5035,-319.5486840726603,682.0438509417351
5036,-306.7775383367133,687.8827793105937
5037,-293.89975486564566,693.4825954484467
5038,-280.91981005518835,698.8413528252013
5039,-267.8422158129714,703.957188704255
5040,-254.67151799016438,708.8283247899917
5041,-241.41229480130397,713.4530678459298
5042,-228.06915523288257,717.8298102833011
5043,-214.64673744123536,721.9570307198579
5044,-201.1497071402896,725.8332945087159
5045,-187.5827559797336,729.4572542370446
5046,-173.95059991417116,732.8276501944373
5047,-160.25797756382696,735.9433108107937
5048,-146.50964856737343,738.8031530635649
5049,-132.71039192745147,741.4061828542184
5050,-118.86500434946008,743.7514953537932
5051,-104.97829857419242,745.8382753174232
5052,-91.05510170489792,747.6657973677219
5053,-77.10025352935124,749.2334262469276
5054,-63.118604837515896,750.5406170377231
5055,-49.11501573537365,751.5869153526521
5056,-35.09435395552879,752.371957492067
5057,-21.061493165150633,752.8954705705534
5058,-7.021311271861374,753.1572726117861
5059,0.0,785.4820000000004
5060,14.020076370396769,785.3568677885035
5061,28.03568576851006,784.9815110227055
5062,42.042362645289835,784.356049295983
5063,56.03564429769945,783.4806818882915
5064,70.01107229058883,782.3556877026731
5065,83.96419387720796,780.9814251763939
5066,97.89056341790773,779.3583321667418
5067,111.78574379657663,777.4869258115192
5068,125.64530783436159,775.3678023642774
5069,139.46483970022268,773.0016370043415
5070,153.23993631787252,770.3891836216907
5071,166.9662087686513,767.5312745767587
5072,180.63928368989156,764.4288204352342
5073,194.2548046683264,761.0828096779424
5074,207.8084336280974,757.4943083859029
5075,221.29585221291998,753.664459900663
5076,234.71276316196608,749.5944844600149
5077,248.0548916790252,745.285678809212
5078,261.31798679450793,740.73941578781
5079,274.4978227198591,735.9571438922633
5080,287.5902001939458,730.9403868144151
5081,300.5909478209956,725.6907429560309
5082,313.4959233996553,720.2098849195269
5083,326.30101524274795,714.4995589750581
5084,339.0021434873087,708.5615845041353
5085,351.5952613944798,702.3978534199462
5086,364.07635663885236,696.0103295645689
5087,376.44145258684387,689.4010480832675
5088,388.68660956370354,682.572114776068
5089,400.80792610874175,675.5257054268254
5090,412.80154021838496,668.2640651099906
5091,424.6636305766579,660.7895074753022
5092,436.3904177727034,653.1044140106281
5093,447.97816550494963,645.2112332831944
5094,459.4231817715431,637.1124801594397
5095,470.7218200466661,628.8107350037488
5096,481.87048044236656,620.3086428563151
5097,492.86561085552654,611.6089125903982
5098,503.703708099608,602.714316049242
5099,514.3813190208107,593.6276871629319
5100,524.8950415982911,584.351921045468
5101,535.2415260280891,574.8899730723464
5102,545.4174757904168,565.2448579389385
5103,555.4196486999721,555.4196486999721
5104,565.2448579389385,545.4174757904168
5105,574.8899730723464,535.2415260280891
5106,584.3519210454681,524.8950415982911
5107,593.6276871629318,514.3813190208107
5108,602.7143160492419,503.70370809960804
5109,611.6089125903981,492.8656108555267
5110,620.3086428563151,481.87048044236656
5111,628.8107350037488,470.7218200466661
5112,637.1124801594397,459.423181771543
5113,645.2112332831942,447.9781655049497
5114,653.1044140106281,436.3904177727035
5115,660.7895074753021,424.663630576658
5116,668.2640651099906,412.80154021838496
5117,675.5257054268254,400.80792610874175
5118,682.572114776068,388.6866095637036
5119,689.4010480832675,376.44145258684387
5120,696.0103295645689,364.0763566388524
5121,702.3978534199462,351.5952613944798
5122,708.5615845041353,339.0021434873086
5123,714.4995589750581,326.30101524274795
5124,720.2098849195269,313.4959233996553
5125,725.6907429560309,300.59094782099567
5126,730.9403868144151,287.5902001939459
5127,735.9571438922633,274.4978227198592
5128,740.7394157878099,261.3179867945081
5129,745.285678809212,248.05489167902505
5130,749.5944844600149,234.71276316196608
5131,753.664459900663,221.29585221291993
5132,757.4943083859029,207.8084336280974
5133,761.0828096779424,194.25480466832633
5134,764.4288204352342,180.6392836898916
5135,767.5312745767587,166.96620876865143
5136,770.3891836216907,153.2399363178726
5137,773.0016370043415,139.46483970022285
5138,775.3678023642774,125.64530783436163
5139,777.4869258115192,111.78574379657677
5140,779.3583321667418,97.89056341790763
5141,780.9814251763939,83.96419387720796
5142,782.3556877026731,70.01107229058877
5143,783.4806818882915,56.035644297699456
5144,784.356049295983,42.04236264528977
5145,784.9815110227055,28.035685768510092
5146,785.3568677885035,14.020076370396895
5147,785.4820000000004,4.809690085439309e-14
5148,785.3568677885035,-14.020076370396625
5149,784.9815110227056,-28.035685768509996
5150,784.356049295983,-42.04236264528968
5151,783.4806818882915,-56.03564429769955
5152,782.3556877026731,-70.01107229058884
5153,780.9814251763939,-83.96419387720805
5154,779.3583321667418,-97.89056341790771
5155,777.4869258115192,-111.78574379657668
5156,775.3678023642775,-125.64530783436155
5157,773.0016370043415,-139.4648397002226
5158,770.3891836216907,-153.2399363178725
5159,767.5312745767587,-166.96620876865117
5160,764.4288204352342,-180.6392836898915
5161,761.0828096779424,-194.25480466832624
5162,757.4943083859029,-207.80843362809748
5163,753.664459900663,-221.29585221291998
5164,749.5944844600149,-234.71276316196617
5165,745.285678809212,-248.05489167902508
5166,740.73941578781,-261.3179867945079
5167,735.9571438922633,-274.4978227198591
5168,730.9403868144152,-287.5902001939457
5169,725.6907429560309,-300.59094782099555
5170,720.209884919527,-313.4959233996551
5171,714.4995589750582,-326.30101524274784
5172,708.5615845041353,-339.00214348730856
5173,702.3978534199462,-351.5952613944797
5174,696.0103295645689,-364.07635663885236
5175,689.4010480832674,-376.4414525868439
5176,682.5721147760681,-388.6866095637033
5177,675.5257054268254,-400.80792610874164
5178,668.2640651099906,-412.80154021838484
5179,660.7895074753021,-424.6636305766579
5180,653.1044140106281,-436.3904177727035
5181,645.2112332831945,-447.9781655049495
5182,637.1124801594398,-459.423181771543
5183,628.8107350037488,-470.7218200466661
5184,620.3086428563151,-481.87048044236656
5185,611.608912590398,-492.8656108555267
5186,602.714316049242,-503.703708099608
5187,593.6276871629318,-514.3813190208107
5188,584.351921045468,-524.8950415982912
5189,574.8899730723466,-535.2415260280889
5190,565.2448579389386,-545.4174757904167
5191,555.4196486999721,-555.419648699972
5192,545.4174757904168,-565.2448579389385
5193,535.2415260280892,-574.8899730723463
5194,524.8950415982913,-584.3519210454679
5195,514.3813190208108,-593.6276871629317
5196,503.70370809960804,-602.7143160492419
5197,492.8656108555269,-611.608912590398
5198,481.87048044236667,-620.308642856315
5199,470.7218200466659,-628.8107350037488
5200,459.42318177154334,-637.1124801594394
5201,447.97816550494963,-645.2112332831944
5202,436.3904177727034,-653.1044140106283
5203,424.6636305766578,-660.7895074753023
5204,412.801540218385,-668.2640651099906
5205,400.80792610874175,-675.5257054268254
5206,388.6866095637034,-682.572114776068
5207,376.44145258684375,-689.4010480832675
5208,364.0763566388525,-696.0103295645688
5209,351.5952613944798,-702.3978534199462
5210,339.0021434873087,-708.5615845041352
5211,326.3010152427482,-714.4995589750581
5212,313.49592339965534,-720.2098849195269
5213,300.5909478209957,-725.6907429560309
5214,287.5902001939458,-730.9403868144151
5215,274.49782271985936,-735.9571438922632
5216,261.31798679450816,-740.7394157878099
5217,248.05489167902527,-745.2856788092118
5218,234.7127631619661,-749.5944844600149
5219,221.2958522129203,-753.6644599006629
5220,207.8084336280976,-757.4943083859029
5221,194.25480466832622,-761.0828096779424
5222,180.63928368989198,-764.4288204352341
5223,166.9662087686513,-767.5312745767587
5224,153.23993631787246,-770.3891836216907
5225,139.46483970022257,-773.0016370043415
5226,125.64530783436167,-775.3678023642774
5227,111.78574379657664,-777.4869258115192
5228,97.89056341790767,-779.3583321667418
5229,83.96419387720783,-780.9814251763939
5230,70.01107229058898,-782.3556877026731
5231,56.03564429769951,-783.4806818882915
5232,42.04236264528982,-784.356049295983
5233,28.035685768510316,-784.9815110227055
5234,14.020076370396943,-785.3568677885035
5235,9.619380170878618e-14,-785.4820000000004
5236,-14.02007637039675,-785.3568677885035
5237,-28.035685768509772,-784.9815110227056
5238,-42.04236264528963,-784.356049295983
5239,-56.035644297699314,-783.4806818882915
5240,-70.0110722905888,-782.3556877026731
5241,-83.96419387720765,-780.9814251763939
5242,-97.89056341790749,-779.3583321667418
5243,-111.7857437965768,-777.4869258115192
5244,-125.6453078343615,-775.3678023642775
5245,-139.4648397002227,-773.0016370043415
5246,-153.2399363178726,-770.3891836216907
5247,-166.96620876865146,-767.5312745767587
5248,-180.63928368989144,-764.4288204352342
5249,-194.2548046683264,-761.0828096779424
5250,-207.80843362809742,-757.4943083859029
5251,-221.29585221292012,-753.664459900663
5252,-234.71276316196594,-749.594484460015
5253,-248.05489167902505,-745.285678809212
5254,-261.317986794508,-740.73941578781
5255,-274.49782271985885,-735.9571438922633
5256,-287.59020019394563,-730.9403868144152
5257,-300.59094782099555,-725.690742956031
5258,-313.49592339965517,-720.2098849195269
5259,-326.30101524274767,-714.4995589750583
5260,-339.0021434873085,-708.5615845041353
5261,-351.5952613944796,-702.3978534199462
5262,-364.07635663885196,-696.0103295645691
5263,-376.4414525868436,-689.4010480832676
5264,-388.68660956370326,-682.5721147760681
5265,-400.8079261087419,-675.5257054268253
5266,-412.80154021838484,-668.2640651099906
5267,-424.6636305766579,-660.7895074753022
5268,-436.3904177727035,-653.1044140106281
5269,-447.9781655049498,-645.2112332831942
5270,-459.42318177154294,-637.1124801594398
5271,-470.721820046666,-628.8107350037488
5272,-481.8704804423665,-620.3086428563151
5273,-492.8656108555265,-611.6089125903983
5274,-503.70370809960787,-602.7143160492421
5275,-514.3813190208107,-593.6276871629319
5276,-524.8950415982911,-584.351921045468
5277,-535.2415260280889,-574.8899730723466
5278,-545.4174757904167,-565.2448579389386
5279,-555.419648699972,-555.4196486999722
5280,-565.2448579389385,-545.4174757904168
5281,-574.8899730723462,-535.2415260280893
5282,-584.3519210454679,-524.8950415982913
5283,-593.6276871629317,-514.3813190208108
5284,-602.7143160492417,-503.7037080996084
5285,-611.608912590398,-492.8656108555269
5286,-620.308642856315,-481.8704804423667
5287,-628.8107350037487,-470.72182004666615
5288,-637.1124801594395,-459.4231817715431
5289,-645.2112332831942,-447.9781655049497
5290,-653.1044140106281,-436.3904177727034
5291,-660.7895074753023,-424.6636305766578
5292,-668.2640651099904,-412.8015402183854
5293,-675.5257054268252,-400.8079261087421
5294,-682.5721147760678,-388.68660956370377
5295,-689.4010480832673,-376.4414525868441
5296,-696.0103295645688,-364.07635663885253
5297,-702.397853419946,-351.59526139447985
5298,-708.5615845041352,-339.00214348730873
5299,-714.4995589750582,-326.3010152427479
5300,-720.209884919527,-313.4959233996551
5301,-725.690742956031,-300.59094782099544
5302,-730.9403868144153,-287.5902001939456
5303,-735.9571438922632,-274.4978227198594
5304,-740.7394157878099,-261.3179867945082
5305,-745.2856788092118,-248.0548916790253
5306,-749.5944844600149,-234.71276316196617
5307,-753.664459900663,-221.29585221292
5308,-757.4943083859029,-207.80843362809733
5309,-761.0828096779424,-194.25480466832627
5310,-764.4288204352341,-180.639283689892
5311,-767.5312745767588,-166.96620876865103
5312,-770.3891836216906,-153.23993631787286
5313,-773.0016370043415,-139.46483970022297
5314,-775.3678023642774,-125.64530783436172
5315,-777.4869258115192,-111.78574379657668
5316,-779.3583321667418,-97.89056341790842
5317,-780.9814251763939,-83.96419387720789
5318,-782.3556877026731,-70.01107229058938
5319,-783.4806818882915,-56.0356442976999
5320,-784.356049295983,-42.04236264528952
5321,-784.9815110227055,-28.035685768510366
5322,-785.3568677885035,-14.020076370396293
5323,-785.4820000000004,-1.4429070256317926e-13
5324,-785.3568677885035,14.020076370396703
5325,-784.9815110227055,28.035685768510078
5326,-784.356049295983,42.04236264528993
5327,-783.4806818882917,56.03564429769892
5328,-782.3556877026731,70.0110722905891
5329,-780.9814251763939,83.96419387720759
5330,-779.3583321667418,97.89056341790744
5331,-777.4869258115193,111.7857437965764
5332,-775.3678023642775,125.64530783436143
5333,-773.0016370043415,139.46483970022265
5334,-770.3891836216907,153.23993631787258
5335,-767.5312745767588,166.96620876865074
5336,-764.4288204352342,180.63928368989173
5337,-761.0828096779425,194.254804668326
5338,-757.494308385903,207.80843362809702
5339,-753.6644599006629,221.2958522129204
5340,-749.594484460015,234.7127631619659
5341,-745.2856788092122,248.05489167902434
5342,-740.73941578781,261.31798679450793
5343,-735.9571438922633,274.49782271985913
5344,-730.9403868144151,287.5902001939459
5345,-725.6907429560308,300.5909478209958
5346,-720.2098849195271,313.49592339965477
5347,-714.4995589750581,326.30101524274824
5348,-708.5615845041355,339.00214348730844
5349,-702.3978534199462,351.59526139447956
5350,-696.010329564569,364.07635663885225
5351,-689.4010480832675,376.44145258684387
5352,-682.5721147760684,388.686609563703
5353,-675.5257054268253,400.8079261087419
5354,-668.264065109991,412.8015402183845
5355,-660.789507475302,424.6636305766582
5356,-653.1044140106284,436.39041777270313
5357,-645.2112332831945,447.97816550494946
5358,-637.1124801594398,459.42318177154294
5359,-628.8107350037488,470.721820046666
5360,-620.3086428563156,481.87048044236593
5361,-611.6089125903981,492.86561085552665
5362,-602.7143160492424,503.7037080996075
5363,-593.6276871629321,514.3813190208102
5364,-584.3519210454677,524.8950415982913
5365,-574.8899730723466,535.2415260280887
5366,-565.2448579389381,545.4174757904171
5367,-555.4196486999722,555.4196486999718
5368,-545.4174757904168,565.2448579389385
5369,-535.2415260280891,574.8899730723464
5370,-524.8950415982911,584.3519210454681
5371,-514.381319020811,593.6276871629315
5372,-503.70370809960787,602.7143160492421
5373,-492.8656108555269,611.608912590398
5374,-481.8704804423667,620.308642856315
5375,-470.72182004666627,628.8107350037487
5376,-459.42318177154317,637.1124801594395
5377,-447.9781655049497,645.2112332831942
5378,-436.3904177727034,653.1044140106281
5379,-424.6636305766584,660.7895074753019
5380,-412.8015402183848,668.2640651099907
5381,-400.80792610874215,675.5257054268252
5382,-388.6866095637038,682.5721147760678
5383,-376.4414525868435,689.4010480832676
5384,-364.07635663885253,696.0103295645688
5385,-351.59526139448053,702.3978534199458
5386,-339.00214348730873,708.5615845041352
5387,-326.30101524274795,714.4995589750581
5388,-313.4959233996551,720.2098849195269
5389,-300.59094782099544,725.690742956031
5390,-287.59020019394626,730.940386814415
5391,-274.4978227198588,735.9571438922634
5392,-261.3179867945083,740.7394157878099
5393,-248.05489167902536,745.2856788092118
5394,-234.71276316196622,749.5944844600149
5395,-221.29585221292007,753.664459900663
5396,-207.80843362809804,757.4943083859026
5397,-194.2548046683263,761.0828096779424
5398,-180.6392836898921,764.4288204352341
5399,-166.96620876865106,767.5312745767588
5400,-153.2399363178729,770.3891836216906
5401,-139.464839700223,773.0016370043415
5402,-125.64530783436177,775.3678023642774
5403,-111.78574379657674,777.4869258115192
5404,-97.89056341790847,779.3583321667418
5405,-83.96419387720793,780.9814251763939
5406,-70.01107229058873,782.3556877026731
5407,-56.035644297699946,783.4806818882915
5408,-42.04236264528957,784.356049295983
5409,-28.035685768510408,784.9815110227055
5410,-14.02007637039634,785.3568677885035
5411,7.025373262142288,818.445848365381
5412,21.074049376680424,818.2046486172453
5413,35.1165148721385,817.7223202036469
5414,49.148631369480846,816.999005268983
5415,63.166263539569044,816.0349169774848
5416,77.16528032186237,814.830339450397
5417,91.14155614186032,813.3856276822457
5418,105.0909721269285,811.7012074362202
5419,119.00941732014891,809.7775751186985
5420,132.89278989183825,807.6152976329537
5421,146.73699834837575,805.2150122120859
5422,160.53796273798505,802.5774262312253
5423,174.29161585311482,799.7033169990675
5424,187.99390442906358,796.5935315287948
5425,201.64079033849518,793.2489862884589
5426,215.22825178149364,789.670666930894
5427,228.75228447080602,785.8596280032384
5428,242.20890281192416,781.8169926361569
5429,255.59414107765784,777.5439522128477
5430,268.9040545768525,773.0417660179363
5431,282.13472081690827,768.3117608663596
5432,295.28224065975616,763.3553307123457
5433,308.3427394709519,758.1739362386111
5434,321.31236826154907,752.7691044258893
5435,334.187304822413,747.1424281029236
5436,346.96375485064414,741.2955654770524
5437,359.63795306777575,735.2302396455284
5438,372.20616432941944,728.9482380877135
5439,384.664684726029,722.4514121383012
5440,397.0098426744596,715.7416764417184
5441,409.23800000000017,708.8210083878727
5442,421.34555300856044,701.6914475294045
5443,433.32893354869566,694.3550949806236
5444,445.18461006315755,686.8141127982993
5445,456.90908862966035,679.0707233444937
5446,468.49891399055593,671.1272086316203
5447,479.9506705711137,662.9859096499254
5448,491.2609834861065,654.649225677587
5449,502.42651953440435,646.1196135736366
5450,513.4439881812848,637.399587053912
5451,524.3101425281678,628.4917159502527
5452,535.0217802694925,619.3986254531598
5453,545.5757446364506,610.1229953381393
5454,555.9689253273011,600.667559175961
5455,566.1982594239903,591.0351035270617
5456,576.2607322948074,581.2284671203339
5457,586.1533784828116,571.2505400165381
5458,595.8732825797646,561.1042627565903
5459,605.4175800853147,550.7926254949699
5460,614.7834582511799,540.3186671185075
5461,623.9681569100754,529.6854743508115
5462,632.9689692891492,518.8961808425967
5463,641.7832428076799,507.953966248182
5464,650.4083798588048,496.8620552884326
5465,658.8418385750457,485.6237168004196
5466,667.08113357741,474.2422627740787
5467,675.1238367078425,462.721047376152
5468,682.9675777448152,451.0634659616987
5469,690.610045101842,439.27295407346946
5470,698.0489865087144,427.3529864294357
5471,705.2822096752554,415.3070758987737
5472,712.3075829373978,403.1387724666073
5473,719.1230358853949,390.8516621878099
5474,725.7265599739806,378.44936613017757
5475,732.1162091142961,365.93553930728433
5476,738.2901002474117,353.31386960133284
5477,744.2464138992723,340.58807667631834
5478,749.9833947169061,327.76191088182617
5479,755.4993519857333,314.83915214778784
5480,760.7926601278289,301.8236088705165
5481,765.8617591809875,288.71911679035713
5482,770.7051552584512,275.5295378612743
5483,775.3214209891651,262.258759112718
5484,779.7091959384297,248.9106915040977
5485,783.8671870088282,235.48926877220435
5486,787.7941688213069,221.99844627192093
5487,791.4889840763011,208.44219981056023
5488,794.9505438947963,194.82452447617655
5489,798.1778281392252,181.14943346019598
5490,801.1698857141085,167.42095687470857
5491,803.9258348463451,153.6431405647768
5492,806.4448633450762,139.82004491610704
5493,808.7262288410408,125.95574365843399
5494,810.7692590053564,112.05432266497438
5495,812.5733517476556,98.11987874830244
5496,814.1379753935269,84.15651845299824
5497,815.4626688412002,70.16835684543223
5498,816.5470416974362,56.159516301034884
5499,817.390774392577,42.1341252894141
5500,817.9936182747246,28.096317157677532
5501,818.3553956830201,14.050228912314008
5502,818.4760000000005,5.0117200678946484e-14
5503,818.3553956830201,-14.050228912313727
5504,817.9936182747247,-28.096317157677248
5505,817.390774392577,-42.134125289414186
5506,816.5470416974362,-56.1595163010346
5507,815.4626688412002,-70.16835684543194
5508,814.1379753935269,-84.15651845299813
5509,812.5733517476556,-98.11987874830216
5510,810.7692590053564,-112.05432266497445
5511,808.7262288410409,-125.95574365843372
5512,806.4448633450762,-139.82004491610672
5513,803.9258348463452,-153.6431405647767
5514,801.1698857141087,-167.4209568747083
5515,798.1778281392252,-181.1494334601959
5516,794.9505438947963,-194.82452447617663
5517,791.4889840763012,-208.44219981055994
5518,787.7941688213069,-221.99844627192064
5519,783.8671870088283,-235.48926877220427
5520,779.7091959384298,-248.91069150409746
5521,775.3214209891651,-262.2587591127181
5522,770.7051552584512,-275.5295378612742
5523,765.8617591809876,-288.7191167903569
5524,760.792660127829,-301.82360887051647
5525,755.4993519857334,-314.83915214778756
5526,749.9833947169061,-327.76191088182605
5527,744.2464138992724,-340.5880766763182
5528,738.2901002474117,-353.3138696013328
5529,732.1162091142962,-365.9355393072841
5530,725.7265599739806,-378.4493661301775
5531,719.1230358853949,-390.8516621878098
5532,712.3075829373978,-403.13877246660724
5533,705.2822096752556,-415.3070758987735
5534,698.0489865087144,-427.3529864294356
5535,690.610045101842,-439.27295407346935
5536,682.9675777448153,-451.0634659616985
5537,675.1238367078428,-462.7210473761517
5538,667.08113357741,-474.2422627740787
5539,658.8418385750458,-485.6237168004195
5540,650.4083798588049,-496.8620552884324
5541,641.78324280768,-507.953966248182
5542,632.9689692891491,-518.896180842597
5543,623.9681569100753,-529.6854743508117
5544,614.7834582511799,-540.3186671185075
5545,605.4175800853149,-550.7926254949698
5546,595.8732825797647,-561.1042627565903
5547,586.1533784828118,-571.250540016538
5548,576.2607322948074,-581.2284671203339
5549,566.19825942399,-591.035103527062
5550,555.968925327301,-600.6675591759612
5551,545.5757446364506,-610.1229953381393
5552,535.0217802694925,-619.3986254531596
5553,524.3101425281677,-628.4917159502528
5554,513.4439881812846,-637.399587053912
5555,502.42651953440435,-646.1196135736366
5556,491.2609834861065,-654.6492256775869
5557,479.9506705711138,-662.9859096499254
5558,468.49891399055616,-671.1272086316202
5559,456.90908862966006,-679.0707233444939
5560,445.18461006315727,-686.8141127982996
5561,433.3289335486954,-694.3550949806238
5562,421.3455530085603,-701.6914475294046
5563,409.23800000000017,-708.8210083878727
5564,397.00984267445966,-715.7416764417184
5565,384.66468472602884,-722.4514121383012
5566,372.2061643294194,-728.9482380877135
5567,359.63795306777575,-735.2302396455284
5568,346.96375485064425,-741.2955654770524
5569,334.18730482241324,-747.1424281029235
5570,321.31236826154867,-752.7691044258894
5571,308.34273947095164,-758.1739362386111
5572,295.2822406597559,-763.3553307123457
5573,282.13472081690816,-768.3117608663596
5574,268.9040545768525,-773.0417660179363
5575,255.5941410776579,-777.5439522128477
5576,242.20890281192396,-781.816992636157
5577,228.7522844708059,-785.8596280032384
5578,215.22825178149364,-789.670666930894
5579,201.64079033849532,-793.2489862884589
5580,187.9939044290638,-796.5935315287946
5581,174.29161585311445,-799.7033169990676
5582,160.53796273798474,-802.5774262312254
5583,146.73699834837555,-805.2150122120859
5584,132.89278989183816,-807.6152976329538
5585,119.0094173201489,-809.7775751186985
5586,105.09097212692856,-811.7012074362202
5587,91.14155614186015,-813.3856276822457
5588,77.16528032186227,-814.830339450397
5589,63.16626353956905,-816.0349169774848
5590,49.14863136948097,-816.999005268983
5591,35.116514872138715,-817.7223202036469
5592,21.074049376680016,-818.2046486172454
5593,7.025373262141976,-818.445848365381
5594,-7.025373262142501,-818.445848365381
5595,-21.074049376680538,-818.2046486172453
5596,-35.11651487213852,-817.7223202036469
5597,-49.14863136948076,-816.999005268983
5598,-63.166263539569215,-816.0349169774848
5599,-77.16528032186243,-814.830339450397
5600,-91.14155614186032,-813.3856276822457
5601,-105.09097212692836,-811.7012074362202
5602,-119.00941732014869,-809.7775751186986
5603,-132.89278989183833,-807.6152976329537
5604,-146.73699834837606,-805.2150122120858
5605,-160.53796273798525,-802.5774262312253
5606,-174.29161585311493,-799.7033169990675
5607,-187.9939044290636,-796.5935315287948
5608,-201.6407903384951,-793.248986288459
5609,-215.22825178149384,-789.670666930894
5610,-228.7522844708061,-785.8596280032384
5611,-242.20890281192416,-781.8169926361569
5612,-255.59414107765772,-777.5439522128477
5613,-268.9040545768523,-773.0417660179364
5614,-282.1347208169083,-768.3117608663595
5615,-295.28224065975644,-763.3553307123456
5616,-308.3427394709521,-758.173936238611
5617,-321.3123682615492,-752.7691044258893
5618,-334.18730482241307,-747.1424281029236
5619,-346.963754850644,-741.2955654770524
5620,-359.6379530677759,-735.2302396455283
5621,-372.2061643294195,-728.9482380877135
5622,-384.664684726029,-722.4514121383012
5623,-397.0098426744595,-715.7416764417185
5624,-409.23800000000034,-708.8210083878726
5625,-421.34555300856044,-701.6914475294045
5626,-433.32893354869583,-694.3550949806234
5627,-445.1846100631577,-686.8141127982993
5628,-456.90908862966046,-679.0707233444936
5629,-468.498913990556,-671.1272086316203
5630,-479.9506705711137,-662.9859096499254
5631,-491.2609834861066,-654.6492256775869
5632,-502.4265195344044,-646.1196135736366
5633,-513.4439881812848,-637.399587053912
5634,-524.3101425281678,-628.4917159502527
5635,-535.0217802694928,-619.3986254531595
5636,-545.5757446364507,-610.1229953381392
5637,-555.9689253273013,-600.6675591759608
5638,-566.1982594239903,-591.0351035270616
5639,-576.2607322948076,-581.2284671203338
5640,-586.1533784828117,-571.2505400165381
5641,-595.8732825797645,-561.1042627565904
5642,-605.4175800853151,-550.7926254949697
5643,-614.7834582511799,-540.3186671185074
5644,-623.9681569100755,-529.6854743508113
5645,-632.9689692891494,-518.8961808425966
5646,-641.78324280768,-507.9539662481819
5647,-650.4083798588049,-496.86205528843254
5648,-658.8418385750457,-485.6237168004196
5649,-667.08113357741,-474.2422627740789
5650,-675.1238367078424,-462.72104737615217
5651,-682.9675777448155,-451.06346596169834
5652,-690.6100451018423,-439.2729540734692
5653,-698.0489865087145,-427.3529864294354
5654,-705.2822096752554,-415.3070758987737
5655,-712.3075829373977,-403.1387724666074
5656,-719.1230358853949,-390.85166218780995
5657,-725.7265599739806,-378.4493661301777
5658,-732.1162091142959,-365.9355393072846
5659,-738.2901002474117,-353.3138696013326
5660,-744.2464138992725,-340.5880766763181
5661,-749.9833947169061,-327.7619108818261
5662,-755.4993519857333,-314.83915214778773
5663,-760.7926601278289,-301.82360887051664
5664,-765.8617591809874,-288.7191167903573
5665,-770.7051552584513,-275.5295378612739
5666,-775.3214209891651,-262.25875911271777
5667,-779.7091959384298,-248.9106915040975
5668,-783.8671870088283,-235.48926877220433
5669,-787.7941688213069,-221.99844627192084
5670,-791.4889840763011,-208.44219981056017
5671,-794.9505438947962,-194.8245244761768
5672,-798.1778281392252,-181.14943346019626
5673,-801.1698857141087,-167.42095687470814
5674,-803.9258348463451,-153.64314056477724
5675,-806.4448633450762,-139.82004491610675
5676,-808.7262288410408,-125.95574365843444
5677,-810.7692590053563,-112.05432266497448
5678,-812.5733517476555,-98.11987874830326
5679,-814.1379753935269,-84.15651845299853
5680,-815.4626688412002,-70.1683568454325
5681,-816.5470416974362,-56.15951630103517
5682,-817.3907743925769,-42.13412528941475
5683,-817.9936182747246,-28.096317157678175
5684,-818.3553956830201,-14.050228912313928
5685,-818.4760000000005,-1.5035160203683944e-13
5686,-818.3553956830201,14.05022891231363
5687,-817.9936182747247,28.096317157677152
5688,-817.390774392577,42.134125289413724
5689,-816.5470416974362,56.159516301034145
5690,-815.4626688412002,70.1683568454322
5691,-814.137975393527,84.1565184529975
5692,-812.5733517476556,98.11987874830224
5693,-810.7692590053564,112.05432266497345
5694,-808.7262288410409,125.95574365843342
5695,-806.4448633450761,139.82004491610718
5696,-803.9258348463453,153.64314056477622
5697,-801.1698857141085,167.42095687470854
5698,-798.1778281392255,181.14943346019524
5699,-794.9505438947963,194.82452447617655
5700,-791.4889840763013,208.44219981055917
5701,-787.794168821307,221.99844627192056
5702,-783.8671870088283,235.48926877220399
5703,-779.70919593843,248.91069150409717
5704,-775.3214209891652,262.2587591127174
5705,-770.7051552584514,275.52953786127364
5706,-765.8617591809875,288.71911679035696
5707,-760.792660127829,301.82360887051635
5708,-755.4993519857335,314.83915214778744
5709,-749.9833947169062,327.7619108818258
5710,-744.2464138992726,340.5880766763178
5711,-738.2901002474118,353.3138696013323
5712,-732.1162091142961,365.93553930728433
5713,-725.726559973981,378.44936613017677
5714,-719.1230358853949,390.8516621878097
5715,-712.3075829373983,403.13877246660655
5716,-705.2822096752557,415.30707589877346
5717,-698.0489865087147,427.35298642943513
5718,-690.6100451018424,439.27295407346907
5719,-682.9675777448152,451.0634659616987
5720,-675.1238367078431,462.7210473761514
5721,-667.0811335774101,474.2422627740786
5722,-658.8418385750464,485.6237168004188
5723,-650.408379858805,496.8620552884324
5724,-641.7832428076803,507.95396624818164
5725,-632.9689692891495,518.8961808425963
5726,-623.9681569100753,529.6854743508115
5727,-614.7834582511804,540.3186671185068
5728,-605.417580085315,550.7926254949697
5729,-595.8732825797648,561.1042627565902
5730,-586.1533784828118,571.2505400165379
5731,-576.2607322948078,581.2284671203336
5732,-566.1982594239906,591.0351035270614
5733,-555.9689253273016,600.6675591759605
5734,-545.5757446364506,610.1229953381393
5735,-535.0217802694932,619.3986254531591
5736,-524.3101425281681,628.4917159502525
5737,-513.4439881812855,637.3995870539113
5738,-502.4265195344047,646.1196135736365
5739,-491.26098348610685,654.6492256775866
5740,-479.95067057111424,662.985909649925
5741,-468.49891399055593,671.1272086316203
5742,-456.9090886296611,679.0707233444932
5743,-445.18461006315766,686.8141127982993
5744,-433.3289335486964,694.3550949806231
5745,-421.3455530085607,701.6914475294044
5746,-409.23800000000057,708.8210083878723
5747,-397.00984267446006,715.7416764417183
5748,-384.66468472602895,722.4514121383012
5749,-372.2061643294201,728.9482380877132
5750,-359.6379530677758,735.2302396455283
5751,-346.9637548506443,741.2955654770524
5752,-334.18730482241335,747.1424281029234
5753,-321.31236826154947,752.7691044258892
5754,-308.3427394709524,758.1739362386108
5755,-295.28224065975667,763.3553307123454
5756,-282.1347208169089,768.3117608663592
5757,-268.9040545768533,773.0417660179361
5758,-255.59414107765798,777.5439522128476
5759,-242.2089028119244,781.8169926361568
5760,-228.75228447080636,785.8596280032383
5761,-215.2282517814941,789.6706669308937
5762,-201.64079033849575,793.2489862884588
5763,-187.99390442906355,796.5935315287948
5764,-174.29161585311562,799.7033169990673
5765,-160.5379627379852,802.5774262312253
5766,-146.73699834837672,805.2150122120856
5767,-132.89278989183862,807.6152976329537
5768,-119.00941732014864,809.7775751186986
5769,-105.09097212692902,811.7012074362202
5770,-91.14155614186026,813.3856276822457
5771,-77.1652803218631,814.8303394503969
5772,-63.166263539569144,816.0349169774848
5773,-49.14863136948106,816.999005268983
5774,-35.116514872138815,817.7223202036469
5775,-21.07404937668084,818.2046486172453
5776,-7.025373262142802,818.445848365381
5777,0.0,852.1720000000005
5778,14.052787126478552,852.0561230094992
5779,28.10175250176046,851.708523551532
5780,42.14307541400036,851.1292961581399
5781,56.17293722977277,850.3185983541586
5782,70.18752243257548,849.2766506143788
5783,84.18301966048526,848.0037363035868
5784,98.15562274268365,846.5002015995016
5785,112.10153173457115,844.766455398629
5786,126.01695395118796,842.8029692050598
5787,139.89810499866047,840.6102770022411
5788,153.74120980339305,838.1889751077557
5789,167.54250363872495,835.5397220111494
5790,181.2982331487734,832.6632381948501
5791,195.00465736918434,829.5603059382288
5792,208.6580487445131,826.2317691048518
5793,222.25469414195854,822.6785329129874
5794,235.79089586117473,818.9015636894251
5795,249.26297263988596,814.9018886066766
5796,262.6672606550308,810.6805954036294
5797,276.000114519164,806.2388320897284
5798,289.25790827184437,801.5778066327673
5799,302.4370363657393,796.6987866303734
5800,315.533914647178,791.6030989652758
5801,328.54498133088657,786.2921294444503
5802,341.4666979686398,780.7673224222403
5803,354.295550411566,775.0301804075544
5804,367.0280497658441,769.0822636552489
5805,379.6607333415319,762.9251897418062
5806,392.1901655942681,756.5606331254232
5807,404.6129390595922,749.9903246906321
5808,416.9256752796274,743.2160512775727
5809,429.12502572187555,736.2396551960513
5810,441.2076726898733,729.0630337245103
5811,453.1703302254622,721.6881385940511
5812,465.00974500242705,714.1169754576475
5813,476.7226972112608,706.3516033446949
5814,488.3060014348135,698.3941341010424
5815,499.75650751458755,690.2467318146627
5816,511.07110140744567,681.9116122271136
5817,522.2467060324956,673.3910421309515
5818,533.2802821079235,664.6873387532625
5819,544.168828977547,655.8028691254759
5820,554.9093854268642,646.7400494396343
5821,565.4990304883767,637.5013443912937
5822,575.9348842359656,628.0892665092325
5823,586.2141085681078,618.5063754721527
5824,596.3339079797167,608.7552774125572
5825,606.2915303223994,598.8386242079947
5826,616.0842675529208,588.7591127598637
5827,625.7094564696764,578.519484259971
5828,635.1644794369666,568.1225234450471
5829,644.446765096881,557.5710578394169
5830,653.5537890685968,546.867956986036
5831,662.4830746349014,536.0161316660987
5832,671.2321934157525,525.018533107431
5833,679.7987660286923,513.8781521818846
5834,688.180462735937,502.59801859194835
5835,696.3750040779653,491.1812000468001
5836,704.380161493432,479.63080142802283
5837,712.193757925241,467.94996394521075
5838,719.813668412611,456.1418642816953
5839,727.2378206689729,444.20971373062486
5840,734.4641956455416,432.1567573216325
5841,741.4908280804113,419.98627293832686
5842,748.3158070330206,407.70157042685
5843,754.9372764038472,395.305990695742
5844,761.3534354391852,382.8029048073581
5845,767.5625392208734,370.195713061086
5846,773.5628991408378,357.48784406860995
5847,779.3528833603192,344.68275382147766
5848,784.930917253664,331.7839247512191
5849,790.2954838365528,318.7948647822761
5850,795.4451241785567,305.71910637799755
5851,800.3784377999012,292.5602055799634
5852,805.0940830523381,279.3217410408932
5853,809.5907774840143,266.0073130514083
5854,813.8672981882448,252.62054256090775
5855,817.9224821360891,239.16507019282665
5856,821.755226492646,225.64455525454377
5857,825.3644889169761,212.062674742208
5858,828.7492878455745,198.42312234075408
5859,831.9087027593129,184.72960741937973
5860,834.841874433781,170.9858540227582
5861,837.5480051729593,157.19559985825774
5862,840.0263590261571,143.36259527944742
5863,842.2762619881598,129.4906022661627
5864,844.297102182529,115.58339340140952
5865,846.0883300280063,101.64475084538438
5866,847.6494583879761,87.6784653068904
5867,848.9800627029452,73.68833501242786
5868,850.0797811060055,59.67816467324124
5869,850.9483145212449,45.65176445060176
5870,851.5854267450842,31.61294891960761
5871,851.9909445105135,17.565536031784834
5872,852.1647575342141,3.513346076769275
5873,852.1068185465497,-10.53979935664728
5874,851.8171433044229,-24.590078419824174
5875,851.2958105869893,-38.633670043649666
5876,850.5429621742331,-52.666754977706894
5877,849.5588028084092,-66.68551682894429
5878,848.3436001383616,-80.68614309957081
5879,846.8976846467356,-94.66482622388992
5880,845.2214495600995,-108.6177646037932
5881,843.315350742005,-122.54116364263092
5882,841.1799065690112,-136.4312367771783
5883,838.8156977897092,-150.28420650741737
5884,836.2233673667832,-164.09630542385383
5885,833.4036203021526,-177.8637772320892
5886,830.3572234452417,-191.58287777437152
5887,827.0850052844299,-205.24987604784408
5888,823.5878557217388,-218.86105521921704
5889,819.866725830817,-232.41271363558576
5890,815.9226275982893,-245.90116583112027
5891,811.7566336485401,-259.3227435293531
5892,807.3698769520057,-272.6737966407919
5893,802.7635505170555,-285.95069425558626
5894,797.9389070655449,-299.14982563097794
5895,792.8972586921296,-312.2676011732674
5896,787.6399765074323,-325.30045341402854
5897,782.1684902651589,-338.2448379803052
5898,776.484287973269,-351.09723455852827
5899,770.5889154893008,-363.8541478518886
5900,764.4839760999645,-376.5121085309073
5901,758.1711300851183,-389.0676741769424
5902,751.6520942662439,-401.5174302183784
5903,744.9286415395441,-413.85799085924424
5904,738.0026003937932,-426.08600000000007
5905,730.8758544130656,-438.1981321502549
5906,723.5503417644835,-450.1910933331533
5907,716.0280546711181,-462.0616219811976
5908,708.3110388701919,-473.8064898232509
5909,700.4013930567253,-485.4225027624897
5910,692.3012683127838,-496.90650174505845
5911,684.0128675224752,-508.25536361919654
5912,675.5384447728611,-519.4660019846004
5913,666.8803047409417,-530.5353680317926
5914,658.0408020668843,-541.4604513712635
5915,649.0223407136624,-552.2382808521695
5916,639.8273733132806,-562.8659253703573
5917,630.4584004997666,-573.3404946654969
5918,620.9179702291048,-583.6591401071084
5919,611.2086770863039,-593.8190554692659
5920,601.3331615797802,-603.8174776937702
5921,591.2941094232552,-613.6516876415808
5922,581.0942508053557,-623.319010832305
5923,570.7363596471216,-632.8168181715403
5924,560.2232528476193,-642.1425266658745
5925,549.5577895178648,-651.2936001253498
5926,538.742870203272,-660.267549853195
5927,527.7814360948269,-669.0619353226448
5928,516.676468229213,-677.674364840657
5929,505.43098667809573,-686.1024961983503
5930,494.0480497267958,-694.3440373079835
5931,482.53075304256504,-702.3967468263046
5932,470.8822288327011,-710.2584347640994
5933,459.1056449927213,-717.9269630817735
5934,447.2042042448307,-725.4002462708078
5935,435.1811432669224,-732.6762519209252
5936,423.0397318123384,-739.7530012728206
5937,410.7832718206403,-746.6285697562951
5938,398.41509651962207,-753.3010875136589
5939,385.93856951881816,-759.7687399082495
5940,373.35708389474485,-766.0297680179364
5941,360.6740612681319,-772.0824691134702
5942,347.89295087338877,-777.9251971215527
5943,335.01722862056073,-783.5563630724977
5944,322.0503961500336,-788.9744355323608
5945,308.9959798802364,-794.177941019425
5946,295.85753004861044,-799.1654644049231
5947,282.6386197460951,-803.9356492978919
5948,269.3428439454042,-808.4871984140519
5949,255.9738185233474,-812.8188739286122
5950,242.53517927746682,-816.9294978129066
5951,229.0305809372597,-820.8179521547651
5952,215.46369617024686,-824.4831794625384
5953,201.83821458316868,-827.9241829526901
5954,188.15784171856853,-831.1400268208787
5955,174.42629804704816,-834.1298364964553
5956,160.6473179554573,-836.89279888031
5957,146.82464873130448,-839.4281625659994
5958,132.96204954365547,-841.7352380440961
5959,119.06329042080013,-843.813397889707
5960,105.132151224972,-845.6620769331035
5961,91.17242062438203,-847.2807724134259
5962,77.18789506287251,-848.66904411541
5963,63.182377727441356,-849.826514489109
5964,49.159677513944224,-850.7528687525689
5965,35.12360799123607,-851.447854977437
5966,21.07798636404765,-851.9112841574748
5967,7.026632434869649,-852.1430302599593
5968,-7.0266324348698195,-852.1430302599593
5969,-21.07798636404782,-851.9112841574748
5970,-35.12360799123624,-851.447854977437
5971,-49.15967751394402,-850.7528687525689
5972,-63.18237772744152,-849.826514489109
5973,-77.18789506287231,-848.66904411541
5974,-91.17242062438218,-847.2807724134259
5975,-105.1321512249718,-845.6620769331037
5976,-119.0632904208003,-843.813397889707
5977,-132.96204954365527,-841.7352380440963
5978,-146.82464873130428,-839.4281625659994
5979,-160.64731795545708,-836.89279888031
5980,-174.42629804704757,-834.1298364964554
5981,-188.15784171856828,-831.1400268208787
5982,-201.83821458316848,-827.9241829526902
5983,-215.46369617024664,-824.4831794625385
5984,-229.03058093725951,-820.8179521547651
5985,-242.53517927746663,-816.9294978129067
5986,-255.9738185233472,-812.8188739286123
5987,-269.342843945404,-808.4871984140519
5988,-282.63861974609495,-803.935649297892
5989,-295.8575300486099,-799.1654644049232
5990,-308.9959798802362,-794.1779410194251
5991,-322.0503961500334,-788.9744355323608
5992,-335.01722862056045,-783.5563630724977
5993,-347.89295087338854,-777.9251971215529
5994,-360.6740612681317,-772.0824691134703
5995,-373.3570838947446,-766.0297680179365
5996,-385.93856951881764,-759.7687399082497
5997,-398.4150965196219,-753.3010875136589
5998,-410.7832718206398,-746.6285697562953
5999,-423.03973181233823,-739.7530012728206
6000,-435.1811432669222,-732.6762519209253
6001,-447.2042042448305,-725.4002462708079
6002,-459.1056449927211,-717.9269630817736
6003,-470.882228832701,-710.2584347640995
6004,-482.53075304256487,-702.3967468263048
6005,-494.04804972679534,-694.3440373079839
6006,-505.43098667809556,-686.1024961983504
6007,-516.6764682292126,-677.6743648406573
6008,-527.7814360948267,-669.061935322645
6009,-538.7428702032718,-660.2675498531951
6010,-549.5577895178645,-651.2936001253499
6011,-560.2232528476193,-642.1425266658744
6012,-570.7363596471215,-632.8168181715404
6013,-581.0942508053558,-623.3190108323048
6014,-591.2941094232549,-613.6516876415812
6015,-601.3331615797804,-603.8174776937702
6016,-611.208677086304,-593.8190554692658
6017,-620.9179702291049,-583.6591401071083
6018,-630.4584004997668,-573.3404946654967
6019,-639.8273733132806,-562.8659253703572
6020,-649.0223407136622,-552.2382808521696
6021,-658.0408020668841,-541.4604513712636
6022,-666.8803047409418,-530.5353680317925
6023,-675.538444772861,-519.4660019846007
6024,-684.0128675224751,-508.2553636191967
6025,-692.3012683127839,-496.90650174505834
6026,-700.4013930567252,-485.4225027624899
6027,-708.3110388701915,-473.8064898232514
6028,-716.0280546711177,-462.06162198119813
6029,-723.5503417644834,-450.1910933331535
6030,-730.8758544130654,-438.19813215025505
6031,-738.0026003937929,-426.08600000000064
6032,-744.9286415395438,-413.85799085924475
6033,-751.6520942662438,-401.51743021837865
6034,-758.1711300851183,-389.06767417694255
6035,-764.4839760999643,-376.5121085309078
6036,-770.5889154893007,-363.8541478518888
6037,-776.4842879732689,-351.0972345585285
6038,-782.1684902651589,-338.24483798030485
6039,-787.6399765074319,-325.300453414029
6040,-792.8972586921296,-312.2676011732674
6041,-797.9389070655448,-299.14982563097817
6042,-802.7635505170556,-285.9506942555861
6043,-807.3698769520057,-272.6737966407921
6044,-811.7566336485401,-259.3227435293535
6045,-815.9226275982894,-245.90116583112012
6046,-819.866725830817,-232.41271363558576
6047,-823.5878557217387,-218.8610552192173
6048,-827.0850052844298,-205.24987604784445
6049,-830.3572234452417,-191.58287777437135
6050,-833.4036203021526,-177.8637772320892
6051,-836.2233673667834,-164.0963054238533
6052,-838.8156977897091,-150.28420650741793
6053,-841.1799065690111,-136.43123677717833
6054,-843.3153507420049,-122.54116364263112
6055,-845.2214495600995,-108.61776460379285
6056,-846.8976846467355,-94.6648262238905
6057,-848.3436001383616,-80.68614309957083
6058,-849.558802808409,-66.6855168289445
6059,-850.5429621742331,-52.66675497770653
6060,-851.2958105869893,-38.63367004364968
6061,-851.8171433044229,-24.59007841982438
6062,-852.1068185465497,-10.539799356647675
6063,-852.1647575342141,3.513346076769444
6064,-851.9909445105135,17.565536031784816
6065,-851.5854267450842,31.6129489196074
6066,-850.9483145212449,45.65176445060137
6067,-850.0797811060055,59.67816467324142
6068,-848.9800627029454,73.68833501242764
6069,-847.6494583879761,87.67846530689056
6070,-846.0883300280065,101.64475084538361
6071,-844.297102182529,115.58339340140931
6072,-842.27626198816,129.49060226616234
6073,-840.026359026157,143.3625952794476
6074,-837.5480051729594,157.19559985825697
6075,-834.841874433781,170.985854022758
6076,-831.908702759313,184.72960741937933
6077,-828.7492878455745,198.42312234075408
6078,-825.3644889169763,212.0626747422078
6079,-821.7552264926461,225.64455525454338
6080,-817.9224821360893,239.16507019282608
6081,-813.8672981882448,252.6205425609077
6082,-809.5907774840144,266.00731305140806
6083,-805.0940830523382,279.3217410408928
6084,-800.3784377999015,292.5602055799628
6085,-795.4451241785567,305.71910637799755
6086,-790.295483836553,318.7948647822757
6087,-784.9309172536639,331.7839247512193
6088,-779.3528833603197,344.682753821477
6089,-773.5628991408379,357.4878440686098
6090,-767.5625392208733,370.19571306108634
6091,-761.3534354391851,382.8029048073583
6092,-754.9372764038476,395.3059906957411
6093,-748.3158070330209,407.7015704268497
6094,-741.4908280804112,419.98627293832703
6095,-734.4641956455416,432.1567573216325
6096,-727.2378206689726,444.2097137306253
6097,-719.8136684126113,456.1418642816948
6098,-712.193757925241,467.9499639452108
6099,-704.3801614934321,479.6308014280228
6100,-696.3750040779651,491.18120004680037
6101,-688.1804627359375,502.5980185919478
6102,-679.7987660286924,513.8781521818845
6103,-671.2321934157526,525.0185331074308
6104,-662.4830746349013,536.0161316660989
6105,-653.5537890685968,546.867956986036
6106,-644.4467650968811,557.5710578394167
6107,-635.1644794369669,568.1225234450468
6108,-625.7094564696764,578.5194842599711
6109,-616.0842675529209,588.7591127598636
6110,-606.291530322399,598.8386242079952
6111,-596.3339079797172,608.7552774125568
6112,-586.2141085681078,618.5063754721527
6113,-575.9348842359658,628.0892665092323
6114,-565.4990304883764,637.5013443912939
6115,-554.9093854268648,646.7400494396339
6116,-544.168828977547,655.8028691254758
6117,-533.2802821079238,664.6873387532623
6118,-522.2467060324955,673.3910421309516
6119,-511.07110140744567,681.9116122271136
6120,-499.7565075145877,690.2467318146626
6121,-488.30600143481377,698.3941341010421
6122,-476.7226972112607,706.351603344695
6123,-465.00974500242717,714.1169754576475
6124,-453.17033022546246,721.688138594051
6125,-441.20767268987385,729.06303372451
6126,-429.12502572187555,736.2396551960513
6127,-416.92567527962757,743.2160512775725
6128,-404.6129390595919,749.9903246906321
6129,-392.1901655942687,756.560633125423
6130,-379.660733341532,762.9251897418061
6131,-367.02804976584446,769.0822636552488
6132,-354.29555041156584,775.0301804075544
6133,-341.46669796864046,780.76732242224
6134,-328.5449813308868,786.2921294444502
6135,-315.53391464717845,791.6030989652756
6136,-302.43703636573923,796.6987866303734
6137,-289.25790827184454,801.5778066327672
6138,-276.0001145191644,806.2388320897281
6139,-262.6672606550314,810.6805954036291
6140,-249.262972639886,814.9018886066766
6141,-235.79089586117428,818.9015636894252
6142,-222.254694141959,822.6785329129873
6143,-208.6580487445138,826.2317691048517
6144,-195.0046573691845,829.5603059382288
6145,-181.29823314877305,832.6632381948502
6146,-167.5425036387248,835.5397220111494
6147,-153.7412098033931,838.1889751077557
6148,-139.89810499866076,840.6102770022411
6149,-126.01695395118772,842.8029692050598
6150,-112.10153173457113,844.766455398629
6151,-98.15562274268383,846.5002015995015
6152,-84.18301966048566,848.0037363035867
6153,-70.18752243257535,849.2766506143788
6154,-56.17293722977286,850.3185983541586
6155,-42.14307541399991,851.1292961581399
6156,-28.10175250176099,851.708523551532
6157,-14.052787126478542,852.0561230094992
6158,7.015649193865142,886.54224127584
6159,21.045190315529435,886.3201819120358
6160,35.069460079152314,885.8761188054217
6161,49.08494571311778,885.210163184055
6162,63.08813664604145,884.3224818551946
6163,77.07552538609154,883.2132971635215
6164,91.04360839953861,881.8828869354436
6165,104.98888698831375,880.3315844095088
6166,118.90786816635574,878.5597781529345
6167,132.7970655345272,876.567911964281
6168,146.65300015388115,874.3564847622889
6169,160.47220141705884,871.9260504609115
6170,174.25120791760037,869.2772178305711
6171,187.98656831695155,866.4106503456759
6172,201.67484220894787,863.3270660184336
6173,215.31260098156116,860.0272372190058
6174,228.896428675691,856.5119904820452
6175,242.42292284078843,852.7822062996682
6176,255.88869538709395,848.83881890091
6177,269.29037343428064,844.6828160177207
6178,282.6246001562858,840.3152386375607
6179,295.8880356221227,835.7371807426557
6180,309.0773576324598,830.9497890359787
6181,322.18926255175865,825.9542626540253
6182,335.22046613576197,820.7518528664576
6183,348.167704354125,815.3438627626871
6184,361.02773420798337,809.73164692548
6185,373.79733454225277,803.9166110916655
6186,386.4733068524578,797.9002118000263
6187,399.0524760858874,791.6839560264709
6188,411.53169143687535,785.2694008065674
6189,423.9078271360079,778.6581528455406
6190,436.1777832330608,771.8518681158283
6191,448.3384863734684,764.8522514422953
6192,460.38689056813195,757.6610560752134
6193,472.319977956372,750.2800832511105
6194,484.13475956183737,742.7111817415991
6195,495.8282760411773,734.9562473903021
6196,507.3975984252924,727.017222637983
6197,518.839828852977,718.8960960360089
6198,530.1521012967694,710.594901748261
6199,541.3315822808295,702.1157190416224
6200,552.3754715906617,693.4606717651658
6201,563.2810029745071,684.6319278181775
6202,574.0454448362295,675.6316986071452
6203,584.6661009195196,666.4622384918496
6204,595.1403109832481,657.1258442206969
6205,605.465451467798,647.6248543554336
6206,615.6389361522079,637.9616486853881
6207,625.6582168019647,628.1386476313861
6208,635.5207838072799,618.1583116394872
6209,645.2241668116914,608.0231405646989
6210,654.7659353308333,597.7356730448166
6211,664.1436993612202,587.2984858645509
6212,673.3551099788892,576.7141933100995
6213,682.3978599277548,565.9854465143263
6214,691.2696841975248,555.1149327927102
6215,699.9683605910367,544.1053749702326
6216,708.4917102808687,532.959530699368
6217,716.8375983550883,521.6801917693541
6218,725.0039343520004,510.27018340690955
6219,732.9886727837634,498.73236356857564
6220,740.7898136487372,487.0696222248623
6221,748.4054029324409,475.28488063637343
6222,755.83353309699,463.381090622095
6223,763.0723435588933,451.3612338200295
6224,770.1200211550874,439.2283209403608
6225,776.9748005970948,426.98539101133844
6226,783.6349649131902,414.6355106180659
6227,790.0988458784627,402.18177313439026
6228,796.3648244326718,389.62729794807865
6229,802.4313310857843,376.9752296794808
6230,808.2968463110988,364.2287373938702
6231,813.9599009258523,351.39101380766374
6232,819.4190764592191,338.4652744887153
6233,824.6730055076067,325.45475705088694
6234,829.7203720771597,312.3627203430983
6235,834.5599119133876,299.1924436330562
6236,839.1904128178338,285.94722578586885
6237,843.6107149517026,272.6303844377552
6238,847.8197111263754,259.24525516504673
6239,851.8163470807361,245.79519064870195
6240,855.5996217452405,232.2835598345315
6241,859.168587492662,218.71374708935141
6242,862.5223503754524,205.089151353274
6243,865.6600703496549,191.41318528834765
6244,868.5809614853174,177.68927442376065
6245,871.2842921633502,163.92085629782014
6246,873.7693852587814,150.11137959692496
6247,876.0356183103606,136.26430329174593
6248,878.082423676473,122.3830957708285
6249,879.9092886773202,108.47123397183819
6250,881.5157557233357,94.5322025106646
6251,882.901422429801,80.56949280860051
6252,884.0659417176339,66.5866022178181
6253,885.0090219003249,52.5870331453598
6254,885.7304267569971,38.57429217586008
6255,886.2299755915755,24.551889193225545
6256,886.5075432780465,10.523336501484945
6257,886.5630602917997,-3.507852054967081
6258,886.3965127270425,-17.538161971508277
6259,886.0079423002825,-31.564078963597186
6260,885.3974463398789,-45.582089847023454
6261,884.565177761664,-59.588683417882756
6262,883.5113450306408,-73.58035133205742
6263,882.2362121087671,-87.55358898397904
6264,880.7400983888391,-101.50489638445461
6265,879.0233786144906,-115.43077903733833
6266,877.0864827863275,-129.3277488148245
6267,874.929896054222,-143.19232483114857
6268,872.5541585957942,-157.02103431447162
6269,869.9598654811085,-170.81041347673303
6270,867.1476665236216,-184.55700838125526
6271,864.1182661174195,-198.25737580787663
6272,860.8724230607808,-211.90808411540362
6273,857.4109503661156,-225.50571410116268
6274,853.7347150563234,-239.046859857433
6275,849.8446379476225,-252.52812962455366
6276,845.7416934189062,-265.94614664048424
6277,841.426909167682,-279.29754998660894
6278,836.9013659526564,-292.578995429574
6279,832.1661973230281,-305.7871562589442
6280,827.2225893345588,-318.91872412047024
6281,822.0717802524929,-331.97040984476
6282,816.7150602413982,-344.9389442711423
6283,811.1537710420091,-357.8210790665199
6284,805.3893056351494,-370.61358753900646
6285,799.4231078928211,-383.3132654461411
6286,793.2566722165469,-395.9169317974805
6287,786.891543163054,-408.4214296513693
6288,780.3293150573984,-420.8236269056815
6289,773.5716315936204,-433.1204170823454
6290,766.620185423035,-445.30872010544823
6291,759.4767177302606,-457.3854830727261
6292,752.1430177970907,-469.3476810202498
6293,744.6209225543171,-481.19231768011275
6294,736.91231612162,-492.9164262309285
6295,729.0191293356376,-504.5170700409549
6296,720.943339266332,-515.9913434036578
6297,712.6869687217791,-527.3363722655234
6298,704.2520857414985,-538.549314945948
6299,695.6408030784544,-549.6273628490162
6300,686.8552776698577,-560.5677411669917
6301,677.8977100969021,-571.3677095753465
6302,668.7703440335645,-582.0245629191511
6303,659.4754656846153,-592.5356318906573
6304,650.0154032129744,-602.8982836979013
6305,640.3925261565573,-613.1099227241588
6306,630.6092448347562,-623.1679911780927
6307,620.6680097447108,-633.0699697344209
6308,610.5713109475113,-642.8133781649525
6309,600.3216774444924,-652.3957759598323
6310,589.9216765437741,-661.8147629388329
6311,579.3739132172083,-671.067979852548
6312,568.6810294478884,-680.1531089733331
6313,557.8457035683933,-689.0678746758445
6314,546.8706495899222,-697.810044007033
6315,535.7586165224951,-706.3774272454514
6316,524.5123876863858,-714.7678784497297
6317,513.1347800149605,-722.979295996088
6318,501.62864334909926,-731.0096231047462
6319,489.9968597233732,-738.8568483551018
6320,478.24234264415753,-746.5190061895472
6321,466.3680363598627,-753.9941774057984
6322,454.3769151234637,-761.2804896376141
6323,442.27198244751713,-768.3761178237803
6324,430.05627035184466,-775.2792846652501
6325,417.7328386040811,-781.9882610703166
6326,405.30477395326847,-788.5013665877129
6327,392.77518935669264,-794.8169698275291
6328,380.1472232001574,-800.9334888698378
6329,367.424038511887,-806.8493916609322
6330,354.608822170256,-812.5631963970708
6331,341.70478410554824,-818.073471895637
6332,328.7151564959387,-823.3788379536187
6333,315.6431929579027,-828.4779656933194
6334,302.49216773125914,-833.3695778952125
6335,289.2653748590428,-838.0524493178564
6336,275.9661273624208,-842.5254070047912
6337,262.5977564108517,-846.7873305783384
6338,249.1636104877014,-850.8371525202305
6339,235.66705455152294,-854.6738584390015
6340,222.11146919320663,-858.2964873240693
6341,208.50024978921678,-861.7041317864474
6342,194.83680565112488,-864.8959382860268
6343,181.12455917165073,-867.8711073453685
6344,167.36694496742896,-870.6288937499551
6345,153.5674090187139,-873.1686067348504
6346,139.72940780623577,-875.4896101577217
6347,125.85640744542881,-877.5913226581786
6348,111.95188281824609,-879.4732178033909
6349,98.0193167027749,-881.1348242199499
6350,84.06219890088184,-882.5757257119354
6351,70.08402536409108,-883.7955613651645
6352,56.08829731792602,-884.7940256375927
6353,42.078520384929575,-885.5708684358447
6354,28.058203706581512,-886.1258951778584
6355,14.03085906433637,-886.458966841623
6356,1.0857351127200696e-13,-886.5700000000005
6357,-14.030859064336155,-886.458966841623
6358,-28.0582037065809,-886.1258951778584
6359,-42.07852038492936,-885.5708684358447
6360,-56.08829731792581,-884.7940256375927
6361,-70.08402536409086,-883.7955613651646
6362,-84.06219890088163,-882.5757257119354
6363,-98.01931670277469,-881.1348242199499
6364,-111.95188281824548,-879.4732178033909
6365,-125.85640744542899,-877.5913226581786
6366,-139.72940780623594,-875.4896101577217
6367,-153.5674090187137,-873.1686067348505
6368,-167.36694496742876,-870.6288937499551
6369,-181.12455917165013,-867.8711073453686
6370,-194.83680565112468,-864.8959382860268
6371,-208.50024978921695,-861.7041317864473
6372,-222.11146919320683,-858.2964873240692
6373,-235.66705455152274,-854.6738584390015
6374,-249.16361048770116,-850.8371525202306
6375,-262.59775641085105,-846.7873305783384
6376,-275.96612736242065,-842.5254070047913
6377,-289.265374859043,-838.0524493178564
6378,-302.4921677312593,-833.3695778952124
6379,-315.64319295790295,-828.4779656933194
6380,-328.71515649593806,-823.3788379536189
6381,-341.7047841055481,-818.0734718956371
6382,-354.6088221702558,-812.5631963970709
6383,-367.4240385118868,-806.8493916609322
6384,-380.14722320015755,-800.9334888698377
6385,-392.7751893566921,-794.8169698275292
6386,-405.30477395326795,-788.5013665877132
6387,-417.7328386040809,-781.9882610703168
6388,-430.0562703518445,-775.2792846652502
6389,-442.2719824475169,-768.3761178237804
6390,-454.3769151234635,-761.2804896376142
6391,-466.3680363598622,-753.9941774057988
6392,-478.2423426441573,-746.5190061895472
6393,-489.99685972337306,-738.8568483551019
6394,-501.6286433490991,-731.0096231047463
6395,-513.1347800149604,-722.979295996088
6396,-524.5123876863855,-714.7678784497298
6397,-535.7586165224952,-706.3774272454513
6398,-546.8706495899222,-697.8100440070331
6399,-557.8457035683931,-689.0678746758446
6400,-568.6810294478881,-680.1531089733332
6401,-579.3739132172078,-671.0679798525483
6402,-589.9216765437741,-661.8147629388329
6403,-600.3216774444925,-652.3957759598322
6404,-610.5713109475112,-642.8133781649527
6405,-620.6680097447106,-633.069969734421
6406,-630.6092448347559,-623.167991178093
6407,-640.3925261565569,-613.1099227241592
6408,-650.0154032129745,-602.8982836979012
6409,-659.4754656846155,-592.5356318906572
6410,-668.7703440335646,-582.0245629191509
6411,-677.8977100969022,-571.3677095753462
6412,-686.8552776698574,-560.5677411669923
6413,-695.6408030784539,-549.6273628490167
6414,-704.2520857414984,-538.5493149459483
6415,-712.6869687217792,-527.3363722655233
6416,-720.943339266332,-515.9913434036577
6417,-729.0191293356372,-504.5170700409554
6418,-736.91231612162,-492.9164262309286
6419,-744.620922554317,-481.1923176801129
6420,-752.1430177970907,-469.34768102025
6421,-759.4767177302607,-457.385483072726
6422,-766.6201854230346,-445.3087201054488
6423,-773.5716315936202,-433.1204170823459
6424,-780.3293150573983,-420.82362690568175
6425,-786.8915431630539,-408.4214296513695
6426,-793.2566722165468,-395.91693179748074
6427,-799.4231078928212,-383.3132654461409
6428,-805.3893056351492,-370.61358753900697
6429,-811.1537710420089,-357.8210790665203
6430,-816.7150602413981,-344.93894427114253
6431,-822.0717802524929,-331.9704098447602
6432,-827.2225893345588,-318.9187241204703
6433,-832.1661973230279,-305.7871562589448
6434,-836.9013659526563,-292.5789954295746
6435,-841.4269091676819,-279.29754998660934
6436,-845.741693418906,-265.94614664048447
6437,-849.8446379476223,-252.52812962455386
6438,-853.7347150563234,-239.04685985743305
6439,-857.4109503661155,-225.50571410116328
6440,-860.8724230607806,-211.90808411540422
6441,-864.1182661174191,-198.25737580787762
6442,-867.1476665236215,-184.55700838125625
6443,-869.9598654811083,-170.81041347673403
6444,-872.5541585957941,-157.02103431447222
6445,-874.9298960542219,-143.19232483114914
6446,-877.0864827863273,-129.32774881482493
6447,-879.0233786144906,-115.43077903733851
6448,-880.7400983888391,-101.50489638445482
6449,-882.2362121087671,-87.55358898397907
6450,-883.5113450306408,-73.58035133205745
6451,-884.565177761664,-59.58868341788336
6452,-885.3974463398789,-45.582089847024655
6453,-886.0079423002824,-31.564078963598387
6454,-886.3965127270425,-17.538161971509282
6455,-886.5630602917997,-3.507852054967889
6456,-886.5075432780465,10.523336501484136
6457,-886.2299755915755,24.551889193225133
6458,-885.7304267569971,38.57429217585966
6459,-885.0090219003249,52.587033145359385
6460,-884.0659417176339,66.58660221781808
6461,-882.901422429801,80.56949280860049
6462,-881.5157557233357,94.53220251066477
6463,-879.9092886773203,108.471233971837
6464,-878.0824236764732,122.38309577082732
6465,-876.0356183103609,136.26430329174494
6466,-873.7693852587815,150.11137959692417
6467,-871.2842921633504,163.92085629781934
6468,-868.5809614853174,177.68927442376005
6469,-865.660070349655,191.41318528834725
6470,-862.5223503754526,205.0891513532736
6471,-859.1685874926621,218.7137470893512
6472,-855.5996217452405,232.28355983453145
6473,-851.8163470807363,245.79519064870135
6474,-847.8197111263759,259.2452551650454
6475,-843.610714951703,272.63038443775383
6476,-839.190412817834,285.9472257858679
6477,-834.5599119133881,299.19244363305523
6478,-829.7203720771598,312.3627203430977
6479,-824.6730055076068,325.4547570508863
6480,-819.4190764592194,338.4652744887147
6481,-813.9599009258524,351.39101380766334
6482,-808.2968463110989,364.22873739386995
6483,-802.4313310857843,376.97522967948055
6484,-796.3648244326721,389.6272979480779
6485,-790.098845878463,402.1817731343897
6486,-783.6349649131903,414.6355106180655
6487,-776.9748005970954,426.98539101133736
6488,-770.1200211550879,439.22832094036
6489,-763.0723435588937,451.3612338200286
6490,-755.8335330969904,463.3810906220943
6491,-748.4054029324411,475.284880636373
6492,-740.7898136487374,487.06962222486203
6493,-732.9886727837636,498.7323635685754
6494,-725.003934352001,510.27018340690876
6495,-716.8375983550886,521.6801917693535
6496,-708.4917102808691,532.9595306993674
6497,-699.968360591037,544.105374970232
6498,-691.2696841975251,555.1149327927099
6499,-682.397859927755,565.985446514326
6500,-673.3551099788899,576.7141933100987
6501,-664.1436993612207,587.2984858645502
6502,-654.7659353308337,597.7356730448162
6503,-645.2241668116916,608.0231405646986
6504,-635.5207838072803,618.1583116394869
6505,-625.6582168019655,628.1386476313853
6506,-615.6389361522085,637.9616486853876
6507,-605.4654514677984,647.6248543554332
6508,-595.1403109832486,657.1258442206964
6509,-584.6661009195201,666.4622384918492
6510,-574.0454448362299,675.6316986071449
6511,-563.2810029745074,684.6319278181772
6512,-552.3754715906617,693.4606717651658
6513,-541.3315822808302,702.1157190416219
6514,-530.1521012967698,710.5949017482608
6515,-518.8398288529773,718.8960960360085
6516,-507.3975984252933,727.0172226379825
6517,-495.82827604117807,734.9562473903015
6518,-484.13475956183805,742.7111817415988
6519,-472.31997795637255,750.28008325111
6520,-460.38689056813246,757.6610560752132
6521,-448.3384863734688,764.8522514422951
6522,-436.17778323306106,771.8518681158281
6523,-423.90782713600805,778.6581528455406
6524,-411.53169143687535,785.2694008065673
6525,-399.0524760858881,791.6839560264706
6526,-386.4733068524584,797.900211800026
6527,-373.79733454225385,803.9166110916649
6528,-361.0277342079844,809.7316469254798
6529,-348.16770435412593,815.3438627626867
6530,-335.2204661357627,820.7518528664573
6531,-322.1892625517592,825.9542626540252
6532,-309.07735763246035,830.9497890359785
6533,-295.8880356221231,835.7371807426555
6534,-282.6246001562861,840.3152386375606
6535,-269.29037343428075,844.6828160177207
6536,-255.888695387094,848.8388189009099
6537,-242.4229228407898,852.7822062996679
6538,-228.89642867569228,856.5119904820449
6539,-215.31260098156224,860.0272372190054
6540,-201.6748422089489,863.3270660184335
6541,-187.9865683169524,866.4106503456757
6542,-174.25120791760114,869.2772178305709
6543,-160.4722014170594,871.9260504609113
6544,-146.65300015388166,874.3564847622888
6545,-132.79706553452755,876.5679119642808
6546,-118.90786816635593,878.5597781529345
6547,-104.98888698831381,880.3315844095088
6548,-91.04360839953931,881.8828869354435
6549,-77.07552538609289,883.2132971635214
6550,-63.08813664604268,884.3224818551946
6551,-49.08494571311888,885.2101631840549
6552,-35.06946007915327,885.8761188054217
6553,-21.045190315530252,886.3201819120358
6554,-7.015649193865822,886.54224127584
6555,0.0,921.6700000000005
6556,14.055337206208893,921.5628228156888
6557,28.10740553859893,921.241316189135
6558,42.15293688359883,920.705554893685
6559,56.188664647955655,919.9556635322599
6560,70.21132451845199,918.9918165083766
6561,84.21765522109284,917.814237985586
6562,98.20439927958573,916.4232018353401
6563,112.16830377293749,914.8190315732959
6564,126.10612109199172,913.0021002840755
6565,140.0146096947308,910.9728305344969
6566,153.89053486016678,908.7316942752975
6567,167.730669440646,906.2792127313711
6568,181.53179461239247,903.6159562805458
6569,195.2907006241151,900.7425443209303
6570,209.00418754350494,897.6596451268601
6571,222.6690660014493,894.3679756934744
6572,236.2821579337883,890.8683015699645
6573,249.84029732044294,887.1614366815285
6574,263.340330921742,883.2482431400747
6575,276.7791190117757,879.1296310437194
6576,290.1535361086081,874.8065582651238
6577,303.46047170117504,870.2800302287197
6578,316.69683097270115,865.551099676876
6579,329.8595355204669,860.6208664250611
6580,342.94552407175814,855.4904771060565
6581,355.9517531958305,850.1611249032829
6582,368.8751980117268,844.6340492732994
6583,381.7128528917778,838.9105356575402
6584,394.4617321606262,832.9919151833584
6585,407.11887078961075,826.8795643544429
6586,419.68132508634756,820.5749047306823
6587,432.14617337935,814.0794025975512
6588,444.51051669752655,807.3945686250923
6589,456.77147944439986,800.5219575165787
6590,468.92621006688853,793.4631676469332
6591,480.97188171849854,786.2198406909913
6592,492.90569291676695,778.7936612416943
6593,504.724868194808,771.186356418301
6594,516.4266587468076,763.3996954647081
6595,528.008343067319,755.4354893379748
6596,539.4672275842064,747.295590287144
6597,550.8006472850948,738.9818914224635
6598,562.0059663371761,730.4963262751004
6599,573.080578700229,721.8408683474577
6600,584.0219087327106,713.0175306541926
6601,594.8274117907777,704.0283652540469
6602,605.4945748200989,694.8754627725954
6603,616.0209169403198,685.5609519160265
6604,626.4039900220461,676.0869989760647
6605,636.6413792562083,666.4558073261525
6606,646.7307037156787,656.6696169090084
6607,656.6696169090083,646.7307037156789
6608,666.4558073261526,636.6413792562082
6609,676.0869989760646,626.4039900220462
6610,685.5609519160264,616.02091694032
6611,694.8754627725954,605.494574820099
6612,704.0283652540468,594.8274117907778
6613,713.0175306541926,584.0219087327107
6614,721.8408683474576,573.080578700229
6615,730.4963262751003,562.0059663371762
6616,738.9818914224634,550.8006472850949
6617,747.295590287144,539.4672275842064
6618,755.4354893379747,528.0083430673191
6619,763.3996954647081,516.4266587468078
6620,771.186356418301,504.724868194808
6621,778.7936612416942,492.90569291676707
6622,786.2198406909912,480.97188171849865
6623,793.4631676469332,468.92621006688853
6624,800.5219575165787,456.7714794444
6625,807.3945686250922,444.51051669752655
6626,814.079402597551,432.14617337935005
6627,820.5749047306823,419.68132508634767
6628,826.8795643544428,407.1188707896109
6629,832.9919151833584,394.4617321606262
6630,838.9105356575401,381.71285289177786
6631,844.6340492732994,368.8751980117267
6632,850.1611249032829,355.9517531958307
6633,855.4904771060563,342.94552407175826
6634,860.6208664250611,329.859535520467
6635,865.551099676876,316.69683097270126
6636,870.2800302287197,303.46047170117515
6637,874.8065582651238,290.1535361086081
6638,879.1296310437194,276.7791190117757
6639,883.2482431400746,263.3403309217422
6640,887.1614366815284,249.84029732044306
6641,890.8683015699645,236.2821579337884
6642,894.3679756934744,222.66906600144947
6643,897.6596451268601,209.004187543505
6644,900.7425443209303,195.29070062411515
6645,903.6159562805457,181.5317946123926
6646,906.2792127313711,167.73066944064595
6647,908.7316942752975,153.89053486016695
6648,910.9728305344969,140.01460969473104
6649,913.0021002840754,126.1061210919918
6650,914.8190315732959,112.16830377293762
6651,916.4232018353401,98.20439927958589
6652,917.814237985586,84.21765522109284
6653,918.9918165083766,70.21132451845203
6654,919.9556635322599,56.18866464795575
6655,920.705554893685,42.152936883598755
6656,921.241316189135,28.107405538599103
6657,921.5628228156888,14.05533720620911
6658,921.6700000000005,5.6436010768507085e-14
6659,921.5628228156888,-14.055337206208792
6660,921.241316189135,-28.107405538598787
6661,920.705554893685,-42.15293688359885
6662,919.9556635322599,-56.18866464795563
6663,918.9918165083766,-70.21132451845172
6664,917.814237985586,-84.21765522109273
6665,916.4232018353403,-98.20439927958557
6666,914.8190315732961,-112.16830377293729
6667,913.0021002840755,-126.1061210919917
6668,910.9728305344969,-140.01460969473072
6669,908.7316942752975,-153.89053486016664
6670,906.2792127313711,-167.730669440646
6671,903.6159562805458,-181.53179461239228
6672,900.7425443209304,-195.29070062411483
6673,897.6596451268601,-209.00418754350488
6674,894.3679756934744,-222.66906600144918
6675,890.8683015699645,-236.2821579337881
6676,887.1614366815285,-249.84029732044294
6677,883.2482431400747,-263.3403309217419
6678,879.1296310437194,-276.7791190117756
6679,874.8065582651238,-290.15353610860814
6680,870.2800302287199,-303.4604717011748
6681,865.5510996768761,-316.6968309727009
6682,860.6208664250611,-329.8595355204669
6683,855.4904771060566,-342.945524071758
6684,850.161124903283,-355.95175319583035
6685,844.6340492732993,-368.87519801172687
6686,838.9105356575402,-381.71285289177774
6687,832.9919151833584,-394.4617321606261
6688,826.8795643544429,-407.11887078961064
6689,820.5749047306824,-419.68132508634744
6690,814.0794025975513,-432.14617337934976
6691,807.3945686250922,-444.51051669752667
6692,800.5219575165789,-456.7714794443996
6693,793.4631676469334,-468.92621006688825
6694,786.2198406909913,-480.97188171849854
6695,778.7936612416943,-492.90569291676695
6696,771.1863564183011,-504.72486819480787
6697,763.3996954647081,-516.4266587468076
6698,755.4354893379749,-528.0083430673188
6699,747.2955902871441,-539.4672275842063
6700,738.9818914224636,-550.8006472850946
6701,730.4963262751006,-562.0059663371759
6702,721.8408683474579,-573.0805787002287
6703,713.0175306541926,-584.0219087327106
6704,704.0283652540468,-594.8274117907778
6705,694.8754627725954,-605.4945748200989
6706,685.5609519160266,-616.0209169403198
6707,676.0869989760645,-626.4039900220462
6708,666.4558073261527,-636.6413792562081
6709,656.6696169090085,-646.7307037156786
6710,646.7307037156787,-656.6696169090084
6711,636.6413792562086,-666.4558073261522
6712,626.4039900220461,-676.0869989760647
6713,616.0209169403199,-685.5609519160264
6714,605.494574820099,-694.8754627725953
6715,594.8274117907779,-704.0283652540467
6716,584.0219087327107,-713.0175306541925
6717,573.0805787002291,-721.8408683474574
6718,562.0059663371762,-730.4963262751002
6719,550.8006472850948,-738.9818914224635
6720,539.4672275842067,-747.2955902871438
6721,528.008343067319,-755.4354893379748
6722,516.4266587468077,-763.3996954647081
6723,504.72486819480827,-771.1863564183006
6724,492.90569291676707,-778.7936612416942
6725,480.97188171849865,-786.2198406909912
6726,468.92621006688876,-793.4631676469331
6727,456.7714794444001,-800.5219575165787
6728,444.5105166975265,-807.3945686250923
6729,432.1461733793503,-814.0794025975509
6730,419.68132508634756,-820.5749047306823
6731,407.11887078961075,-826.8795643544429
6732,394.4617321606267,-832.9919151833582
6733,381.7128528917779,-838.9105356575401
6734,368.87519801172704,-844.6340492732993
6735,355.9517531958307,-850.1611249032828
6736,342.9455240717583,-855.4904771060563
6737,329.8595355204669,-860.6208664250611
6738,316.6968309727015,-865.5510996768759
6739,303.4604717011754,-870.2800302287196
6740,290.15353610860814,-874.8065582651238
6741,276.7791190117761,-879.1296310437192
6742,263.34033092174207,-883.2482431400746
6743,249.8402973204431,-887.1614366815284
6744,236.28215793378845,-890.8683015699645
6745,222.66906600144955,-894.3679756934744
6746,209.00418754350486,-897.6596451268601
6747,195.2907006241154,-900.7425443209303
6748,181.53179461239284,-903.6159562805457
6749,167.730669440646,-906.2792127313711
6750,153.8905348601672,-908.7316942752975
6751,140.0146096947309,-910.9728305344969
6752,126.10612109199188,-913.0021002840754
6753,112.16830377293766,-914.8190315732959
6754,98.20439927958594,-916.4232018353401
6755,84.21765522109268,-917.8142379855861
6756,70.21132451845229,-918.9918165083766
6757,56.188664647956,-919.9556635322599
6758,42.15293688359882,-920.705554893685
6759,28.107405538599366,-921.241316189135
6760,14.055337206208963,-921.5628228156888
6761,1.1287202153701417e-13,-921.6700000000005
6762,-14.055337206208737,-921.5628228156888
6763,-28.10740553859873,-921.241316189135
6764,-42.152936883598585,-920.705554893685
6765,-56.18866464795537,-919.9556635322599
6766,-70.21132451845166,-918.9918165083766
6767,-84.21765522109288,-917.814237985586
6768,-98.2043992795853,-916.4232018353403
6769,-112.16830377293743,-914.8190315732959
6770,-126.10612109199165,-913.0021002840755
6771,-140.01460969473027,-910.972830534497
6772,-153.89053486016658,-908.7316942752976
6773,-167.73066944064576,-906.2792127313711
6774,-181.53179461239222,-903.6159562805458
6775,-195.29070062411478,-900.7425443209304
6776,-209.00418754350503,-897.6596451268601
6777,-222.66906600144893,-894.3679756934745
6778,-236.28215793378826,-890.8683015699645
6779,-249.84029732044291,-887.1614366815285
6780,-263.34033092174144,-883.2482431400748
6781,-276.77911901177555,-879.1296310437194
6782,-290.1535361086079,-874.806558265124
6783,-303.4604717011748,-870.2800302287199
6784,-316.69683097270087,-865.5510996768761
6785,-329.85953552046703,-860.6208664250611
6786,-342.9455240717577,-855.4904771060567
6787,-355.9517531958301,-850.1611249032832
6788,-368.8751980117268,-844.6340492732994
6789,-381.71285289177735,-838.9105356575404
6790,-394.46173216062607,-832.9919151833584
6791,-407.1188707896106,-826.879564354443
6792,-419.6813250863474,-820.5749047306824
6793,-432.1461733793497,-814.0794025975513
6794,-444.5105166975266,-807.3945686250922
6795,-456.7714794443995,-800.521957516579
6796,-468.92621006688825,-793.4631676469334
6797,-480.97188171849854,-786.2198406909913
6798,-492.90569291676655,-778.7936612416945
6799,-504.72486819480775,-771.1863564183011
6800,-516.4266587468074,-763.3996954647083
6801,-528.0083430673188,-755.4354893379749
6802,-539.4672275842063,-747.2955902871443
6803,-550.8006472850949,-738.9818914224634
6804,-562.0059663371758,-730.4963262751006
6805,-573.0805787002286,-721.8408683474579
6806,-584.0219087327106,-713.0175306541926
6807,-594.8274117907773,-704.0283652540471
6808,-605.4945748200989,-694.8754627725955
6809,-616.0209169403198,-685.5609519160266
6810,-626.403990022046,-676.0869989760649
6811,-636.641379256208,-666.4558073261528
6812,-646.7307037156786,-656.6696169090085
6813,-656.6696169090081,-646.7307037156792
6814,-666.4558073261522,-636.6413792562086
6815,-676.0869989760646,-626.4039900220461
6816,-685.5609519160262,-616.0209169403203
6817,-694.8754627725953,-605.4945748200992
6818,-704.028365254047,-594.8274117907775
6819,-713.0175306541925,-584.0219087327107
6820,-721.8408683474572,-573.0805787002294
6821,-730.4963262751002,-562.0059663371762
6822,-738.981891422463,-550.8006472850955
6823,-747.2955902871438,-539.4672275842067
6824,-755.4354893379748,-528.0083430673191
6825,-763.399695464708,-516.4266587468081
6826,-771.1863564183009,-504.7248681948081
6827,-778.7936612416944,-492.9056929167667
6828,-786.2198406909911,-480.97188171849876
6829,-793.4631676469329,-468.92621006688915
6830,-800.5219575165787,-456.7714794444001
6831,-807.394568625092,-444.51051669752724
6832,-814.0794025975509,-432.14617337935033
6833,-820.5749047306823,-419.68132508634756
6834,-826.8795643544427,-407.1188707896112
6835,-832.9919151833583,-394.46173216062635
6836,-838.9105356575399,-381.71285289177837
6837,-844.6340492732993,-368.87519801172704
6838,-850.1611249032828,-355.95175319583115
6839,-855.4904771060563,-342.94552407175837
6840,-860.6208664250607,-329.8595355204677
6841,-865.5510996768759,-316.69683097270155
6842,-870.2800302287197,-303.46047170117504
6843,-874.8065582651237,-290.1535361086086
6844,-879.1296310437193,-276.77911901177583
6845,-883.2482431400745,-263.3403309217425
6846,-887.1614366815284,-249.84029732044317
6847,-890.8683015699644,-236.2821579337889
6848,-894.3679756934742,-222.6690660014496
6849,-897.6596451268599,-209.00418754350568
6850,-900.7425443209303,-195.29070062411546
6851,-903.6159562805458,-181.5317946123925
6852,-906.279212731371,-167.73066944064647
6853,-908.7316942752975,-153.89053486016687
6854,-910.9728305344968,-140.01460969473135
6855,-913.0021002840754,-126.10612109199192
6856,-914.8190315732959,-112.16830377293813
6857,-916.4232018353401,-98.204399279586
6858,-917.814237985586,-84.21765522109276
6859,-918.9918165083766,-70.21132451845153
6860,-919.9556635322599,-56.18866464795647
6861,-920.705554893685,-42.152936883599274
6862,-921.241316189135,-28.107405538599014
6863,-921.5628228156888,-14.055337206209428
6864,-921.6700000000005,-1.6930803230552125e-13
6865,-921.5628228156888,14.05533720620909
6866,-921.241316189135,28.107405538597856
6867,-920.705554893685,42.15293688359812
6868,-919.9556635322599,56.188664647955314
6869,-918.9918165083766,70.211324518452
6870,-917.8142379855861,84.2176552210924
6871,-916.4232018353401,98.20439927958566
6872,-914.8190315732961,112.16830377293698
6873,-913.0021002840755,126.1061210919916
6874,-910.972830534497,140.01460969473018
6875,-908.7316942752976,153.89053486016653
6876,-906.2792127313711,167.73066944064612
6877,-903.6159562805458,181.53179461239216
6878,-900.7425443209305,195.29070062411432
6879,-897.6596451268603,209.00418754350457
6880,-894.3679756934744,222.66906600144927
6881,-890.8683015699646,236.2821579337878
6882,-887.1614366815285,249.84029732044286
6883,-883.2482431400746,263.3403309217421
6884,-879.1296310437199,276.7791190117747
6885,-874.8065582651241,290.1535361086075
6886,-870.2800302287199,303.46047170117475
6887,-865.551099676876,316.69683097270126
6888,-860.6208664250612,329.85953552046664
6889,-855.4904771060565,342.94552407175803
6890,-850.1611249032832,355.95175319583007
6891,-844.6340492732998,368.875198011726
6892,-838.9105356575404,381.7128528917773
6893,-832.9919151833585,394.461732160626
6894,-826.8795643544428,407.1188707896109
6895,-820.5749047306825,419.68132508634733
6896,-814.0794025975515,432.1461733793493
6897,-807.3945686250925,444.5105166975262
6898,-800.5219575165788,456.77147944439974
6899,-793.4631676469335,468.92621006688813
6900,-786.2198406909913,480.9718817184984
6901,-778.793661241694,492.9056929167671
6902,-771.1863564183014,504.7248681948071
6903,-763.3996954647085,516.4266587468071
6904,-755.4354893379749,528.0083430673188
6905,-747.295590287144,539.4672275842065
6906,-738.9818914224636,550.8006472850946
6907,-730.4963262751004,562.0059663371761
6908,-721.8408683474579,573.0805787002286
6909,-713.0175306541931,584.0219087327099
6910,-704.0283652540471,594.8274117907773
6911,-694.8754627725955,605.4945748200988
6912,-685.5609519160263,616.02091694032
6913,-676.0869989760649,626.403990022046
6914,-666.455807326153,636.6413792562076
6915,-656.6696169090086,646.7307037156786
6916,-646.7307037156794,656.6696169090077
6917,-636.6413792562087,666.4558073261521
6918,-626.4039900220462,676.0869989760646
6919,-616.0209169403198,685.5609519160266
6920,-605.4945748200997,694.8754627725947
6921,-594.8274117907783,704.0283652540463
6922,-584.0219087327107,713.0175306541925
6923,-573.0805787002294,721.8408683474572
6924,-562.0059663371763,730.4963262751002
6925,-550.8006472850949,738.9818914224634
6926,-539.4672275842069,747.2955902871438
6927,-528.0083430673199,755.4354893379742
6928,-516.4266587468081,763.399695464708
6929,-504.7248681948081,771.1863564183009
6930,-492.90569291676684,778.7936612416943
6931,-480.97188171849876,786.2198406909911
6932,-468.92621006688915,793.4631676469329
6933,-456.77147944440014,800.5219575165787
6934,-444.5105166975273,807.394568625092
6935,-432.1461733793504,814.0794025975509
6936,-419.68132508634767,820.5749047306823
6937,-407.1188707896105,826.879564354443
6938,-394.46173216062715,832.991915183358
6939,-381.7128528917784,838.9105356575399
6940,-368.8751980117271,844.6340492732992
6941,-355.9517531958312,850.1611249032827
6942,-342.9455240717584,855.4904771060563
6943,-329.859535520467,860.6208664250611
6944,-316.6968309727016,865.5510996768758
6945,-303.46047170117583,870.2800302287194
6946,-290.15353610860865,874.8065582651237
6947,-276.7791190117759,879.1296310437193
6948,-263.3403309217426,883.2482431400745
6949,-249.8402973204432,887.1614366815284
6950,-236.28215793378897,890.8683015699644
6951,-222.66906600144966,894.3679756934742
6952,-209.00418754350574,897.6596451268599
6953,-195.2907006241155,900.7425443209303
6954,-181.53179461239256,903.6159562805457
6955,-167.73066944064573,906.2792127313711
6956,-153.89053486016772,908.7316942752975
6957,-140.0146096947314,910.9728305344968
6958,-126.10612109199198,913.0021002840754
6959,-112.16830377293819,914.8190315732959
6960,-98.20439927958604,916.4232018353401
6961,-84.2176552210928,917.814237985586
6962,-70.21132451845322,918.9918165083765
6963,-56.18866464795653,919.9556635322598
6964,-42.15293688359933,920.705554893685
6965,-28.107405538599068,921.241316189135
6966,-14.055337206209485,921.5628228156888
6967,7.027943903093392,957.4462067335669
6968,21.082317127649258,957.2398689401367
6969,35.132146933717564,956.8272378208245
6970,49.174405463586986,956.2084023011427
6971,63.20606649122051,955.383495745404
6972,77.22410607443298,954.3526959279811
6973,91.22550320657619,953.116224994994
6974,105.20724046759157,951.6743494164353
6975,119.1663046742899,950.0273799287447
6976,133.09968752971778,948.1756714678418
6977,147.00438627147113,946.1196230926347
6978,160.8774043188164,943.8596778990196
6979,174.7157519184786,941.3963229243897
6980,188.51644678895894,938.730089042674
6981,202.27651476324166,935.8615508499305
6982,215.99299042975255,932.7913265405151
6983,229.6629177714299,929.5200777738555
6984,243.28335080277176,926.0485095318585
6985,256.85135420472045,922.3773699669796
6986,270.36400395724905,918.5074502409905
6987,283.8183879695124,914.4395843544769
6988,297.2116067074276,910.1746489671037
6989,310.540773818548,905.7135632086882
6990,323.80301675409675,901.0572884811194
6991,336.99547738802573,896.2068282511675
6992,350.11531263296564,891.1632278342289
6993,363.15969505293566,885.9275741690512
6994,376.12581347267985,880.5009955834894
6995,389.0108735834996,874.8846615513405
6996,401.81209854545034,869.0797824403134
6997,414.5267295857747,863.0876092511832
6998,427.15202659344124,856.9094333481905
6999,439.68526870966144,850.5465861807418
7000,452.1237549142584,844.0004389964691
7001,464.4648046077595,837.2724025457169
7002,476.7057581890874,830.3639267775113
7003,488.8439776287287,823.2765005270853
7004,500.87684703724943,816.0116511950212
7005,512.8017732290433,808.5709444180825
7006,524.616186281184,800.9559837318072
7007,536.317540087266,793.1684102249312
7008,547.9033129061124,785.2099021857198
7009,559.3710079052307,777.0821747402828
7010,570.7181536989019,768.78697948295
7011,581.9423048807855,760.3261040987873
7012,593.041042550925,751.7013719783363
7013,604.0119748370408,742.9146418246573
7014,614.8527374100005,733.9678072527636
7015,625.5609939933498,724.8627963815312
7016,636.1344368668024,715.601571418172
7017,646.5707873635712,706.1861282353632
7018,656.8677963614414,696.6184959411177
7019,667.0232447674756,686.9007364414958
7020,677.0349439962465,677.0349439962465
7021,686.9007364414958,667.0232447674756
7022,696.6184959411175,656.8677963614415
7023,706.186128235363,646.5707873635713
7024,715.601571418172,636.1344368668024
7025,724.8627963815312,625.5609939933499
7026,733.9678072527637,614.8527374100004
7027,742.9146418246572,604.011974837041
7028,751.7013719783362,593.0410425509251
7029,760.3261040987873,581.9423048807856
7030,768.78697948295,570.7181536989019
7031,777.0821747402828,559.3710079052307
7032,785.2099021857197,547.9033129061125
7033,793.1684102249312,536.3175400872663
7034,800.9559837318072,524.616186281184
7035,808.5709444180825,512.8017732290433
7036,816.0116511950212,500.87684703724955
7037,823.2765005270853,488.8439776287288
7038,830.3639267775113,476.7057581890877
7039,837.2724025457168,464.46480460775956
7040,844.000438996469,452.1237549142585
7041,850.5465861807417,439.68526870966156
7042,856.9094333481905,427.15202659344124
7043,863.0876092511832,414.52672958577483
7044,869.0797824403134,401.81209854545034
7045,874.8846615513405,389.01087358349946
7046,880.5009955834894,376.12581347267985
7047,885.9275741690512,363.1596950529357
7048,891.1632278342289,350.11531263296564
7049,896.2068282511675,336.9954773880258
7050,901.0572884811194,323.80301675409675
7051,905.7135632086882,310.54077381854785
7052,910.1746489671037,297.2116067074275
7053,914.4395843544769,283.8183879695123
7054,918.5074502409905,270.364003957249
7055,922.3773699669797,256.8513542047203
7056,926.0485095318585,243.28335080277174
7057,929.5200777738555,229.66291777143
7058,932.7913265405151,215.9929904297525
7059,935.8615508499305,202.27651476324172
7060,938.730089042674,188.51644678895906
7061,941.3963229243897,174.7157519184784
7062,943.8596778990196,160.87740431881633
7063,946.1196230926348,147.00438627147102
7064,948.1756714678418,133.0996875297177
7065,950.0273799287447,119.16630467428995
7066,951.6743494164353,105.2072404675915
7067,953.116224994994,91.2255032065762
7068,954.3526959279811,77.2241060744329
7069,955.383495745404,63.20606649122054
7070,956.2084023011427,49.1744054635871
7071,956.8272378208245,35.13214693371736
7072,957.2398689401367,21.08231712764916
7073,957.4462067335669,7.027943903093187
7074,957.4462067335669,-7.027943903093494
7075,957.2398689401367,-21.082317127649254
7076,956.8272378208245,-35.13214693371767
7077,956.2084023011427,-49.174405463586986
7078,955.383495745404,-63.20606649122042
7079,954.3526959279811,-77.22410607443298
7080,953.116224994994,-91.2255032065761
7081,951.6743494164353,-105.20724046759182
7082,950.0273799287447,-119.16630467429003
7083,948.1756714678418,-133.09968752971778
7084,946.1196230926347,-147.0043862714713
7085,943.8596778990196,-160.87740431881645
7086,941.3963229243897,-174.7157519184785
7087,938.730089042674,-188.51644678895894
7088,935.8615508499306,-202.2765147632416
7089,932.7913265405151,-215.99299042975258
7090,929.5200777738555,-229.66291777142985
7091,926.0485095318585,-243.28335080277176
7092,922.3773699669796,-256.8513542047206
7093,918.5074502409905,-270.3640039572491
7094,914.4395843544769,-283.8183879695126
7095,910.1746489671037,-297.2116067074277
7096,905.7135632086882,-310.54077381854796
7097,901.0572884811193,-323.80301675409686
7098,896.2068282511675,-336.99547738802573
7099,891.163227834229,-350.1153126329655
7100,885.9275741690511,-363.15969505293583
7101,880.5009955834893,-376.12581347267997
7102,874.8846615513404,-389.01087358349974
7103,869.0797824403132,-401.8120985454506
7104,863.0876092511832,-414.5267295857749
7105,856.9094333481905,-427.1520265934413
7106,850.5465861807418,-439.68526870966144
7107,844.0004389964691,-452.12375491425837
7108,837.272402545717,-464.4648046077592
7109,830.3639267775113,-476.7057581890876
7110,823.2765005270854,-488.8439776287287
7111,816.011651195021,-500.8768470372497
7112,808.5709444180824,-512.8017732290434
7113,800.9559837318072,-524.6161862811841
7114,793.1684102249312,-536.3175400872661
7115,785.2099021857199,-547.9033129061123
7116,777.0821747402827,-559.3710079052307
7117,768.7869794829498,-570.718153698902
7118,760.3261040987873,-581.9423048807856
7119,751.7013719783363,-593.0410425509249
7120,742.9146418246575,-604.0119748370407
7121,733.9678072527636,-614.8527374100005
7122,724.8627963815312,-625.5609939933499
7123,715.601571418172,-636.1344368668023
7124,706.1861282353633,-646.570787363571
7125,696.6184959411174,-656.8677963614415
7126,686.9007364414958,-667.0232447674756
7127,677.0349439962465,-677.0349439962464
7128,667.0232447674755,-686.9007364414961
7129,656.8677963614417,-696.6184959411173
7130,646.5707873635712,-706.1861282353631
7131,636.1344368668024,-715.6015714181719
7132,625.5609939933497,-724.8627963815313
7133,614.8527374100007,-733.9678072527636
7134,604.0119748370408,-742.9146418246573
7135,593.0410425509247,-751.7013719783364
7136,581.9423048807857,-760.3261040987871
7137,570.7181536989018,-768.7869794829501
7138,559.3710079052306,-777.0821747402828
7139,547.9033129061124,-785.2099021857198
7140,536.3175400872663,-793.1684102249311
7141,524.6161862811839,-800.9559837318074
7142,512.8017732290435,-808.5709444180823
7143,500.87684703724955,-816.0116511950212
7144,488.8439776287288,-823.2765005270853
7145,476.70575818908736,-830.3639267775114
7146,464.4648046077594,-837.2724025457169
7147,452.12375491425854,-844.000438996469
7148,439.6852687096613,-850.5465861807419
7149,427.15202659344135,-856.9094333481905
7150,414.52672958577466,-863.0876092511833
7151,401.81209854545034,-869.0797824403134
7152,389.01087358349974,-874.8846615513404
7153,376.1258134726801,-880.5009955834892
7154,363.1596950529356,-885.9275741690512
7155,350.1153126329653,-891.163227834229
7156,336.9954773880259,-896.2068282511675
7157,323.80301675409663,-901.0572884811194
7158,310.5407738185479,-905.7135632086882
7159,297.2116067074276,-910.1746489671037
7160,283.81838796951257,-914.4395843544769
7161,270.3640039572488,-918.5074502409906
7162,256.85135420472074,-922.3773699669795
7163,243.28335080277176,-926.0485095318585
7164,229.66291777142962,-929.5200777738556
7165,215.99299042975275,-932.7913265405151
7166,202.27651476324155,-935.8615508499306
7167,188.51644678895892,-938.730089042674
7168,174.71575191847825,-941.3963229243898
7169,160.87740431881662,-943.8596778990196
7170,147.00438627147108,-946.1196230926348
7171,133.09968752971776,-948.1756714678418
7172,119.16630467428999,-950.0273799287447
7173,105.20724046759177,-951.6743494164353
7174,91.22550320657606,-953.116224994994
7175,77.22410607443294,-954.3526959279811
7176,63.20606649122059,-955.383495745404
7177,49.17440546358674,-956.2084023011427
7178,35.13214693371785,-956.8272378208245
7179,21.082317127649215,-957.2398689401367
7180,7.027943903093457,-957.4462067335669
7181,-7.027943903093648,-957.4462067335669
7182,-21.082317127648984,-957.2398689401367
7183,-35.132146933717614,-956.8272378208245
7184,-49.17440546358735,-956.2084023011427
7185,-63.20606649122036,-955.383495745404
7186,-77.22410607443315,-954.3526959279811
7187,-91.22550320657625,-953.116224994994
7188,-105.20724046759153,-951.6743494164353
7189,-119.16630467428978,-950.0273799287447
7190,-133.09968752971793,-948.1756714678418
7191,-147.00438627147082,-946.1196230926348
7192,-160.8774043188164,-943.8596778990196
7193,-174.71575191847845,-941.3963229243897
7194,-188.5164467889591,-938.730089042674
7195,-202.27651476324175,-935.8615508499305
7196,-215.99299042975252,-932.7913265405151
7197,-229.66291777143022,-929.5200777738554
7198,-243.2833508027715,-926.0485095318585
7199,-256.85135420472056,-922.3773699669796
7200,-270.364003957249,-918.5074502409905
7201,-283.81838796951234,-914.4395843544769
7202,-297.21160670742745,-910.1746489671037
7203,-310.54077381854813,-905.7135632086881
7204,-323.80301675409675,-901.0572884811194
7205,-336.9954773880257,-896.2068282511675
7206,-350.11531263296587,-891.1632278342288
7207,-363.1596950529354,-885.9275741690514
7208,-376.1258134726799,-880.5009955834893
7209,-389.0108735834995,-874.8846615513405
7210,-401.81209854545057,-869.0797824403132
7211,-414.5267295857745,-863.0876092511834
7212,-427.1520265934413,-856.9094333481905
7213,-439.6852687096614,-850.5465861807418
7214,-452.1237549142583,-844.0004389964691
7215,-464.46480460775956,-837.2724025457168
7216,-476.70575818908753,-830.3639267775113
7217,-488.84397762872857,-823.2765005270854
7218,-500.8768470372493,-816.0116511950213
7219,-512.8017732290434,-808.5709444180825
7220,-524.6161862811837,-800.9559837318075
7221,-536.317540087266,-793.1684102249313
7222,-547.9033129061123,-785.2099021857199
7223,-559.3710079052307,-777.0821747402827
7224,-570.718153698902,-768.78697948295
7225,-581.9423048807855,-760.3261040987873
7226,-593.0410425509252,-751.7013719783362
7227,-604.0119748370407,-742.9146418246575
7228,-614.8527374100005,-733.9678072527637
7229,-625.5609939933498,-724.8627963815312
7230,-636.1344368668023,-715.6015714181722
7231,-646.570787363571,-706.1861282353633
7232,-656.8677963614415,-696.6184959411175
7233,-667.023244767476,-686.9007364414956
7234,-677.0349439962464,-677.0349439962466
7235,-686.900736441496,-667.0232447674755
7236,-696.6184959411177,-656.8677963614414
7237,-706.1861282353631,-646.5707873635712
7238,-715.6015714181719,-636.1344368668025
7239,-724.8627963815312,-625.5609939933497
7240,-733.9678072527637,-614.8527374100004
7241,-742.9146418246573,-604.011974837041
7242,-751.7013719783362,-593.0410425509251
7243,-760.3261040987871,-581.9423048807857
7244,-768.7869794829502,-570.7181536989015
7245,-777.0821747402825,-559.371007905231
7246,-785.2099021857199,-547.9033129061122
7247,-793.1684102249313,-536.3175400872659
7248,-800.9559837318072,-524.6161862811839
7249,-808.5709444180825,-512.8017732290433
7250,-816.011651195021,-500.8768470372496
7251,-823.2765005270853,-488.8439776287289
7252,-830.3639267775112,-476.7057581890878
7253,-837.2724025457171,-464.46480460775905
7254,-844.0004389964693,-452.1237549142582
7255,-850.5465861807418,-439.68526870966133
7256,-856.9094333481906,-427.1520265934411
7257,-863.0876092511832,-414.5267295857747
7258,-869.0797824403134,-401.81209854545045
7259,-874.8846615513404,-389.0108735834998
7260,-880.5009955834892,-376.1258134726802
7261,-885.9275741690511,-363.15969505293606
7262,-891.1632278342287,-350.11531263296615
7263,-896.2068282511676,-336.99547738802556
7264,-901.0572884811194,-323.8030167540967
7265,-905.7135632086882,-310.54077381854796
7266,-910.1746489671036,-297.2116067074277
7267,-914.4395843544768,-283.8183879695126
7268,-918.5074502409905,-270.36400395724934
7269,-922.3773699669795,-256.8513542047208
7270,-926.0485095318586,-243.2833508027714
7271,-929.5200777738554,-229.6629177714305
7272,-932.7913265405151,-215.99299042975323
7273,-935.8615508499306,-202.27651476324164
7274,-938.730089042674,-188.51644678895897
7275,-941.3963229243897,-174.71575191847873
7276,-943.8596778990197,-160.87740431881582
7277,-946.1196230926347,-147.00438627147153
7278,-948.1756714678417,-133.0996875297182
7279,-950.0273799287447,-119.16630467428963
7280,-951.6743494164353,-105.20724046759142
7281,-953.1162249949939,-91.22550320657696
7282,-954.3526959279811,-77.22410607443302
7283,-955.383495745404,-63.20606649122065
7284,-956.2084023011427,-49.17440546358721
7285,-956.8272378208245,-35.13214693371705
7286,-957.2398689401367,-21.082317127649702
7287,-957.4462067335669,-7.0279439030939415
7288,-957.4462067335669,7.02794390309359
7289,-957.2398689401367,21.082317127649354
7290,-956.8272378208245,35.132146933716704
7291,-956.2084023011427,49.17440546358687
7292,-955.383495745404,63.2060664912203
7293,-954.3526959279811,77.22410607443351
7294,-953.116224994994,91.22550320657662
7295,-951.6743494164353,105.20724046759106
7296,-950.0273799287447,119.16630467429013
7297,-948.1756714678418,133.09968752971787
7298,-946.1196230926347,147.0043862714712
7299,-943.8596778990196,160.87740431881633
7300,-941.3963229243897,174.7157519184784
7301,-938.7300890426741,188.5164467889586
7302,-935.8615508499305,202.27651476324212
7303,-932.7913265405151,215.9929904297529
7304,-929.5200777738556,229.66291777142933
7305,-926.0485095318585,243.28335080277185
7306,-922.3773699669796,256.8513542047205
7307,-918.5074502409906,270.36400395724894
7308,-914.4395843544769,283.8183879695123
7309,-910.1746489671038,297.2116067074274
7310,-905.7135632086884,310.5407738185476
7311,-901.0572884811191,323.80301675409714
7312,-896.2068282511674,336.995477388026
7313,-891.1632278342291,350.115312632965
7314,-885.9275741690512,363.1596950529357
7315,-880.5009955834894,376.12581347267985
7316,-874.8846615513402,389.0108735835002
7317,-869.0797824403135,401.8120985454501
7318,-863.0876092511834,414.52672958577443
7319,-856.9094333481905,427.1520265934416
7320,-850.5465861807415,439.6852687096617
7321,-844.0004389964694,452.1237549142579
7322,-837.2724025457168,464.4648046077595
7323,-830.3639267775113,476.7057581890875
7324,-823.2765005270854,488.84397762872857
7325,-816.0116511950208,500.87684703724995
7326,-808.5709444180827,512.8017732290431
7327,-800.9559837318075,524.6161862811837
7328,-793.168410224931,536.3175400872664
7329,-785.2099021857197,547.9033129061125
7330,-777.0821747402832,559.37100790523
7331,-768.78697948295,570.7181536989019
7332,-760.3261040987873,581.9423048807855
7333,-751.7013719783364,593.0410425509248
7334,-742.914641824657,604.0119748370413
7335,-733.9678072527639,614.85273741
7336,-724.8627963815316,625.5609939933495
7337,-715.6015714181718,636.1344368668025
7338,-706.186128235363,646.5707873635712
7339,-696.6184959411182,656.8677963614409
7340,-686.900736441496,667.0232447674756
7341,-677.0349439962466,677.0349439962463
7342,-667.0232447674751,686.9007364414963
7343,-656.8677963614412,696.6184959411179
7344,-646.5707873635715,706.1861282353627
7345,-636.1344368668022,715.6015714181722
7346,-625.5609939933498,724.8627963815312
7347,-614.8527374100004,733.9678072527637
7348,-604.011974837041,742.9146418246572
7349,-593.0410425509251,751.7013719783362
7350,-581.9423048807859,760.326104098787
7351,-570.7181536989016,768.7869794829501
7352,-559.3710079052304,777.0821747402831
7353,-547.903312906113,785.2099021857196
7354,-536.317540087266,793.1684102249313
7355,-524.616186281184,800.9559837318072
7356,-512.8017732290433,808.5709444180825
7357,-500.8768470372496,816.011651195021
7358,-488.8439776287289,823.2765005270852
7359,-476.7057581890878,830.3639267775112
7360,-464.4648046077591,837.272402545717
7361,-452.12375491425826,844.0004389964693
7362,-439.6852687096621,850.5465861807414
7363,-427.1520265934412,856.9094333481906
7364,-414.5267295857748,863.0876092511832
7365,-401.8120985454505,869.0797824403132
7366,-389.01087358349986,874.8846615513403
7367,-376.12581347268025,880.5009955834892
7368,-363.1596950529361,885.927574169051
7369,-350.1153126329654,891.163227834229
7370,-336.9954773880264,896.2068282511673
7371,-323.8030167540975,901.0572884811191
7372,-310.540773818548,905.7135632086882
7373,-297.21160670742773,910.1746489671036
7374,-283.81838796951183,914.4395843544771
7375,-270.3640039572494,918.5074502409904
7376,-256.85135420472085,922.3773699669795
7377,-243.28335080277145,926.0485095318586
7378,-229.66291777142973,929.5200777738555
7379,-215.9929904297533,932.7913265405151
7380,-202.2765147632417,935.8615508499305
7381,-188.516446788959,938.730089042674
7382,-174.7157519184788,941.3963229243897
7383,-160.87740431881588,943.8596778990197
7384,-147.0043862714716,946.1196230926347
7385,-133.09968752971827,948.1756714678417
7386,-119.16630467428969,950.0273799287447
7387,-105.20724046759148,951.6743494164353
7388,-91.22550320657702,953.1162249949939
7389,-77.22410607443307,954.3526959279811
7390,-63.20606649122071,955.383495745404
7391,-49.17440546358728,956.2084023011427
7392,-35.13214693371712,956.8272378208245
7393,-21.082317127649763,957.2398689401367
7394,-7.027943903094,957.4462067335669
7395,0.0,993.9760000000006
7396,14.033995254994839,993.8769217328592
7397,28.065192728290853,993.5797066834272
7398,42.09079519594788,993.0844141037427
7399,56.1080065494319,992.3911427340785
7400,70.11403235304012,991.5000307832562
7401,84.1060804009926,990.4112559010944
7402,98.08136127407931,989.1250351429918
7403,112.03708889575171,987.6416249266566
7404,125.97048108754784,985.961320980987
7405,139.87876012374034,984.0844582871158
7406,153.75915328509697,982.0114110116293
7407,167.60889341164258,979.7425924319743
7408,181.4252194543136,977.2784548540683
7409,195.2053770253932,974.619489522129
7410,208.94661894761936,971.7662265207407
7411,222.64620580185522,968.7192346691786
7412,236.30140647321252,965.47912140801
7413,249.9094986955199,962.0465326779963
7414,263.4677695940268,958.4221527913209
7415,276.9735162262355,954.6067042951648
7416,290.42404612075296,950.6009478276633
7417,303.8166778140546,946.4056819662655
7418,317.14874138505456,942.0217430685328
7419,330.41757898737416,937.4500051054048
7420,343.6205453792035,932.6913794869662
7421,356.7550084506502,927.7468148807504
7422,369.81834974847004,922.6172970226168
7423,382.8079649980751,917.3038485202347
7424,395.72126462271547,911.8075286492209
7425,408.5556742597307,906.1294331419645
7426,421.30863527376835,900.2706939691839
7427,433.9776052668666,894.2324791142607
7428,446.5600585853007,888.0159923403936
7429,459.05348682309057,881.6224729506184
7430,471.45539932207055,875.0531955407444
7431,483.7633236684205,868.309469745254
7432,495.97480618556017,861.3926399762173
7433,508.0874124233073,854.3040851552737
7434,520.0987276432046,847.045218438733
7435,532.0063572999146,839.6174869358528
7436,543.8079275185909,832.022371420346
7437,555.5010855681276,824.261386035178
7438,567.0835003301942,816.3360779907107
7439,578.5528627639609,808.2480272562542
7440,589.9068863664228,799.9988462450889
7441,601.143307628233,791.5901794930181
7442,612.2598864849479,783.0237033305185
7443,623.2544067636022,774.3011255485499
7444,634.1246766245198,765.4241850580954
7445,644.8685289982712,756.3946515434963
7446,655.483822017698,747.2143251096514
7447,665.9684394449077,737.8850359231548
7448,676.3202910931631,728.4086438474355
7449,686.5373132435752,718.7870380719829
7450,696.6174690565223,709.0221367357201
7451,706.5587489777084,699.1158865446105
7452,716.359171138783,689.0702623835663
7453,726.0167817524415,678.887266922741
7454,735.529655501927,668.5689302182818
7455,744.8958959248567,658.1173093076235
7456,754.1136357912965,647.5344877994014
7457,763.1810374760055,636.8225754580699
7458,772.0962933247824,625.9837077833038
7459,780.8576260148333,615.0200455842719
7460,789.463288909095,603.9337745488623
7461,797.91156640444,592.7271048079497
7462,806.2007742736946,581.4022704947897
7463,814.3292600014023,569.961529299627
7464,822.2954031132653,558.4071620196089
7465,830.0976154991977,546.7414721040899
7466,837.7343417299275,534.9667851954234
7467,845.2040593670828,523.0854486653267
7468,852.505279266701,511.0998311469152
7469,859.636545876102,499.01232206249733
7470,866.5964375240615,486.82533114722634
7471,873.3835667042334,474.5412879687003
7472,879.9965803517592,462.1626414426104
7473,886.4341601130109,449.69185934453174
7474,892.6950226084153,437.1314278179528
7475,898.777919688305,424.4838508786452
7476,904.6816386817467,411.75164991546876
7477,910.4050026382957,398.93736318771386
7478,915.9468705626301,386.04354531908126
7479,921.3061376420169,373.0727667883977
7480,926.4817354665638,360.0276134171728
7481,931.4726322422158,346.9106858540954
7482,936.2778329964507,333.72459905657496
7483,940.8963797766334,320.47198176943107
7484,945.327351840992,307.15547600083295
7485,949.5698658421747,293.77773649559504
7486,953.6230760033507,280.3414302059344
7487,957.4861742868225,266.8492357597931
7488,961.1583905551145,253.30384292683598
7489,964.6389927245054,239.70795208222174
7490,967.9272869109749,226.06427366826514
7491,971.0226175685344,212.37552765408958
7492,973.9243676199147,198.64444299338047
7493,976.6319585795854,184.8737570803497
7494,979.1448506690803,171.06621520401308
7495,981.4625429246058,157.22457000089824
7496,983.5845732969128,143.35158090628516
7497,985.510518743408,129.4500136040937
7498,987.2399953124923,115.52263947552146
7499,988.7726582201034,101.57223504654995
7500,990.1082019184515,87.60158143442274
7501,991.2463601569325,73.61346379320956
7502,992.1869060352062,59.610670758564765
7503,992.9296520484323,45.59599389179144
7504,993.4744501246494,31.572227123323305
7505,993.8211916542947,17.542166195734506
7506,993.9698075118564,3.5086081063858874
7507,993.9202680696542,-10.52564945017552
7508,993.6725832037454,-24.557808639959337
7509,993.2268022919568,-38.585072047300265
7510,992.5830142040402,-52.60464323254311
7511,991.7413472839562,-66.61372728953546
7512,990.7019693242869,-80.60953140281129
7513,989.4650875327862,-94.58926540436136
7514,988.0309484910711,-108.55014232987227
7515,986.3998381054631,-122.48937897433011
7516,984.5720815499919,-136.4041964468726
7517,982.5480432015685,-150.29182072478102
7518,980.3281265673444,-164.14948320650316
7519,977.912774204269,-177.97442126359482
7520,975.3024676308635,-191.7638787914699
7521,972.4977272312256,-205.51510675885106
7522,969.4991121512876,-219.22536375580788
7523,966.3072201873463,-232.89191654027994
7524,962.9226876668877,-246.51204058296742
7525,959.3461893217308,-260.08302061048664
7526,955.5784381535144,-273.6021511466805
7527,951.6201852915553,-287.066737051974
7528,947.4722198431041,-300.47409406067226
7529,943.1353687360322,-313.8215493160879
7530,938.6104965539762,-327.10644190339553
7531,933.8985053639778,-340.32612338010347
7532,929.0003345366496,-353.47795830404255
7533,923.9169605589037,-366.55932475876017
7534,918.6493968392834,-379.5676148762192
7535,913.1986935059314,-392.5002353566951
7536,907.5659371972394,-405.35460798577054
7537,901.7522508452181,-418.1281701483217
7538,895.7587934516334,-430.8183753393942
7539,889.5867598569494,-443.422693671868
7540,883.2373805021296,-455.9386123808088
7541,876.7119211833374,-468.3636363244086
7542,870.0116827995919,-480.6952884814074
7543,863.1380010934226,-492.9311104449098
7544,856.0922463845814,-505.06866291248207
7545,848.8758232968555,-517.1055261724505
7546,841.490170478049,-529.0393005862848
7547,833.9367603131745,-540.8676070669865
7548,826.2170986309247,-552.5880875533763
7549,818.3327244034728,-564.1984054801918
7550,810.2852094396674,-575.6962462438985
7551,802.0761580716797,-587.0793176641253
7552,793.7072068351698,-598.3453504406248
7553,785.1800241430294,-609.4920986056774
7554,776.4963099527725,-620.5173399718407
7555,767.6577954276345,-631.4188765749606
7556,758.6662425914539,-642.1945351123493
7557,749.5234439773977,-652.8421673760525
7558,740.2312222706084,-663.3596506811084
7559,730.791429944838,-673.7448882887202
7560,721.2059488931409,-683.99580982426
7561,711.4766900527079,-694.1103716900102
7562,701.6055930239041,-704.0865574725717
7563,691.5946256835967,-713.9223783448497
7564,681.4457837928438,-723.6158734625421
7565,671.1610905990229,-733.165110355049
7566,660.7425964324838,-742.5681853107234
7567,650.1923782977988,-751.8232237563915
7568,639.5125394596954,-760.9283806310635
7569,628.7052090237574,-769.881840753758
7570,617.7725415119685,-778.6818191853746
7571,606.7167164331951,-787.3265615845328
7572,595.5399378486835,-795.8143445573139
7573,584.2444339326637,-804.1434760008331
7574,572.8324565281473,-812.3122954405709
7575,561.3062806980045,-820.3191743614032
7576,549.6682042714142,-828.1625165322565
7577,537.9205473857753,-835.8407583243289
7578,526.0656520241668,-843.3523690228121
7579,514.105881548461,-850.6958511320488
7580,502.0436202281658,-857.8697406740713
7581,489.8812727651031,-864.8726074804565
7582,477.62126381401566,-871.7030554774392
7583,465.2660374991916,-878.3597229642318
7584,452.8180569272122,-884.8412828844872
7585,440.279803695912,-891.1464430908594
7586,427.65377739965305,-897.2739466026021
7587,414.9424951310144,-903.2225718561562
7588,402.14849097898764,-908.9911329486797
7589,389.2743155237916,-914.5784798744637
7590,376.32253532839144,-919.9834987541965
7591,363.2957324268358,-925.2051120570238
7592,350.196503809511,-930.2422788153613
7593,337.02746090541024,-935.0939948324196
7594,323.79122906152463,-939.7592928824
7595,310.49044701946366,-944.2372429033155
7596,297.12776638939886,-948.5269521824079
7597,283.7058511214481,-952.6275655341157
7598,270.2273769745978,-956.5382654705612
7599,256.69503098326624,-960.2582723645245
7600,243.11151092162788,-963.786844604866
7601,229.47952476579007,-967.1232787443741
7602,215.80179015393634,-970.2669096400008
7603,202.08103384454816,-973.2171105854642
7604,188.3199911728018,-975.9732934361867
7605,174.5214055052618,-978.5349087265457
7606,160.68802769296917,-980.901445779414
7607,146.82261552303692,-983.0724328079674
7608,132.9279331688693,-985.047437009738
7609,119.00675063909728,-986.8260646528977
7610,105.06184322536139,-988.4079611547504
7611,91.09599094903477,-989.7928111524222
7612,77.111978007004,-990.9803385657298
7613,63.112592216621216,-991.9703066522202
7614,49.10062445993058,-992.7625180543663
7615,35.07886812728385,-993.3568148389126
7616,21.050118560460206,-993.7530785283594
7617,7.017172495390065,-993.9512301245825
7618,-7.0171724953902626,-993.9512301245825
7619,-21.050118560459516,-993.7530785283594
7620,-35.0788681272836,-993.3568148389126
7621,-49.1006244599299,-992.7625180543663
7622,-63.11259221662098,-991.9703066522202
7623,-77.11197800700377,-990.9803385657298
7624,-91.09599094903407,-989.7928111524222
7625,-105.06184322536113,-988.4079611547505
7626,-119.00675063909748,-986.8260646528976
7627,-132.92793316886906,-985.047437009738
7628,-146.8226155230371,-983.0724328079674
7629,-160.68802769296852,-980.9014457794141
7630,-174.52140550526155,-978.5349087265457
7631,-188.31999117280154,-975.9732934361867
7632,-202.08103384454745,-973.2171105854643
7633,-215.80179015393608,-970.2669096400009
7634,-229.47952476578985,-967.1232787443741
7635,-243.11151092162768,-963.7868446048661
7636,-256.69503098326646,-960.2582723645244
7637,-270.2273769745975,-956.5382654705613
7638,-283.7058511214483,-952.6275655341155
7639,-297.12776638939863,-948.526952182408
7640,-310.49044701946303,-944.2372429033156
7641,-323.79122906152446,-939.7592928824001
7642,-337.0274609054096,-935.0939948324199
7643,-350.19650380951083,-930.2422788153613
7644,-363.2957324268356,-925.2051120570239
7645,-376.3225353283908,-919.9834987541968
7646,-389.27431552379176,-914.5784798744636
7647,-402.14849097898787,-908.9911329486796
7648,-414.9424951310138,-903.2225718561565
7649,-427.6537773996528,-897.2739466026021
7650,-440.2798036959114,-891.1464430908597
7651,-452.81805692721196,-884.8412828844873
7652,-465.26603749919144,-878.3597229642319
7653,-477.6212638140151,-871.7030554774395
7654,-489.8812727651029,-864.8726074804566
7655,-502.04362022816525,-857.8697406740716
7656,-514.1058815484612,-850.6958511320487
7657,-526.0656520241669,-843.352369022812
7658,-537.9205473857746,-835.8407583243293
7659,-549.668204271414,-828.1625165322566
7660,-561.3062806980042,-820.3191743614033
7661,-572.8324565281467,-812.3122954405713
7662,-584.2444339326635,-804.1434760008332
7663,-595.539937848683,-795.8143445573144
7664,-606.716716433195,-787.3265615845329
7665,-617.7725415119687,-778.6818191853744
7666,-628.7052090237572,-769.8818407537581
7667,-639.5125394596955,-760.9283806310634
7668,-650.1923782977984,-751.8232237563919
7669,-660.7425964324837,-742.5681853107236
7670,-671.1610905990227,-733.1651103550491
7671,-681.4457837928434,-723.6158734625426
7672,-691.5946256835966,-713.9223783448499
7673,-701.605593023904,-704.0865574725718
7674,-711.4766900527075,-694.1103716900107
7675,-721.205948893141,-683.9958098242599
7676,-730.7914299448379,-673.7448882887204
7677,-740.2312222706087,-663.3596506811083
7678,-749.5234439773975,-652.8421673760528
7679,-758.6662425914533,-642.1945351123499
7680,-767.6577954276346,-631.4188765749603
7681,-776.4963099527724,-620.5173399718408
7682,-785.1800241430294,-609.4920986056776
7683,-793.7072068351699,-598.3453504406245
7684,-802.0761580716796,-587.0793176641255
7685,-810.285209439667,-575.696246243899
7686,-818.3327244034729,-564.1984054801917
7687,-826.2170986309245,-552.5880875533766
7688,-833.9367603131742,-540.8676070669871
7689,-841.4901704780483,-529.0393005862855
7690,-848.8758232968554,-517.1055261724507
7691,-856.0922463845815,-505.06866291248184
7692,-863.1380010934226,-492.9311104449096
7693,-870.0116827995915,-480.695288481408
7694,-876.7119211833374,-468.36363632440845
7695,-883.2373805021294,-455.93861238080905
7696,-889.5867598569492,-443.4226936718682
7697,-895.7587934516331,-430.81837533939483
7698,-901.752250845218,-418.1281701483219
7699,-907.5659371972391,-405.354607985771
7700,-913.1986935059315,-392.50023535669493
7701,-918.6493968392833,-379.5676148762194
7702,-923.9169605589035,-366.55932475876085
7703,-929.0003345366496,-353.4779583040426
7704,-933.8985053639777,-340.3261233801037
7705,-938.6104965539761,-327.106441903396
7706,-943.1353687360321,-313.8215493160881
7707,-947.472219843104,-300.47409406067266
7708,-951.6201852915551,-287.06673705197466
7709,-955.5784381535144,-273.6021511466805
7710,-959.3461893217307,-260.08302061048727
7711,-962.9226876668877,-246.51204058296744
7712,-966.3072201873463,-232.89191654028016
7713,-969.4991121512875,-219.2253637558083
7714,-972.4977272312257,-205.51510675885086
7715,-975.3024676308634,-191.76387879147035
7716,-977.9127742042691,-177.97442126359462
7717,-980.3281265673442,-164.14948320650404
7718,-982.5480432015685,-150.29182072478127
7719,-984.5720815499919,-136.40419644687327
7720,-986.3998381054631,-122.48937897433036
7721,-988.0309484910712,-108.55014232987185
7722,-989.4650875327862,-94.58926540436202
7723,-990.7019693242869,-80.60953140281151
7724,-991.7413472839562,-66.61372728953592
7725,-992.5830142040402,-52.60464323254313
7726,-993.2268022919568,-38.585072047300514
7727,-993.6725832037454,-24.557808639960022
7728,-993.9202680696541,-10.525649450176427
7729,-993.9698075118564,3.508608106385644
7730,-993.8211916542947,17.542166195734705
7731,-993.4744501246494,31.572227123323287
7732,-992.9296520484323,45.595993891790975
7733,-992.1869060352062,59.61067075856408
7734,-991.2463601569325,73.61346379320953
7735,-990.1082019184516,87.60158143442227
7736,-988.7726582201035,101.57223504654993
7737,-987.2399953124923,115.52263947552123
7738,-985.510518743408,129.45001360409321
7739,-983.5845732969129,143.35158090628445
7740,-981.4625429246059,157.2245700008978
7741,-979.1448506690801,171.06621520401328
7742,-976.6319585795854,184.87375708034966
7743,-973.9243676199147,198.6444429933802
7744,-971.0226175685347,212.3755276540887
7745,-967.927286910975,226.0642736682649
7746,-964.6389927245056,239.70795208222128
7747,-961.1583905551145,253.30384292683615
7748,-957.4861742868228,266.8492357597923
7749,-953.6230760033509,280.3414302059337
7750,-949.5698658421747,293.77773649559504
7751,-945.3273518409922,307.1554760008327
7752,-940.8963797766331,320.47198176943147
7753,-936.2778329964508,333.7245990565741
7754,-931.472632242216,346.91068585409494
7755,-926.481735466564,360.0276134171722
7756,-921.3061376420169,373.0727667883977
7757,-915.9468705626304,386.0435453190809
7758,-910.4050026382956,398.937363187714
7759,-904.6816386817471,411.75164991546774
7760,-898.7779196883051,424.4838508786448
7761,-892.6950226084152,437.13142781795295
7762,-886.4341601130111,449.6918593445315
7763,-879.9965803517591,462.1626414426108
7764,-873.3835667042339,474.54128796869946
7765,-866.5964375240616,486.8253311472261
7766,-859.6365458761022,499.012322062497
7767,-852.505279266701,511.0998311469152
7768,-845.2040593670823,523.0854486653272
7769,-837.7343417299278,534.966785195423
7770,-830.0976154991977,546.7414721040899
7771,-822.2954031132655,558.4071620196084
7772,-814.3292600014022,569.9615292996273
7773,-806.2007742736947,581.4022704947895
7774,-797.9115664044402,592.7271048079491
7775,-789.4632889090955,603.9337745488615
7776,-780.8576260148335,615.0200455842717
7777,-772.0962933247827,625.9837077833034
7778,-763.1810374760055,636.8225754580699
7779,-754.1136357912972,647.5344877994005
7780,-744.8958959248572,658.117309307623
7781,-735.529655501927,668.5689302182818
7782,-726.0167817524417,678.8872669227407
7783,-716.3591711387828,689.0702623835664
7784,-706.5587489777085,699.1158865446104
7785,-696.6174690565226,709.0221367357199
7786,-686.5373132435758,718.7870380719825
7787,-676.3202910931632,728.4086438474354
7788,-665.9684394449075,737.885035923155
7789,-655.4838220176979,747.2143251096514
7790,-644.8685289982715,756.394651543496
7791,-634.1246766245201,765.4241850580951
7792,-623.2544067636023,774.3011255485499
7793,-612.2598864849482,783.0237033305183
7794,-601.1433076282327,791.5901794930184
7795,-589.9068863664237,799.9988462450883
7796,-578.5528627639611,808.248027256254
7797,-567.0835003301947,816.3360779907104
7798,-555.5010855681277,824.261386035178
7799,-543.8079275185905,832.0223714203462
7800,-532.0063572999152,839.6174869358523
7801,-520.0987276432047,847.0452184387328
7802,-508.08741242330785,854.3040851552735
7803,-495.9748061855601,861.3926399762174
7804,-483.76332366842075,868.3094697452539
7805,-471.45539932207026,875.0531955407445
7806,-459.0534868230913,881.622472950618
7807,-446.56005858530096,888.0159923403934
7808,-433.97760526686636,894.2324791142609
7809,-421.30863527376846,900.2706939691838
7810,-408.5556742597304,906.1294331419647
7811,-395.72126462271615,911.8075286492207
7812,-382.80796499807525,917.3038485202346
7813,-369.81834974847055,922.6172970226165
7814,-356.7550084506502,927.7468148807504
7815,-343.6205453792038,932.6913794869661
7816,-330.41757898737467,937.4500051054046
7817,-317.1487413850554,942.0217430685326
7818,-303.8166778140549,946.4056819662654
7819,-290.42404612075273,950.6009478276634
7820,-276.9735162262356,954.6067042951648
7821,-263.4677695940272,958.4221527913207
7822,-249.90949869552054,962.0465326779962
7823,-236.30140647321264,965.4791214080099
7824,-222.64620580185573,968.7192346691785
7825,-208.94661894761927,971.7662265207407
7826,-195.20537702539343,974.6194895221289
7827,-181.42521945431415,977.2784548540683
7828,-167.60889341164258,979.7425924319743
7829,-153.7591532850972,982.0114110116293
7830,-139.87876012374005,984.0844582871159
7831,-125.97048108754784,985.961320980987
7832,-112.03708889575205,987.6416249266566
7833,-98.08136127407998,989.1250351429917
7834,-84.1060804009927,990.4112559010944
7835,-70.11403235304054,991.5000307832562
7836,-56.108006549431764,992.3911427340785
7837,-42.09079519594894,993.0844141037426
7838,-28.065192728291347,993.5797066834272
7839,-14.033995254994764,993.8769217328593
7840,7.027177269626319,1031.1580557332722
7841,21.080226443553595,1030.9665082712868
7842,35.12935976398888,1030.5834489290876
7843,49.171967470172746,1030.0089488636074
7844,63.20544101354096,1029.243114793723
7845,77.2271735422873,1028.2860889804308
7846,91.23456038561127,1027.1380492004203
7847,105.22499953756041,1025.7992087130508
7848,119.19589214037796,1024.269816220736
7849,133.1446429672654,1022.5501558227452
7850,147.06866090447065,1020.6405469624293
7851,160.96535943261233,1018.5413443678813
7852,174.83215710715015,1016.2529379860418
7853,188.66647803791327,1013.7757529102629
7854,202.46575236759617,1011.1102493013431
7855,216.22741674913453,1008.2569223020474
7856,229.94891482187123,1005.216301945131
7857,243.62769768642468,1001.9889530548792
7858,257.2612243781716,998.5754751421873
7859,270.846962339255,994.9765022931945
7860,284.3823878890315,991.1927030514971
7861,297.86498669286874,987.2247802939602
7862,311.2922542292071,983.0734711001511
7863,324.66169625479887,978.7395466154198
7864,337.9708292680372,974.2238119076521
7865,351.217180970291,969.5271058177193
7866,364.398290725157,964.6503008036565
7867,377.51171001554746,959.5943027785952
7868,390.5550028985253,954.3600509424805
7869,403.52574645780356,948.9485176076063
7870,416.42153125382526,943.3607080179991
7871,429.2399617713402,937.5976601626838
7872,441.97865686439434,931.6604445828677
7873,454.63525019865085,925.5501641730777
7874,467.20739069095896,919.2679539762858
7875,479.6927429460904,912.814980973065
7876,492.08898769056117,906.1924438648116
7877,504.3938222034588,899.4015728510745
7878,516.6049607441947,892.4436294010338
7879,528.7201349771029,885.3199060191718
7880,540.737094392804,878.0317260051761
7881,552.6536067262597,870.5804432081263
7882,564.4674583714368,862.9674417750018
7883,576.1764547925062,855.1941358935642
7884,587.7784209314985,847.2619695296579
7885,599.271201612342,839.1724161589801
7886,610.6526619412069,830.9269784933686
7887,621.9206877030828,822.527188201658
7888,633.0731857545135,813.9746056251585
7889,644.1080844124198,805.270819487807
7890,655.0233338389327,796.4174466010467
7891,665.8169064221718,787.4161315634892
7892,676.4867971528927,778.2685464554136
7893,687.031023996937,768.9763905281625
7894,697.4476282634141,759.5413898884901
7895,707.7346749685469,749.9652971779203
7896,717.8902531951127,740.2498912471773
7897,727.9124764474153,730.3969768257479
7898,737.7994830017193,720.4083841866338
7899,747.5494362520827,710.2859688063633
7900,757.1605250515248,700.0316110203169
7901,766.630964048463,689.6472156734378
7902,775.9589940183598,679.1347117663888
7903,785.1428821905151,668.496052097222
7904,794.1809225699454,657.7332128986276
7905,803.0714362542878,646.8481934708301
7906,811.812771745673,635.8430158101988
7907,820.4033052575069,624.7197242336431
7908,828.8414410161031,613.480384998861
7909,837.1256115571148,602.1270859205118
7910,845.2542780167056,590.6619359823846
7911,853.2259304174078,579.0870649456349
7912,861.0390879486154,567.4046229531599
7913,868.6922992416594,555.6167801301901
7914,876.1841426394125,543.7257261811682
7915,883.5132264603759,531.7336699829884
7916,890.6781892571975,519.6428391746788
7917,897.6777000695737,507.4554797435943
7918,904.5104586714879,495.17385560820503
7919,911.1751958127402,482.8002481975496
7920,917.6706734547221,470.3369560274397
7921,923.9956850003949,457.7862942734874
7922,930.1490555184256,445.15059434104074
7923,936.129641961443,432.4322034321006
7924,941.9363333783679,419.63348410930826
7925,947.5680511207847,406.75681385707446
7926,953.0237490433093,393.80458463994086
7927,958.3024136979212,380.77920245824777
7928,963.4030645222208,367.6830869011988
7929,968.324754021579,354.51867069739694
7930,973.0665679451424,341.2883992629437
7931,977.6276254556648,327.99473024717844
7932,982.0070792931308,314.64013307614715
7933,986.2041159321427,301.2270884938831
7934,990.2179557330404,287.7580881015844
7935,994.0478530867272,274.2356338947759
7936,997.6930965531731,260.6622377985387
7937,1001.1530089935725,247.0404212008973
7938,1004.4269476961289,233.37271448444656
7939,1007.5143044954443,219.66165655630934
7940,1010.4145058854925,205.9097943765109
7941,1013.1270131261525,192.11968248485525
7942,1015.6513223432854,178.2938825263969
7943,1017.9869646223333,164.43496277558882
7944,1020.1335060954248,150.54549765920265
7945,1022.0905480219701,136.62806727810315
7946,1023.8577268627312,122.68525692796995
7947,1025.4347143473522,108.71965661905551
7948,1026.8212175353392,94.73386059506328
7949,1028.0169788704761,80.73046685124532
7950,1029.0217762286693,66.7120766517972
7951,1029.8354229592082,52.681294046650336
7952,1030.4577679194379,38.640725387743196
7953,1030.888695502835,24.59297884486727
7954,1031.1281256604834,10.540663921175268
7955,1031.1760139159437,-3.5136090315606374
7956,1031.0323513735143,-17.567229297844744
7957,1030.6971647198857,-31.617586283425013
7958,1030.1705162191813,-45.66207000023406
7959,1029.452503701393,-59.698071551221
7960,1028.543260544206,-73.72298361497826
7961,1027.4429556482257,-87.73420093007584
7962,1026.1517934056003,-101.72912077901506
7963,1024.6700136620534,-115.7051434717064
7964,1022.9978916723319,-129.65967282838858
7965,1021.1357380490731,-143.59011666189195
7966,1019.0838987051061,-157.4938872591637
7967,1016.842754789195,-171.36840186195934
7968,1014.4127226152376,-185.21108314661444
7969,1011.7942535849297,-199.01935970280832
7970,1008.9878341039148,-212.79066651122662
7971,1005.9939854914273,-226.52244542003965
7972,1002.813263883455,-240.21214562010198
7973,999.4462601294293,-253.85722411879098
7974,995.8935996824707,-267.4551462123916
7975,992.1559424832044,-281.00338595694075
7976,988.2339828371698,-294.49942663744747
7977,984.1284492858473,-307.9407612353947
7978,979.840104471324,-321.324892894444
7979,975.369744994626,-334.6493353842484
7980,970.7182012677422,-347.91161356229543
7981,965.8863373593675,-361.1092638336867
7982,960.875050834393,-374.2398346087756
7983,955.6852725871756,-387.3008867585728
7984,950.3179666686153,-400.28999406783765
7985,944.7741301070731,-413.2047436857715
7986,939.0547927231642,-426.0427365742269
7987,933.1610169384579,-438.80158795335285
7988,927.0938975781239,-451.47892774458916
7989,920.8545616675569,-464.07240101093333
7990,914.444168223022,-476.5796683943895
7991,907.8639080363553,-488.99840655053
7992,901.115003453763,-501.32630858007593
7993,894.1987081487607,-513.5610844574271
7994,887.1163068892888,-525.7004614560559
7995,879.8691152990566,-537.7421845706887
7996,872.4584796131517,-549.684016936193
7997,864.8857764279646,-561.5237402430976
7998,857.1524124454719,-573.2591551496657
7999,849.2598242119291,-584.8880816904413
8000,841.2094778510171,-596.4083596812004
8001,833.0028687914973,-607.8178491202249
8002,824.6415214894196,-619.1144305858298
8003,816.1269891449411,-630.2960056300642
8004,807.4608534138052,-641.3604971685194
8005,798.6447241135321,-652.305849866166
8006,789.6802389243815,-663.130030519153
8007,780.5690630851353,-673.8310284324958
8008,771.3128890837681,-684.4068557935781
8009,761.9134363430463,-694.8555480414124
8010,752.3724509011325,-705.1751642315714
8011,742.6917050872405,-715.36378739674
8012,732.8729971924078,-725.4195249028097
8013,722.9181511354487,-735.3405088004507
8014,712.8290161241401,-745.1248961721058
8015,702.6074663117168,-754.7708694743263
8016,692.2554004487267,-764.2766368754013
8017,681.774741530323,-773.6404325882032
8018,671.1674364390458,-782.8605171982045
8019,660.4354555831738,-791.9351779865866
8020,649.5807925306987,-800.8627292483965
8021,638.6054636390032,-809.6415126056808
8022,627.511507680303,-818.2698973155459
8023,616.3009854629249,-826.746280573084
8024,604.9759794484911,-835.0690878091104
8025,593.5385933650846,-843.2367729826527
8026,581.990951816458,-851.2478188681449
8027,570.335199887373,-859.1007373372643
8028,558.5735027451249,-866.7940696353679
8029,546.7080452373459,-874.326386652468
8030,534.7410314861468,-881.6962891887052
8031,522.6746844786825,-888.9024082142599
8032,510.51124565420764,-895.9434051236664
8033,498.2529744877111,-902.8179719844688
8034,485.9021480701942,-909.5248317801841
8035,473.46106068568133,-916.0627386475178
8036,460.9320233850339,-922.4304781077973
8037,448.31736355665095,-928.6268672925712
8038,435.6194244941329,-934.6507551633398
8039,422.84056496099544,-940.5010227253701
8040,409.9831587525028,-946.1765832355613
8041,397.0495942547175,-951.6763824043156
8042,384.04227400082925,-956.9993985913851
8043,370.9636142248664,-962.1446429956494
8044,357.8160444128527,-967.1111598387956
8045,344.602006851513,-971.8980265428625
8046,331.32395617458843,-976.50435390162
8047,317.9843589068702,-980.9292862457455
8048,304.5856930060148,-985.1720016017745
8049,291.1304474022448,-989.231711844788
8050,277.62112153600003,-993.1076628448168
8051,264.06022489364807,-996.7991346069263
8052,250.45027654131928,-1000.3054414049628
8053,236.79380465696917,-1003.625931908935
8054,223.0933460607437,-1006.7599893060025
8055,209.3514457437397,-1009.707031415057
8056,195.57065639525143,-1012.4665107948665
8057,181.75353792858039,-1015.0379148457682
8058,167.90265700551046,-1017.420765904889
8059,154.02058655952388,-1019.6146213348753
8060,140.1099053178552,-1021.6190736061179
8061,126.17319732246641,-1023.4337503724541
8062,112.2130514500394,-1025.0583145403348
8063,98.23206093106349,-1026.492464331442
8064,84.23282286812338,-1027.7359333387485
8065,70.21793775345634,-1028.788490576004
8066,56.19000898589121,-1029.6499405206443
8067,42.15164238723774,-1030.3201231501107
8068,28.105445718235742,-1030.798913971576
8069,14.0540281941322,-1031.0862240450697
8070,1.2628337356383666e-13,-1031.1820000000005
8071,-14.054028194132407,-1031.0862240450697
8072,-28.105445718235945,-1030.798913971576
8073,-42.151642387238404,-1030.3201231501107
8074,-56.190008985890955,-1029.6499405206443
8075,-70.21793775345655,-1028.788490576004
8076,-84.23282286812314,-1027.7359333387485
8077,-98.23206093106414,-1026.492464331442
8078,-112.21305145003916,-1025.0583145403348
8079,-126.1731973224666,-1023.4337503724541
8080,-140.10990531785498,-1021.6190736061181
8081,-154.02058655952453,-1019.6146213348752
8082,-167.9026570055107,-1017.420765904889
8083,-181.75353792858058,-1015.0379148457682
8084,-195.57065639525115,-1012.4665107948665
8085,-209.3514457437399,-1009.707031415057
8086,-223.0933460607439,-1006.7599893060025
8087,-236.79380465696983,-1003.6259319089347
8088,-250.4502765413195,-1000.3054414049628
8089,-264.0602248936483,-996.7991346069261
8090,-277.62112153600026,-993.1076628448168
8091,-291.13044740224547,-989.2317118447878
8092,-304.58569300601545,-985.1720016017742
8093,-317.9843589068704,-980.9292862457454
8094,-331.3239561745886,-976.50435390162
8095,-344.6020068515136,-971.8980265428623
8096,-357.81604441285333,-967.1111598387954
8097,-370.96361422486615,-962.1446429956494
8098,-384.0422740008294,-956.9993985913851
8099,-397.04959425471725,-951.6763824043157
8100,-409.98315875250336,-946.1765832355611
8101,-422.8405649609952,-940.5010227253703
8102,-435.6194244941331,-934.6507551633397
8103,-448.3173635566507,-928.6268672925713
8104,-460.93202338503454,-922.430478107797
8105,-473.46106068568156,-916.0627386475177
8106,-485.90214807019436,-909.524831780184
8107,-498.2529744877109,-902.817971984469
8108,-510.5112456542078,-895.9434051236663
8109,-522.6746844786826,-888.9024082142598
8110,-534.7410314861473,-881.6962891887049
8111,-546.7080452373458,-874.3263866524682
8112,-558.573502745125,-866.7940696353678
8113,-570.3351998873728,-859.1007373372644
8114,-581.9909518164585,-851.2478188681446
8115,-593.5385933650844,-843.2367729826528
8116,-604.9759794484912,-835.0690878091103
8117,-616.3009854629247,-826.7462805730842
8118,-627.5115076803035,-818.2698973155456
8119,-638.6054636390033,-809.6415126056806
8120,-649.5807925306988,-800.8627292483964
8121,-660.4354555831737,-791.9351779865867
8122,-671.167436439046,-782.8605171982044
8123,-681.7747415303231,-773.6404325882031
8124,-692.2554004487272,-764.2766368754009
8125,-702.6074663117166,-754.7708694743266
8126,-712.8290161241404,-745.1248961721057
8127,-722.9181511354485,-735.3405088004508
8128,-732.8729971924082,-725.4195249028093
8129,-742.6917050872403,-715.3637873967402
8130,-752.3724509011328,-705.1751642315713
8131,-761.9134363430466,-694.8555480414122
8132,-771.3128890837686,-684.4068557935776
8133,-780.5690630851354,-673.8310284324955
8134,-789.6802389243816,-663.1300305191529
8135,-798.6447241135322,-652.3058498661659
8136,-807.4608534138057,-641.3604971685188
8137,-816.1269891449413,-630.2960056300641
8138,-824.6415214894193,-619.11443058583
8139,-833.0028687914975,-607.8178491202245
8140,-841.2094778510173,-596.4083596812002
8141,-849.259824211929,-584.8880816904415
8142,-857.1524124454716,-573.2591551496663
8143,-864.8857764279645,-561.5237402430978
8144,-872.4584796131516,-549.6840169361932
8145,-879.8691152990567,-537.7421845706884
8146,-887.1163068892887,-525.7004614560561
8147,-894.1987081487605,-513.5610844574275
8148,-901.1150034537627,-501.32630858007656
8149,-907.863908036355,-488.9984065505302
8150,-914.4441682230217,-476.5796683943901
8151,-920.8545616675572,-464.07240101093316
8152,-927.0938975781238,-451.4789277445894
8153,-933.1610169384581,-438.8015879533522
8154,-939.0547927231643,-426.0427365742267
8155,-944.7741301070731,-413.2047436857716
8156,-950.3179666686152,-400.2899940678381
8157,-955.6852725871756,-387.30088675857263
8158,-960.8750508343929,-374.2398346087758
8159,-965.8863373593676,-361.1092638336863
8160,-970.7182012677423,-347.91161356229526
8161,-975.3697449946259,-334.6493353842486
8162,-979.8401044713239,-321.3248928944445
8163,-984.1284492858473,-307.94076123539475
8164,-988.2339828371697,-294.4994266374477
8165,-992.1559424832044,-281.0033859569405
8166,-995.8935996824707,-267.4551462123916
8167,-999.4462601294294,-253.85722411879055
8168,-1002.813263883455,-240.21214562010178
8169,-1005.9939854914273,-226.52244542003967
8170,-1008.9878341039149,-212.7906665112262
8171,-1011.7942535849296,-199.01935970280903
8172,-1014.4127226152375,-185.2110831466147
8173,-1016.8427547891952,-171.36840186195892
8174,-1019.0838987051061,-157.49388725916373
8175,-1021.1357380490731,-143.59011666189224
8176,-1022.997891672332,-129.65967282838815
8177,-1024.6700136620534,-115.70514347170642
8178,-1026.1517934056003,-101.7291207790144
8179,-1027.4429556482257,-87.73420093007654
8180,-1028.543260544206,-73.72298361497828
8181,-1029.452503701393,-59.69807155122056
8182,-1030.1705162191813,-45.66207000023477
8183,-1030.6971647198857,-31.617586283425037
8184,-1031.0323513735143,-17.567229297845223
8185,-1031.1760139159437,-3.513609031560432
8186,-1031.1281256604834,10.540663921175016
8187,-1030.888695502835,24.592978844866792
8188,-1030.4577679194379,38.64072538774317
8189,-1029.8354229592082,52.68129404665008
8190,-1029.0217762286693,66.71207665179674
8191,-1028.0169788704761,80.7304668512453
8192,-1026.8212175353392,94.73386059506302
8193,-1025.4347143473522,108.71965661905571
8194,-1023.8577268627312,122.68525692796923
8195,-1022.0905480219701,136.6280672781029
8196,-1020.1335060954247,150.54549765920308
8197,-1017.9869646223333,164.434962775589
8198,-1015.6513223432855,178.29388252639666
8199,-1013.1270131261526,192.11968248485476
8200,-1010.4145058854925,205.90979437651086
8201,-1007.5143044954442,219.66165655631
8202,-1004.426947696129,233.37271448444588
8203,-1001.1530089935725,247.04042120089727
8204,-997.6930965531728,260.6622377985393
8205,-994.0478530867271,274.23563389477613
8206,-990.2179557330404,287.7580881015844
8207,-986.2041159321428,301.22708849388266
8208,-982.0070792931308,314.64013307614727
8209,-977.6276254556645,327.99473024717906
8210,-973.0665679451427,341.28839926294324
8211,-968.324754021579,354.5186706973971
8212,-963.4030645222209,367.68308690119864
8213,-958.3024136979211,380.77920245824816
8214,-953.0237490433093,393.8045846399408
8215,-947.5680511207848,406.75681385707423
8216,-941.9363333783679,419.6334841093084
8217,-936.129641961443,432.43220343210055
8218,-930.1490555184257,445.15059434104035
8219,-923.9956850003947,457.7862942734878
8220,-917.6706734547221,470.33695602743967
8221,-911.1751958127398,482.80024819755016
8222,-904.5104586714882,495.1738556082044
8223,-897.6777000695737,507.4554797435943
8224,-890.6781892571972,519.6428391746791
8225,-883.5132264603762,531.7336699829877
8226,-876.1841426394125,543.7257261811682
8227,-868.692299241659,555.6167801301908
8228,-861.0390879486152,567.4046229531601
8229,-853.2259304174078,579.0870649456348
8230,-845.2542780167057,590.6619359823844
8231,-837.1256115571147,602.1270859205121
8232,-828.8414410161025,613.4803849988616
8233,-820.4033052575071,624.7197242336428
8234,-811.812771745673,635.8430158101988
8235,-803.071436254288,646.8481934708299
8236,-794.1809225699451,657.7332128986279
8237,-785.1428821905151,668.496052097222
8238,-775.95899401836,679.1347117663887
8239,-766.6309640484628,689.647215673438
8240,-757.1605250515248,700.0316110203169
8241,-747.549436252083,710.285968806363
8242,-737.7994830017192,720.4083841866341
8243,-727.9124764474154,730.3969768257477
8244,-717.8902531951123,740.2498912471777
8245,-707.7346749685474,749.9652971779199
8246,-697.4476282634142,759.54138988849
8247,-687.0310239969366,768.9763905281628
8248,-676.4867971528924,778.2685464554137
8249,-665.8169064221718,787.4161315634891
8250,-655.0233338389329,796.4174466010464
8251,-644.1080844124195,805.2708194878071
8252,-633.0731857545129,813.9746056251589
8253,-621.9206877030831,822.5271882016576
8254,-610.6526619412068,830.9269784933687
8255,-599.2712016123414,839.1724161589806
8256,-587.7784209314983,847.2619695296581
8257,-576.1764547925062,855.1941358935642
8258,-564.467458371437,862.9674417750017
8259,-552.6536067262595,870.5804432081264
8260,-540.7370943928032,878.0317260051766
8261,-528.7201349771032,885.3199060191716
8262,-516.6049607441945,892.443629401034
8263,-504.39382220345885,899.4015728510744
8264,-492.08898769056066,906.1924438648118
8265,-479.6927429460902,912.8149809730651
8266,-467.2073906909591,919.2679539762856
8267,-454.6352501986504,925.550164173078
8268,-441.978656864395,931.6604445828675
8269,-429.23996177134035,937.5976601626837
8270,-416.42153125382487,943.3607080179992
8271,-403.52574645780345,948.9485176076064
8272,-390.5550028985255,954.3600509424804
8273,-377.51171001554803,959.594302778595
8274,-364.3982907251569,964.6503008036566
8275,-351.2171809702903,969.5271058177194
8276,-337.9708292680378,974.2238119076519
8277,-324.6616962547988,978.7395466154198
8278,-311.29225422920655,983.0734711001513
8279,-297.8649866928685,987.2247802939603
8280,-284.38238788903163,991.1927030514971
8281,-270.8469623392554,994.9765022931944
8282,-257.2612243781714,998.5754751421873
8283,-243.62769768642391,1001.9889530548794
8284,-229.94891482187165,1005.2163019451309
8285,-216.2274167491344,1008.2569223020475
8286,-202.46575236759634,1011.1102493013431
8287,-188.6664780379128,1013.775752910263
8288,-174.83215710715004,1016.2529379860418
8289,-160.9653594326125,1018.5413443678813
8290,-147.06866090447028,1020.6405469624293
8291,-133.14464296726536,1022.5501558227452
8292,-119.19589214037822,1024.269816220736
8293,-105.22499953756008,1025.7992087130508
8294,-91.23456038561126,1027.1380492004203
8295,-77.2271735422867,1028.2860889804308
8296,-63.20544101354159,1029.243114793723
8297,-49.17196747017279,1030.0089488636074
8298,-35.12935976398833,1030.5834489290876
8299,-21.080226443553368,1030.9665082712868
8300,-7.02717726962641,1031.1580557332722
8301,0.0,1069.0900000000004
8302,14.05250448008564,1068.9976404173387
8303,28.102580944851464,1068.7205776273977
8304,42.14780179849422,1068.2588595015516
8305,56.18574028417131,1067.612565816233
8306,70.21397090329987,1066.7818082391505
8307,84.23006983463856,1065.766730309993
8308,98.23161535307939,1064.567507415629
8309,112.2161882480775,1063.1843467598048
8310,126.18137224164644,1061.6174873273403
8311,140.12475440584666,1059.8671998428397
8312,154.04392557969533,1057.9337867239133
8313,167.93648078542506,1055.8175820289257
8314,181.80001964402038,1053.5189513992782
8315,195.6321467899588,1051.0382919962303
8316,209.43047228508632,1048.3760324322789
8317,223.19261203155492,1045.5326326971017
8318,236.91618818375102,1042.5085840780796
8319,250.59882955914372,1039.3044090754104
8320,264.23817204798127,1035.9206613118315
8321,277.83185902176666,1032.357925436963
8322,291.3775417404391,1028.6168170262915
8323,304.87287975819373,1024.6979824748105
8324,318.31554132786766,1020.6020988853332
8325,331.70320380382304,1016.329873951504
8326,345.03355404325805,1011.8820458355208
8327,358.30428880587505,1007.2593830405934
8328,371.5131151518387,1002.4626842781618
8329,384.65775083795376,997.4927783298922
8330,397.73592471199515,992.3505239044795
8331,410.7453771051213,987.0368094892776
8332,423.68386022230305,981.5525531967857
8333,436.54913853070246,975.8987026060145
8334,449.33898914593107,970.0762345987625
8335,462.05120221612407,964.086155190829
8336,474.68358130376197,957.9294993581916
8337,487.23394376517456,951.6073308581831
8338,499.70012112766256,945.1207420456924
8339,512.079959464169,938.4708536844263
8340,524.3713197654389,931.6588147532618
8341,536.5720783096009,924.6858022477236
8342,548.6801270291076,917.5530209766208
8343,560.6933738749699,910.2617033538784
8344,572.6097431782265,902.8131091855979
8345,584.4271760085801,895.208525452387
8346,596.1436305301435,887.4492660869919
8347,607.7570823542312,879.5366717472745
8348,619.265524889137,871.472109584571
8349,630.6669696868354,863.256973007473
8350,641.9594467865501,854.8926814410728
8351,653.1410050551264,846.3806800817113
8352,664.2097125241517,837.7224396472765
8353,675.1636567237634,828.9194561230885
8354,686.0009450130905,819.9732505034219
8355,696.7197049072648,810.8853685287056
8356,707.318084400954,801.6573804184463
8357,717.7942522883533,792.2908805999251
8358,728.1463984795843,782.7874874327074
8359,738.3727343134458,773.1488429290225
8360,748.4714928664612,763.3766124700519
8361,758.4409292581709,753.4724845181827
8362,768.279320952615,743.438170325273
8363,777.9849680559569,733.2754036369777
8364,787.5561936101933,722.9859403931895
8365,796.9913438829017,712.5715584246449
8366,806.2887886529753,702.0340571457474
8367,815.4469214922952,691.3752572436615
8368,824.464160043292,680.5970003637318
8369,833.3389462923479,669.7011487912798
8370,842.0697468389932,658.6895851298355
8371,850.6550531608489,647.5642119758581
8372,859.0933818742733,636.326951590002
8373,867.3832749906625,624.9797455649851
8374,875.5233001683641,613.5245544901178
8375,883.5120509601597,601.9633576125484
8376,891.3481470562738,590.2981524952862
8377,899.030234522865,578.5309546720582
8378,906.5569860359619,566.663797299063
8379,913.9271011107995,554.6987308036781
8380,921.1393063265202,542.6378225301827
8381,928.1923555461964,530.4831563825603
8382,935.0850301321416,518.2368324644367
8383,941.8161391564668,505.90096671622166
8384,948.3845196068525,493.4776905495125
8385,954.7890365874956,480.9691504788251
8386,961.0285835151982,468.37750775071635
8387,967.1020823105654,455.70493797035965
8388,973.0084835842769,442.95363072564015
8389,978.7467668184033,430.1257892088346
8390,984.3159405427323,417.22362983593973
8391,989.7150425060763,404.24938186371594
8392,994.9431398425324,391.2052870045135
8393,999.9993292326644,378.09359903894415
8394,1004.8827370595795,364.91658342647116
8395,1009.5925195598736,351.67651691397725
8396,1014.127862969418,338.3756871423865
8397,1018.487983663963,325.01639225139996
8398,1022.6721282945339,311.60094048242087
8399,1026.6795739175957,298.1316497797322
8400,1030.5096281199649,284.6108473899974
8401,1034.161629138445,271.0408694601571
8402,1037.6349459741682,257.424060633783
8403,1040.9289785016194,243.76277364596862
8404,1044.0431575723276,230.0593689168182
8405,1046.9769451132036,216.3162141436108
8406,1049.7298342195104,202.53568389170402
8407,1052.3013492424452,188.72015918425413
8408,1054.6910458713248,174.87202709081808
8409,1056.8985112103533,160.9936803149111
8410,1058.9233638499622,147.08751678059295
8411,1060.7652539327132,133.1559392181486
8412,1062.4238632137447,119.20135474894248
8413,1063.89890511576,105.22617446951003
8414,1065.190124778543,91.23281303496607
8415,1066.2972991029915,77.22368824179595
8416,1067.2202367896675,63.20122061010385
8417,1067.958778371847,49.16783296539298
8418,1068.5127962430759,35.12595001994352
8419,1068.8821946792161,21.07799795386986
8420,1069.0669098549852,7.026403995916687
8421,1069.0669098549852,-7.026403995916794
8422,1068.8821946792161,-21.077997953869495
8423,1068.5127962430759,-35.12595001994362
8424,1067.958778371847,-49.16783296539262
8425,1067.2202367896675,-63.201220610103725
8426,1066.2972991029915,-77.22368824179559
8427,1065.190124778543,-91.23281303496594
8428,1063.89890511576,-105.22617446950966
8429,1062.4238632137447,-119.20135474894211
8430,1060.7652539327132,-133.15593921814846
8431,1058.9233638499622,-147.08751678059258
8432,1056.8985112103533,-160.993680314911
8433,1054.6910458713248,-174.8720270908177
8434,1052.3013492424452,-188.720159184254
8435,1049.7298342195104,-202.53568389170368
8436,1046.9769451132038,-216.31621414361044
8437,1044.0431575723276,-230.05936891681785
8438,1040.9289785016194,-243.7627736459685
8439,1037.6349459741682,-257.4240606337831
8440,1034.1616291384453,-271.04086946015696
8441,1030.5096281199649,-284.61084738999745
8442,1026.6795739175957,-298.1316497797319
8443,1022.6721282945339,-311.60094048242075
8444,1018.4879836639631,-325.0163922513996
8445,1014.1278629694181,-338.37568714238614
8446,1009.5925195598736,-351.67651691397714
8447,1004.8827370595797,-364.9165834264708
8448,999.9993292326645,-378.09359903894403
8449,994.9431398425326,-391.2052870045131
8450,989.7150425060763,-404.2493818637158
8451,984.3159405427324,-417.2236298359394
8452,978.7467668184034,-430.1257892088344
8453,973.008483584277,-442.95363072564
8454,967.1020823105655,-455.70493797035937
8455,961.0285835151982,-468.3775077507164
8456,954.7890365874957,-480.969150478825
8457,948.3845196068526,-493.4776905495122
8458,941.816139156467,-505.9009667162213
8459,935.0850301321417,-518.2368324644367
8460,928.1923555461967,-530.4831563825601
8461,921.1393063265203,-542.6378225301823
8462,913.9271011107995,-554.698730803678
8463,906.556986035962,-566.6637972990629
8464,899.030234522865,-578.5309546720583
8465,891.3481470562739,-590.2981524952861
8466,883.5120509601599,-601.9633576125482
8467,875.5233001683642,-613.5245544901175
8468,867.3832749906625,-624.9797455649851
8469,859.0933818742734,-636.3269515900018
8470,850.6550531608491,-647.5642119758579
8471,842.0697468389931,-658.6895851298356
8472,833.3389462923482,-669.7011487912796
8473,824.4641600432923,-680.5970003637315
8474,815.4469214922956,-691.3752572436612
8475,806.2887886529754,-702.0340571457473
8476,796.9913438829018,-712.5715584246446
8477,787.5561936101932,-722.9859403931896
8478,777.9849680559573,-733.2754036369772
8479,768.2793209526151,-743.4381703252728
8480,758.4409292581711,-753.4724845181825
8481,748.4714928664612,-763.3766124700518
8482,738.3727343134462,-773.1488429290221
8483,728.1463984795845,-782.7874874327072
8484,717.7942522883533,-792.2908805999251
8485,707.3180844009541,-801.6573804184463
8486,696.7197049072647,-810.8853685287057
8487,686.0009450130908,-819.9732505034217
8488,675.1636567237636,-828.9194561230885
8489,664.2097125241518,-837.7224396472764
8490,653.1410050551262,-846.3806800817114
8491,641.9594467865505,-854.8926814410723
8492,630.6669696868356,-863.2569730074729
8493,619.2655248891373,-871.4721095845708
8494,607.7570823542312,-879.5366717472745
8495,596.1436305301436,-887.4492660869918
8496,584.4271760085803,-895.2085254523868
8497,572.6097431782268,-902.8131091855977
8498,560.69337387497,-910.2617033538783
8499,548.6801270291073,-917.553020976621
8500,536.5720783096014,-924.6858022477234
8501,524.371319765439,-931.6588147532617
8502,512.0799594641692,-938.4708536844262
8503,499.7001211276625,-945.1207420456924
8504,487.2339437651746,-951.6073308581831
8505,474.68358130376214,-957.9294993581915
8506,462.05120221612447,-964.0861551908288
8507,449.3389891459312,-970.0762345987625
8508,436.5491385307027,-975.8987026060144
8509,423.6838602223033,-981.5525531967855
8510,410.7453771051217,-987.0368094892775
8511,397.7359247119953,-992.3505239044795
8512,384.65775083795404,-997.4927783298922
8513,371.51311515183863,-1002.4626842781619
8514,358.30428880587556,-1007.2593830405932
8515,345.03355404325833,-1011.8820458355207
8516,331.70320380382344,-1016.3298739515039
8517,318.3155413278677,-1020.6020988853332
8518,304.87287975819345,-1024.6979824748105
8519,291.3775417404394,-1028.6168170262915
8520,277.8318590217667,-1032.357925436963
8521,264.2381720479815,-1035.9206613118315
8522,250.59882955914355,-1039.3044090754106
8523,236.91618818375153,-1042.5085840780794
8524,223.1926120315551,-1045.5326326971017
8525,209.4304722850866,-1048.3760324322786
8526,195.63214678995877,-1051.0382919962303
8527,181.80001964402052,-1053.5189513992782
8528,167.93648078542535,-1055.8175820289257
8529,154.0439255796957,-1057.9337867239133
8530,140.12475440584674,-1059.8671998428397
8531,126.1813722416467,-1061.6174873273403
8532,112.21618824807788,-1063.1843467598048
8533,98.2316153530799,-1064.567507415629
8534,84.23006983463875,-1065.766730309993
8535,70.21397090329974,-1066.7818082391505
8536,56.185740284171324,-1067.612565816233
8537,42.14780179849487,-1068.2588595015516
8538,28.102580944851777,-1068.7205776273977
8539,14.052504480085624,-1068.9976404173387
8540,1.3092576465004444e-13,-1069.0900000000004
8541,-14.052504480085837,-1068.9976404173387
8542,-28.10258094485104,-1068.7205776273977
8543,-42.14780179849412,-1068.2588595015516
8544,-56.185740284171054,-1067.612565816233
8545,-70.21397090329995,-1066.7818082391505
8546,-84.230069834638,-1065.766730309993
8547,-98.23161535307918,-1064.567507415629
8548,-112.21618824807715,-1063.1843467598048
8549,-126.18137224164641,-1061.6174873273403
8550,-140.12475440584646,-1059.8671998428397
8551,-154.04392557969496,-1057.9337867239133
8552,-167.9364807854246,-1055.8175820289257
8553,-181.80001964402027,-1053.5189513992782
8554,-195.63214678995897,-1051.03829199623
8555,-209.4304722850859,-1048.3760324322789
8556,-223.1926120315548,-1045.5326326971017
8557,-236.91618818375082,-1042.5085840780796
8558,-250.59882955914378,-1039.3044090754104
8559,-264.2381720479812,-1035.9206613118315
8560,-277.83185902176643,-1032.3579254369631
8561,-291.37754174043874,-1028.6168170262918
8562,-304.8728797581937,-1024.6979824748105
8563,-318.3155413278674,-1020.6020988853332
8564,-331.70320380382276,-1016.3298739515042
8565,-345.0335540432576,-1011.882045835521
8566,-358.30428880587493,-1007.2593830405935
8567,-371.5131151518384,-1002.4626842781619
8568,-384.6577508379538,-997.4927783298922
8569,-397.73592471199464,-992.3505239044797
8570,-410.74537710512095,-987.0368094892777
8571,-423.68386022230266,-981.5525531967859
8572,-436.5491385307024,-975.8987026060145
8573,-449.3389891459305,-970.076234598763
8574,-462.05120221612384,-964.0861551908291
8575,-474.6835813037619,-957.9294993581916
8576,-487.2339437651744,-951.6073308581832
8577,-499.70012112766267,-945.1207420456923
8578,-512.0799594641686,-938.4708536844265
8579,-524.3713197654388,-931.6588147532618
8580,-536.5720783096008,-924.6858022477237
8581,-548.6801270291076,-917.5530209766208
8582,-560.6933738749697,-910.2617033538785
8583,-572.6097431782262,-902.813109185598
8584,-584.4271760085796,-895.2085254523872
8585,-596.1436305301434,-887.4492660869919
8586,-607.7570823542311,-879.5366717472746
8587,-619.2655248891367,-871.4721095845712
8588,-630.6669696868349,-863.2569730074733
8589,-641.95944678655,-854.8926814410728
8590,-653.1410050551265,-846.3806800817113
8591,-664.2097125241517,-837.7224396472765
8592,-675.1636567237633,-828.9194561230886
8593,-686.0009450130902,-819.9732505034222
8594,-696.7197049072648,-810.8853685287056
8595,-707.3180844009539,-801.6573804184465
8596,-717.794252288353,-792.2908805999251
8597,-728.146398479584,-782.7874874327078
8598,-738.3727343134458,-773.1488429290225
8599,-748.4714928664611,-763.3766124700519
8600,-758.4409292581709,-753.4724845181827
8601,-768.2793209526145,-743.4381703252734
8602,-777.9849680559568,-733.2754036369778
8603,-787.5561936101931,-722.9859403931897
8604,-796.9913438829017,-712.5715584246449
8605,-806.2887886529752,-702.0340571457475
8606,-815.4469214922951,-691.3752572436617
8607,-824.4641600432918,-680.5970003637321
8608,-833.3389462923483,-669.7011487912795
8609,-842.0697468389933,-658.6895851298355
8610,-850.6550531608489,-647.5642119758581
8611,-859.0933818742732,-636.3269515900021
8612,-867.3832749906624,-624.9797455649854
8613,-875.5233001683639,-613.524554490118
8614,-883.51205096016,-601.9633576125481
8615,-891.3481470562734,-590.2981524952867
8616,-899.030234522865,-578.5309546720582
8617,-906.5569860359618,-566.6637972990632
8618,-913.9271011107995,-554.6987308036782
8619,-921.1393063265201,-542.6378225301829
8620,-928.1923555461963,-530.4831563825607
8621,-935.0850301321412,-518.2368324644373
8622,-941.8161391564668,-505.9009667162216
8623,-948.3845196068525,-493.47769054951243
8624,-954.7890365874956,-480.9691504788252
8625,-961.0285835151981,-468.37750775071663
8626,-967.102082310565,-455.70493797036005
8627,-973.0084835842771,-442.9536307256398
8628,-978.746766818403,-430.12578920883533
8629,-984.3159405427323,-417.2236298359396
8630,-989.7150425060762,-404.24938186371605
8631,-994.9431398425324,-391.2052870045136
8632,-999.9993292326643,-378.0935990389445
8633,-1004.8827370595794,-364.9165834264715
8634,-1009.5925195598734,-351.6765169139778
8635,-1014.1278629694181,-338.3756871423862
8636,-1018.487983663963,-325.01639225139985
8637,-1022.6721282945339,-311.600940482421
8638,-1026.6795739175957,-298.13164977973236
8639,-1030.5096281199646,-284.610847389998
8640,-1034.161629138445,-271.0408694601577
8641,-1037.6349459741684,-257.42406063378286
8642,-1040.9289785016194,-243.7627736459685
8643,-1044.0431575723276,-230.0593689168183
8644,-1046.9769451132033,-216.31621414361186
8645,-1049.7298342195102,-202.53568389170442
8646,-1052.301349242445,-188.72015918425473
8647,-1054.6910458713246,-174.87202709081868
8648,-1056.8985112103533,-160.99368031491102
8649,-1058.9233638499622,-147.0875167805928
8650,-1060.7652539327132,-133.15593921814872
8651,-1062.4238632137447,-119.20135474894259
8652,-1063.89890511576,-105.22617446950944
8653,-1065.190124778543,-91.23281303496572
8654,-1066.2972991029915,-77.22368824179655
8655,-1067.2202367896673,-63.2012206101047
8656,-1067.958778371847,-49.167832965392876
8657,-1068.5127962430759,-35.12595001994388
8658,-1068.8821946792161,-21.077997953869996
8659,-1069.0669098549852,-7.026403995917293
8660,-1069.0669098549852,7.0264039959169
8661,-1068.8821946792161,21.077997953869602
8662,-1068.5127962430759,35.12595001994349
8663,-1067.958778371847,49.16783296539153
8664,-1067.2202367896675,63.201220610103356
8665,-1066.2972991029915,77.22368824179522
8666,-1065.190124778543,91.23281303496533
8667,-1063.89890511576,105.22617446951
8668,-1062.4238632137447,119.20135474894221
8669,-1060.7652539327132,133.15593921814835
8670,-1058.9233638499622,147.08751678059244
8671,-1056.898511210353,160.99368031491156
8672,-1054.6910458713248,174.87202709081734
8673,-1052.3013492424452,188.7201591842534
8674,-1049.7298342195106,202.5356838917031
8675,-1046.9769451132038,216.31621414361055
8676,-1044.0431575723276,230.05936891681793
8677,-1040.9289785016197,243.7627736459681
8678,-1037.6349459741682,257.4240606337834
8679,-1034.161629138445,271.0408694601573
8680,-1030.5096281199649,284.61084738999756
8681,-1026.6795739175961,298.13164977973105
8682,-1022.6721282945342,311.6009404824197
8683,-1018.4879836639632,325.0163922513995
8684,-1014.1278629694182,338.37568714238574
8685,-1009.5925195598738,351.6765169139765
8686,-1004.8827370595795,364.91658342647116
8687,-999.9993292326645,378.0935990389441
8688,-994.9431398425326,391.20528700451325
8689,-989.7150425060763,404.2493818637157
8690,-984.3159405427324,417.2236298359393
8691,-978.7467668184034,430.1257892088341
8692,-973.0084835842772,442.95363072563947
8693,-967.1020823105657,455.70493797035886
8694,-961.0285835151982,468.37750775071635
8695,-954.7890365874957,480.9691504788249
8696,-948.3845196068528,493.4776905495121
8697,-941.8161391564665,505.90096671622206
8698,-935.0850301321415,518.2368324644369
8699,-928.192355546197,530.4831563825595
8700,-921.1393063265207,542.6378225301818
8701,-913.9271011107995,554.6987308036779
8702,-906.556986035962,566.6637972990628
8703,-899.0302345228653,578.5309546720578
8704,-891.3481470562742,590.2981524952854
8705,-883.5120509601596,601.9633576125485
8706,-875.5233001683641,613.5245544901177
8707,-867.3832749906626,624.979745564985
8708,-859.0933818742741,636.326951590001
8709,-850.6550531608492,647.5642119758578
8710,-842.0697468389935,658.6895851298351
8711,-833.3389462923485,669.7011487912791
8712,-824.4641600432928,680.5970003637311
8713,-815.4469214922954,691.3752572436614
8714,-806.2887886529754,702.0340571457472
8715,-796.9913438829019,712.5715584246446
8716,-787.556193610193,722.9859403931898
8717,-777.9849680559574,733.2754036369772
8718,-768.2793209526154,743.4381703252725
8719,-758.4409292581715,753.4724845181821
8720,-748.4714928664613,763.3766124700517
8721,-738.372734313446,773.1488429290223
8722,-728.1463984795846,782.7874874327072
8723,-717.7942522883537,792.2908805999247
8724,-707.3180844009539,801.6573804184465
8725,-696.7197049072648,810.8853685287056
8726,-686.0009450130905,819.9732505034219
8727,-675.1636567237645,828.9194561230878
8728,-664.2097125241519,837.7224396472764
8729,-653.1410050551268,846.380680081711
8730,-641.9594467865506,854.8926814410722
8731,-630.6669696868361,863.2569730074725
8732,-619.265524889137,871.472109584571
8733,-607.7570823542314,879.5366717472743
8734,-596.1436305301437,887.4492660869918
8735,-584.4271760085796,895.2085254523872
8736,-572.609743178227,902.8131091855977
8737,-560.6933738749705,910.261703353878
8738,-548.6801270291083,917.5530209766204
8739,-536.5720783096011,924.6858022477235
8740,-524.3713197654391,931.6588147532617
8741,-512.0799594641693,938.4708536844261
8742,-499.700121127663,945.1207420456922
8743,-487.23394376517433,951.6073308581832
8744,-474.6835813037618,957.9294993581916
8745,-462.051202216125,964.0861551908285
8746,-449.33898914593215,970.0762345987621
8747,-436.5491385307028,975.8987026060144
8748,-423.68386022230345,981.5525531967855
8749,-410.7453771051218,987.0368094892774
8750,-397.7359247119959,992.3505239044792
8751,-384.65775083795376,997.4927783298922
8752,-371.51311515183875,1002.4626842781618
8753,-358.3042888058753,1007.2593830405933
8754,-345.0335540432593,1011.8820458355203
8755,-331.7032038038236,1016.3298739515039
8756,-318.31554132786823,1020.6020988853329
8757,-304.8728797581945,1024.6979824748103
8758,-291.3775417404391,1028.6168170262915
8759,-277.83185902176683,1032.357925436963
8760,-264.2381720479816,1035.9206613118315
8761,-250.59882955914415,1039.3044090754101
8762,-236.91618818375073,1042.5085840780796
8763,-223.19261203155565,1045.5326326971015
8764,-209.4304722850872,1048.3760324322786
8765,-195.63214678995985,1051.0382919962299
8766,-181.80001964402064,1053.5189513992782
8767,-167.9364807854255,1055.8175820289257
8768,-154.0439255796958,1057.9337867239133
8769,-140.1247544058464,1059.8671998428397
8770,-126.18137224164634,1061.6174873273403
8771,-112.21618824807754,1063.1843467598048
8772,-98.23161535308051,1064.567507415629
8773,-84.23006983463982,1065.7667303099925
8774,-70.21397090330035,1066.7818082391502
8775,-56.18574028417193,1067.612565816233
8776,-42.147801798494996,1068.2588595015516
8777,-28.102580944851432,1068.7205776273977
8778,-14.052504480085755,1068.9976404173387
8779,7.015965553486013,1107.6777808674112
8780,21.046770816959604,1107.5000331549336
8781,35.07419873060062,1107.1445662529384
8782,49.09599833003417,1106.611437202769
8783,63.10991955405411,1105.9007315549989
8784,77.1137136056877,1105.0125633557025
8785,91.10513331305727,1103.947075128156
8786,105.08193348998115,1102.7044378499652
8787,119.0418712962561,1101.2848509256296
8788,132.98270659756304,1099.6885421545444
8789,146.90220232493874,1097.9157676944453
8790,160.7981248337555,1095.9668120203041
8791,174.6682442621517,1093.841987878678
8792,188.5103348888544,1091.5416362375247
8793,202.322175490339,1089.0661262314868
8794,216.1015496972653,1086.4158551026587
8795,229.8462463501367,1083.591248136839
8796,243.55405985412128,1080.5927585952888
8797,257.2227905329815,1077.4208676419937
8798,270.85024498205354,1074.0760842664556
8799,284.43423642022003,1070.558945202013
8800,297.97258504082055,1066.870014839714
8801,311.4631183614423,1063.0098851377475
8802,324.90367157253564,1058.9791755264532
8803,338.2920878847986,1054.7785328089233
8804,351.62621887527445,1050.4086310572081
8805,364.90392483210627,1045.8701715041525
8806,378.1230750978938,1041.1638824308654
8807,391.2815484115977,1036.2905190498575
8808,404.3772332489359,1031.2508633838502
8809,417.4080281612168,1026.0457241402867
8810,430.3718421125567,1020.6759365815602
8811,443.26659481542555,1015.1423623909792
8812,456.0902170644682,1009.4458895344945
8813,468.8406510685475,1003.5874321182091
8814,481.5158507809551,997.5679302416921
8815,494.1137822277385,991.3883498471221
8816,506.63242383409016,985.0496825642833
8817,519.0697667487474,978.552945551441
8818,531.42381516635,971.8991813321182
8819,543.6925866477048,965.0894576278038
8820,555.8741124379058,958.1248671866164
8821,567.9664377822567,951.0065276079521
8822,579.9676222399493,943.7355811631455
8823,591.8757399954432,936.31319461217
8824,603.6888801674983,928.7405590164093
8825,615.4051471158135,921.0188895475296
8826,627.0226607452157,913.1494252924824
8827,638.5395568073574,905.1334290546694
8828,649.9539871998708,896.9721871513024
8829,661.2641202629297,888.6670092069888
8830,672.4681410731741,880.219227943579
8831,683.5642517349489,871.6301989663048
8832,694.5506716688099,862.9013005462477
8833,705.4256378972508,854.0339333991697
8834,716.1874053276069,845.0295204607414
8835,726.8342470320877,835.889506658206
8836,737.3644545248941,826.6153586785125
8837,747.7763380363787,817.2085647329598
8838,758.0682267841992,807.6706343183838
8839,768.2384692414284,798.003097974931
8840,778.2854334015718,788.2075070404544
8841,788.2075070404543,778.285433401572
8842,798.003097974931,768.2384692414284
8843,807.6706343183837,758.0682267841993
8844,817.2085647329598,747.7763380363787
8845,826.6153586785125,737.3644545248943
8846,835.8895066582058,726.8342470320877
8847,845.0295204607414,716.1874053276069
8848,854.0339333991697,705.4256378972509
8849,862.9013005462476,694.55067166881
8850,871.6301989663046,683.564251734949
8851,880.2192279435789,672.4681410731744
8852,888.6670092069887,661.2641202629297
8853,896.9721871513023,649.9539871998709
8854,905.1334290546693,638.5395568073575
8855,913.1494252924824,627.0226607452156
8856,921.0188895475296,615.4051471158136
8857,928.7405590164093,603.6888801674984
8858,936.31319461217,591.875739995443
8859,943.7355811631454,579.9676222399496
8860,951.0065276079521,567.9664377822567
8861,958.1248671866163,555.8741124379059
8862,965.0894576278037,543.6925866477051
8863,971.8991813321182,531.42381516635
8864,978.552945551441,519.0697667487474
8865,985.0496825642833,506.6324238340903
8866,991.3883498471221,494.11378222773845
8867,997.5679302416921,481.5158507809551
8868,1003.5874321182091,468.8406510685476
8869,1009.4458895344945,456.09021706446816
8870,1015.1423623909791,443.2665948154257
8871,1020.6759365815602,430.3718421125567
8872,1026.0457241402867,417.40802816121686
8873,1031.2508633838502,404.3772332489358
8874,1036.2905190498575,391.28154841159767
8875,1041.1638824308654,378.1230750978938
8876,1045.8701715041525,364.9039248321063
8877,1050.4086310572081,351.6262188752746
8878,1054.7785328089233,338.2920878847986
8879,1058.9791755264532,324.90367157253564
8880,1063.0098851377475,311.4631183614422
8881,1066.870014839714,297.9725850408208
8882,1070.558945202013,284.43423642022003
8883,1074.0760842664556,270.8502449820536
8884,1077.4208676419937,257.2227905329814
8885,1080.5927585952888,243.5540598541212
8886,1083.591248136839,229.84624635013694
8887,1086.4158551026587,216.1015496972654
8888,1089.0661262314868,202.32217549033908
8889,1091.5416362375247,188.51033488885435
8890,1093.841987878678,174.66824426215166
8891,1095.9668120203041,160.7981248337556
8892,1097.9157676944453,146.90220232493883
8893,1099.6885421545444,132.98270659756298
8894,1101.2848509256296,119.0418712962561
8895,1102.7044378499652,105.08193348998097
8896,1103.947075128156,91.1051333130574
8897,1105.0125633557025,77.1137136056879
8898,1105.9007315549989,63.10991955405414
8899,1106.611437202769,49.095998330034256
8900,1107.1445662529384,35.074198730600536
8901,1107.5000331549336,21.04677081695982
8902,1107.6777808674112,7.0159655534860494
8903,1107.6777808674112,-7.015965553485914
8904,1107.5000331549336,-21.046770816959686
8905,1107.1445662529384,-35.074198730600635
8906,1106.611437202769,-49.09599833003436
8907,1105.9007315549989,-63.109919554054
8908,1105.0125633557025,-77.11371360568752
8909,1103.947075128156,-91.10513331305725
8910,1102.7044378499652,-105.08193348998108
8911,1101.2848509256296,-119.0418712962562
8912,1099.6885421545444,-132.98270659756284
8913,1097.9157676944453,-146.90220232493874
8914,1095.9668120203041,-160.79812483375545
8915,1093.841987878678,-174.66824426215177
8916,1091.5416362375247,-188.51033488885446
8917,1089.066126231487,-202.3221754903389
8918,1086.4158551026587,-216.10154969726526
8919,1083.591248136839,-229.84624635013654
8920,1080.5927585952888,-243.55405985412128
8921,1077.4208676419937,-257.2227905329815
8922,1074.0760842664556,-270.8502449820534
8923,1070.558945202013,-284.4342364202199
8924,1066.870014839714,-297.9725850408206
8925,1063.0098851377475,-311.46311836144224
8926,1058.9791755264532,-324.90367157253576
8927,1054.7785328089233,-338.2920878847985
8928,1050.4086310572081,-351.6262188752745
8929,1045.8701715041525,-364.9039248321062
8930,1041.1638824308654,-378.12307509789366
8931,1036.2905190498575,-391.2815484115978
8932,1031.2508633838502,-404.3772332489356
8933,1026.0457241402867,-417.4080281612167
8934,1020.6759365815603,-430.3718421125566
8935,1015.1423623909791,-443.2665948154256
8936,1009.4458895344945,-456.0902170644682
8937,1003.5874321182092,-468.84065106854746
8938,997.5679302416921,-481.515850780955
8939,991.3883498471222,-494.1137822277383
8940,985.0496825642834,-506.63242383408993
8941,978.5529455514411,-519.0697667487472
8942,971.8991813321182,-531.4238151663501
8943,965.0894576278038,-543.692586647705
8944,958.1248671866164,-555.8741124379058
8945,951.0065276079522,-567.9664377822565
8946,943.7355811631456,-579.9676222399492
8947,936.31319461217,-591.8757399954428
8948,928.7405590164092,-603.6888801674986
8949,921.0188895475295,-615.4051471158136
8950,913.1494252924826,-627.0226607452153
8951,905.1334290546693,-638.5395568073575
8952,896.9721871513023,-649.9539871998708
8953,888.6670092069888,-661.2641202629296
8954,880.219227943579,-672.4681410731741
8955,871.6301989663045,-683.5642517349493
8956,862.9013005462475,-694.5506716688101
8957,854.0339333991695,-705.4256378972509
8958,845.029520460741,-716.1874053276075
8959,835.8895066582055,-726.834247032088
8960,826.6153586785122,-737.3644545248945
8961,817.2085647329599,-747.7763380363785
8962,807.670634318384,-758.068226784199
8963,798.0030979749308,-768.2384692414287
8964,788.2075070404542,-778.285433401572
8965,778.2854334015719,-788.2075070404544
8966,768.2384692414284,-798.003097974931
8967,758.0682267841989,-807.6706343183841
8968,747.7763380363783,-817.2085647329601
8969,737.3644545248939,-826.6153586785127
8970,726.8342470320874,-835.8895066582061
8971,716.1874053276065,-845.0295204607419
8972,705.4256378972507,-854.0339333991698
8973,694.5506716688099,-862.9013005462477
8974,683.5642517349489,-871.6301989663048
8975,672.4681410731744,-880.2192279435789
8976,661.2641202629294,-888.667009206989
8977,649.9539871998705,-896.9721871513025
8978,638.5395568073573,-905.1334290546696
8979,627.0226607452155,-913.1494252924825
8980,615.405147115813,-921.01888954753
8981,603.6888801674979,-928.7405590164095
8982,591.8757399954432,-936.3131946121699
8983,579.9676222399493,-943.7355811631455
8984,567.9664377822568,-951.0065276079521
8985,555.8741124379055,-958.1248671866165
8986,543.6925866477046,-965.089457627804
8987,531.4238151663499,-971.8991813321184
8988,519.0697667487473,-978.5529455514411
8989,506.6324238340897,-985.0496825642836
8990,494.11378222773806,-991.3883498471223
8991,481.51585078095474,-997.5679302416924
8992,468.8406510685472,-1003.5874321182093
8993,456.0902170644684,-1009.4458895344944
8994,443.2665948154253,-1015.1423623909792
8995,430.3718421125565,-1020.6759365815603
8996,417.4080281612167,-1026.0457241402867
8997,404.37723324893585,-1031.2508633838502
8998,391.2815484115973,-1036.2905190498577
8999,378.1230750978934,-1041.1638824308657
9000,364.90392483210593,-1045.8701715041525
9001,351.6262188752742,-1050.4086310572084
9002,338.2920878847979,-1054.7785328089233
9003,324.90367157253496,-1058.9791755264532
9004,311.46311836144224,-1063.0098851377475
9005,297.9725850408206,-1066.870014839714
9006,284.4342364202201,-1070.558945202013
9007,270.8502449820532,-1074.0760842664556
9008,257.2227905329812,-1077.4208676419937
9009,243.55405985412102,-1080.5927585952888
9010,229.8462463501365,-1083.591248136839
9011,216.10154969726472,-1086.4158551026587
9012,202.3221754903384,-1089.066126231487
9013,188.51033488885395,-1091.5416362375247
9014,174.66824426215175,-1093.841987878678
9015,160.79812483375565,-1095.9668120203041
9016,146.90220232493843,-1097.9157676944455
9017,132.98270659756278,-1099.6885421545444
9018,119.04187129625592,-1101.2848509256296
9019,105.08193348998104,-1102.7044378499652
9020,91.10513331305673,-1103.9470751281563
9021,77.11371360568724,-1105.0125633557025
9022,63.10991955405371,-1105.9007315549989
9023,49.09599833003384,-1106.611437202769
9024,35.07419873059985,-1107.1445662529384
9025,21.0467708169594,-1107.5000331549336
9026,7.015965553485872,-1107.6777808674112
9027,-7.015965553486092,-1107.6777808674112
9028,-21.04677081695962,-1107.5000331549336
9029,-35.07419873060106,-1107.1445662529384
9030,-49.09599833003454,-1106.611437202769
9031,-63.10991955405443,-1105.9007315549989
9032,-77.11371360568795,-1105.0125633557025
9033,-91.10513331305793,-1103.947075128156
9034,-105.08193348998175,-1102.7044378499652
9035,-119.04187129625615,-1101.2848509256296
9036,-132.982706597563,-1099.6885421545444
9037,-146.90220232493863,-1097.9157676944455
9038,-160.79812483375582,-1095.966812020304
9039,-174.66824426215194,-1093.8419878786779
9040,-188.51033488885466,-1091.5416362375247
9041,-202.3221754903391,-1089.0661262314868
9042,-216.10154969726594,-1086.4158551026585
9043,-229.84624635013722,-1083.591248136839
9044,-243.5540598541217,-1080.5927585952888
9045,-257.2227905329814,-1077.4208676419937
9046,-270.85024498205337,-1074.0760842664556
9047,-284.4342364202204,-1070.558945202013
9048,-297.97258504082083,-1066.870014839714
9049,-311.4631183614424,-1063.0098851377472
9050,-324.90367157253564,-1058.9791755264532
9051,-338.2920878847991,-1054.7785328089228
9052,-351.6262188752749,-1050.4086310572081
9053,-364.9039248321066,-1045.8701715041523
9054,-378.12307509789406,-1041.1638824308654
9055,-391.2815484115984,-1036.2905190498573
9056,-404.3772332489361,-1031.25086338385
9057,-417.40802816121686,-1026.0457241402867
9058,-430.3718421125567,-1020.6759365815602
9059,-443.26659481542555,-1015.1423623909792
9060,-456.0902170644686,-1009.4458895344943
9061,-468.84065106854786,-1003.587432118209
9062,-481.51585078095536,-997.567930241692
9063,-494.1137822277387,-991.388349847122
9064,-506.6324238340908,-985.0496825642831
9065,-519.069766748748,-978.5529455514408
9066,-531.42381516635,-971.8991813321182
9067,-543.6925866477048,-965.0894576278038
9068,-555.8741124379056,-958.1248671866164
9069,-567.9664377822569,-951.006527607952
9070,-579.9676222399496,-943.7355811631454
9071,-591.8757399954433,-936.3131946121699
9072,-603.6888801674986,-928.7405590164092
9073,-615.4051471158139,-921.0188895475293
9074,-627.0226607452161,-913.1494252924821
9075,-638.5395568073578,-905.133429054669
9076,-649.9539871998708,-896.9721871513024
9077,-661.26412026293,-888.6670092069886
9078,-672.4681410731744,-880.2192279435787
9079,-683.564251734949,-871.6301989663046
9080,-694.55067166881,-862.9013005462476
9081,-705.4256378972509,-854.0339333991697
9082,-716.1874053276074,-845.0295204607411
9083,-726.834247032088,-835.8895066582056
9084,-737.3644545248945,-826.6153586785122
9085,-747.7763380363789,-817.2085647329596
9086,-758.0682267841999,-807.6706343183833
9087,-768.2384692414286,-798.0030979749309
9088,-778.285433401572,-788.2075070404543
9089,-788.2075070404543,-778.2854334015719
9090,-798.003097974931,-768.2384692414286
9091,-807.6706343183841,-758.0682267841989
9092,-817.20856473296,-747.7763380363783
9093,-826.6153586785127,-737.364454524894
9094,-835.889506658206,-726.8342470320875
9095,-845.0295204607417,-716.1874053276068
9096,-854.0339333991699,-705.4256378972505
9097,-862.9013005462477,-694.5506716688099
9098,-871.630198966305,-683.5642517349486
9099,-880.2192279435789,-672.4681410731744
9100,-888.667009206989,-661.2641202629295
9101,-896.9721871513027,-649.9539871998702
9102,-905.1334290546696,-638.5395568073573
9103,-913.1494252924821,-627.022660745216
9104,-921.0188895475296,-615.4051471158135
9105,-928.7405590164095,-603.688880167498
9106,-936.3131946121699,-591.8757399954432
9107,-943.7355811631458,-579.967622239949
9108,-951.0065276079524,-567.9664377822561
9109,-958.1248671866165,-555.8741124379055
9110,-965.0894576278042,-543.6925866477043
9111,-971.8991813321184,-531.4238151663499
9112,-978.5529455514409,-519.0697667487478
9113,-985.0496825642833,-506.63242383409016
9114,-991.3883498471223,-494.1137822277381
9115,-997.567930241692,-481.5158507809552
9116,-1003.5874321182092,-468.84065106854723
9117,-1009.4458895344948,-456.0902170644676
9118,-1015.1423623909792,-443.2665948154254
9119,-1020.6759365815604,-430.3718421125562
9120,-1026.0457241402867,-417.40802816121675
9121,-1031.2508633838504,-404.37723324893545
9122,-1036.2905190498577,-391.2815484115969
9123,-1041.1638824308657,-378.12307509789343
9124,-1045.8701715041523,-364.90392483210644
9125,-1050.4086310572081,-351.62621887527433
9126,-1054.7785328089233,-338.292087884798
9127,-1058.9791755264532,-324.90367157253553
9128,-1063.0098851377475,-311.46311836144184
9129,-1066.870014839714,-297.9725850408207
9130,-1070.5589452020133,-284.43423642021975
9131,-1074.0760842664558,-270.85024498205274
9132,-1077.4208676419935,-257.22279053298223
9133,-1080.5927585952888,-243.55405985412156
9134,-1083.591248136839,-229.84624635013657
9135,-1086.4158551026585,-216.10154969726577
9136,-1089.0661262314868,-202.32217549033896
9137,-1091.5416362375247,-188.510334888854
9138,-1093.841987878678,-174.6682442621518
9139,-1095.9668120203041,-160.79812483375525
9140,-1097.9157676944453,-146.90220232493897
9141,-1099.6885421545444,-132.98270659756287
9142,-1101.2848509256296,-119.0418712962555
9143,-1102.7044378499652,-105.08193348998111
9144,-1103.947075128156,-91.10513331305678
9145,-1105.0125633557025,-77.11371360568779
9146,-1105.9007315549989,-63.10991955405378
9147,-1106.611437202769,-49.0959983300334
9148,-1107.1445662529384,-35.074198730600415
9149,-1107.5000331549336,-21.046770816958972
9150,-1107.6777808674112,-7.015965553484955
9151,-1107.6777808674112,7.015965553486517
9152,-1107.5000331549336,21.04677081696053
9153,-1107.1445662529384,35.07419873060001
9154,-1106.611437202769,49.09599833003398
9155,-1105.9007315549989,63.10991955405436
9156,-1105.0125633557025,77.11371360568738
9157,-1103.947075128156,91.10513331305738
9158,-1102.7044378499652,105.08193348998071
9159,-1101.2848509256296,119.04187129625606
9160,-1099.6885421545444,132.98270659756344
9161,-1097.9157676944455,146.90220232493857
9162,-1095.966812020304,160.7981248337558
9163,-1093.8419878786779,174.66824426215237
9164,-1091.5416362375247,188.51033488885457
9165,-1089.0661262314868,202.32217549033953
9166,-1086.4158551026587,216.10154969726537
9167,-1083.591248136839,229.84624635013716
9168,-1080.5927585952884,243.5540598541221
9169,-1077.4208676419937,257.22279053298183
9170,-1074.0760842664554,270.8502449820542
9171,-1070.558945202013,284.4342364202202
9172,-1066.8700148397138,297.97258504082123
9173,-1063.009885137747,311.4631183614434
9174,-1058.9791755264532,324.90367157253513
9175,-1054.7785328089233,338.29208788479855
9176,-1050.4086310572084,351.6262188752739
9177,-1045.8701715041525,364.9039248321061
9178,-1041.1638824308654,378.123075097894
9179,-1036.2905190498577,391.28154841159744
9180,-1031.25086338385,404.37723324893597
9181,-1026.0457241402867,417.4080281612173
9182,-1020.6759365815602,430.37184211255664
9183,-1015.142362390979,443.2665948154259
9184,-1009.4458895344945,456.0902170644681
9185,-1003.587432118209,468.8406510685478
9186,-997.5679302416918,481.51585078095576
9187,-991.388349847122,494.1137822277386
9188,-985.0496825642831,506.63242383409073
9189,-978.552945551441,519.0697667487474
9190,-971.8991813321181,531.4238151663504
9191,-965.0894576278033,543.6925866477056
9192,-958.124867186616,555.874112437906
9193,-951.0065276079516,567.9664377822572
9194,-943.7355811631448,579.9676222399504
9195,-936.3131946121696,591.8757399954436
9196,-928.7405590164086,603.6888801674993
9197,-921.0188895475299,615.4051471158131
9198,-913.1494252924824,627.0226607452156
9199,-905.1334290546691,638.5395568073577
9200,-896.9721871513024,649.9539871998707
9201,-888.6670092069886,661.26412026293
9202,-880.2192279435791,672.4681410731739
9203,-871.6301989663046,683.564251734949
9204,-862.9013005462473,694.5506716688103
9205,-854.0339333991697,705.4256378972508
9206,-845.0295204607411,716.1874053276074
9207,-835.889506658206,726.8342470320875
9208,-826.6153586785124,737.3644545248944
9209,-817.2085647329593,747.7763380363792
9210,-807.6706343183837,758.0682267841993
9211,-798.0030979749306,768.2384692414289
9212,-788.2075070404536,778.2854334015726
9213,-778.2854334015717,788.2075070404547
9214,-768.2384692414278,798.0030979749316
9215,-758.0682267841989,807.6706343183841
9216,-747.7763380363781,817.2085647329603
9217,-737.3644545248933,826.6153586785133
9218,-726.8342470320879,835.8895066582056
9219,-716.1874053276069,845.0295204607417
9220,-705.4256378972511,854.0339333991694
9221,-694.55067166881,862.9013005462476
9222,-683.5642517349487,871.6301989663049
9223,-672.4681410731744,880.2192279435787
9224,-661.2641202629295,888.667009206989
9225,-649.9539871998703,896.9721871513026
9226,-638.5395568073574,905.1334290546694
9227,-627.0226607452151,913.1494252924826
9228,-615.4051471158135,921.0188895475296
9229,-603.688880167498,928.7405590164095
9230,-591.8757399954424,936.3131946121704
9231,-579.967622239949,943.7355811631456
9232,-567.9664377822561,951.0065276079524
9233,-555.8741124379056,958.1248671866164
9234,-543.6925866477044,965.0894576278041
9235,-531.4238151663491,971.8991813321187
9236,-519.069766748747,978.5529455514413
9237,-506.63242383408937,985.0496825642838
9238,-494.1137822277391,991.3883498471217
9239,-481.51585078095525,997.567930241692
9240,-468.8406510685473,1003.5874321182092
9241,-456.09021706446856,1009.4458895344943
9242,-443.26659481542544,1015.1423623909792
9243,-430.37184211255624,1020.6759365815604
9244,-417.4080281612168,1026.0457241402867
9245,-404.3772332489355,1031.2508633838504
9246,-391.28154841159784,1036.2905190498575
9247,-378.1230750978935,1041.1638824308657
9248,-364.9039248321056,1045.8701715041527
9249,-351.6262188752744,1050.4086310572081
9250,-338.29208788479804,1054.7785328089233
9251,-324.9036715725356,1058.9791755264532
9252,-311.4631183614419,1063.0098851377475
9253,-297.97258504081975,1066.8700148397143
9254,-284.4342364202198,1070.558945202013
9255,-270.8502449820528,1074.0760842664558
9256,-257.22279053298035,1077.420867641994
9257,-243.55405985412068,1080.5927585952888
9258,-229.8462463501357,1083.5912481368393
9259,-216.10154969726582,1086.4158551026585
9260,-202.32217549033902,1089.0661262314868
9261,-188.51033488885406,1091.5416362375247
9262,-174.66824426215186,1093.8419878786779
9263,-160.7981248337553,1095.9668120203041
9264,-146.90220232493903,1097.9157676944453
9265,-132.98270659756292,1099.6885421545444
9266,-119.04187129625556,1101.2848509256296
9267,-105.08193348998117,1102.7044378499652
9268,-91.10513331305687,1103.947075128156
9269,-77.11371360568687,1105.0125633557025
9270,-63.10991955405386,1105.9007315549989
9271,-49.095998330033474,1106.611437202769
9272,-35.074198730600486,1107.1445662529384
9273,-21.04677081695904,1107.5000331549336
9274,-7.015965553485024,1107.6777808674112
9275,0.0,1147.0120000000002
9276,14.048165225507722,1146.9259684904675
9277,28.094223088824794,1146.667886867438
9278,42.13606654388549,1146.237793845679
9279,56.171589176826586,1145.635753943351
9280,70.19868552196995,1144.8618574723275
9281,84.21525137766307,1143.916220524649
9282,98.21918412192981,1142.798984955107
9283,112.20838302788444,1141.5103183599647
9284,126.1807495788609,1140.050414051816
9285,140.13418778321113,1138.4194910305866
9286,154.06660448872424,1136.6177939506822
9287,167.97590969661968,1134.645593084287
9288,181.86001687506766,1132.5031842808216
9289,195.71684327218918,1130.1908889225615
9290,209.54431022848956,1127.7090538764273
9291,223.34034348867704,1125.0580514419512
9292,237.10287351282187,1122.2382792954281
9293,250.82983578680756,1119.2501604302604
9294,264.5191711320278,1116.094143093505
9295,278.1688260142838,1112.770700718632
9296,291.77675285183426,1109.2803318545048
9297,305.3409103225528,1105.623560090592
9298,318.8592636701461,1101.8009339784264
9299,332.3297850093872,1097.813026949314
9300,345.75045363031865,1093.660437228315
9301,359.1192563013779,1089.343787744505
9302,372.43418757140245,1084.8637260375285
9303,385.69325007046683,1080.2209241604612
9304,398.8944548095077,1075.4160785789963
9305,412.0358214786916,1070.4499100669682
9306,425.1153787444807,1065.3231635982281
9307,438.1311645453526,1060.036608234892
9308,451.081226386128,1054.5910370119723
9309,463.96362163086474,1048.9872668184169
9310,476.77641779427177,1043.2261382745653
9311,489.51769283160104,1037.30851560605
9312,502.185535426973,1031.235286514152
9313,514.7780452800926,1025.0073620426379
9314,527.293333391313,1018.6256764410948
9315,539.7295223450039,1012.091187024783
9316,552.0847465911825,1005.4048740310295
9317,564.3571527253637,998.5677404721829
9318,576.5448997665898,991.580811985152
9319,588.6461594335944,984.4451366775497
9320,600.6591164190638,977.1617849704674
9321,612.5819686619499,969.7318494379001
9322,624.4129276177972,962.1564446428512
9323,636.1502185270425,954.4367069701356
9324,647.7920806812455,946.573794455912
9325,659.3367676872124,938.5688866139656
9326,670.7825477289728,930.4231842587699
9327,682.1277038275671,922.1379093253522
9328,693.3705340986128,913.7143046859915
9329,704.5093520076014,905.1536339637763
9330,715.5424866228965,896.457181343048
9331,726.4682828663892,887.6262513767606
9332,737.2851017617769,878.6621687907854
9333,747.9913206804243,869.5662782851891
9334,758.5853335847747,860.3399443325158
9335,769.0655512692713,850.984550973102
9336,779.430401598753,841.5015016074583
9337,789.6783297442906,831.8922187857438
9338,799.807798416426,822.1581439943718
9339,809.8172880957807,812.3007374397708
9340,819.7052972609989,802.321477829341
9341,829.4703426139899,792.221862149632
9342,839.1109593024378,782.0034054417813
9343,848.6257011395431,771.6676405742433
9344,858.0131408209653,761.216118012843
9345,867.2718701389327,750.6504055881929
9346,876.4005001934868,739.9720882605009
9347,885.3976616008312,729.182767881812
9348,894.2620046987523,718.2840629557147
9349,902.9921997490823,707.2776083945497
9350,911.5869371371724,696.1650552741564
9351,920.0449275683484,684.9480705861964
9352,928.3649022613168,673.6283369880873
9353,936.5456131384952,662.2075525505884
9354,944.5858330132354,650.6874305030739
9355,952.4843557739135,639.0696989765304
9356,960.2399965648596,627.3561007443212
9357,967.8515919640955,615.5483929607536
9358,975.3180001578619,603.6483468974875
9359,982.6381011118996,591.6577476778282
9360,989.8107967394668,579.5783940089403
9361,996.8350110660622,567.4120979120237
9362,1003.7096903908324,555.160684450493
9363,1010.4338034446363,542.8259914562
9364,1017.0063415447466,530.409869253741
9365,1023.4263187461614,517.91418038289
9366,1029.6927719895061,505.34079931919945
9367,1035.8047612455011,492.69161219281045
9368,1041.7613696559758,479.96851650551594
9369,1047.5617036714063,467.1734208461144
9370,1053.204893184957,454.3082446041055
9371,1058.6900916630036,441.37491768176136
9372,1064.016476272123,428.3753802046225
9373,1069.1832480025262,415.3115822304613
9374,1074.1896317879164,402.18548345675174
9375,1079.0348766217578,388.9990529266982
9376,1083.7182556699338,375.75426873385817
9377,1088.239066379778,362.4531177254093
9378,1092.5966305854656,349.09759520410364
9379,1096.7902946097436,335.68970462895084
9380,1100.81942936199,322.2314573146815
9381,1104.683430432582,308.72487213002955
9382,1108.3817181835652,295.17197519488224
9383,1111.9137378356033,281.57479957634246
9384,1115.2789595512015,267.9353849837486
9385,1118.4768785141869,254.25577746269826
9386,1121.5070150054357,240.53802908812162
9387,1124.3689144748357,226.78419765645006
9388,1127.0621476094746,212.99634637692546
9389,1129.586310398039,199.17654356210122
9390,1131.9410241914213,185.32686231757248
9391,1134.125935759521,171.44938023099132
9392,1136.1407173442321,157.54617906040835
9393,1137.9850667086098,143.61934442198734
9394,1139.6587071822096,129.67096547714485
9395,1141.1613877025907,115.70313461915318
9396,1142.492882852977,101.7179471592621
9397,1143.6529928960722,87.71750101238165
9398,1144.6415438040226,73.70389638237322
9399,1145.4583872845237,59.67923544700083
9400,1146.1034008030629,45.64562204258147
9401,1146.5764876013038,31.605161348390304
9402,1146.8775767115992,17.559959570863175
9403,1147.0066229676377,3.512123627643788
9404,1146.9636070112188,-10.536239168472003
9405,1146.7485352951562,-24.583021425656277
9406,1146.3614400823114,-38.62611598917716
9407,1145.8023794407527,-52.66341625749263
9408,1145.071437235044,-66.69281649826264
9409,1144.1687231136661,-80.71221216422707
9410,1143.0943724925667,-94.7195002089108
9411,1141.848546534847,-108.71257940210016
9412,1140.4314321265863,-122.68935064504788
9413,1138.843241848807,-136.64771728535976
9414,1137.0842139455854,-150.5855854315105
9415,1135.1546122883115,-164.50086426695046
9416,1133.054726336108,-178.3914663637472
9417,1130.7848710924068,-192.2553079957204
9418,1128.3453870576961,-206.09030945102197
9419,1125.7366401784425,-219.89439534411105
9420,1122.9590217921939,-233.6654949270842
9421,1120.0129485688763,-247.40154240030793
9422,1116.89886244829,-261.1004772223063
9423,1113.6172305738114,-274.7602444188661
9424,1110.16854522232,-288.37879489129887
9425,1106.5533237303507,-301.95408572382985
9426,1102.772108416488,-315.4840804900526
9427,1098.8254665000138,-328.9667495584128
9428,1094.7139900158177,-342.4000703966757
9429,1090.4382957255877,-355.7820278753215
9430,1085.9990250252881,-369.1106145698386
9431,1081.396843848945,-382.38383106185427
9432,1076.6324425687496,-395.59968623906707
9433,1071.706535891495,-408.7561975939355
9434,1066.6198627513634,-421.8513915210698
9435,1061.3731861990796,-434.883303613296
9436,1055.9672932874446,-447.8499789563336
9437,1050.402994953271,-460.74947242205167
9438,1044.6811258957339,-473.57984896025977
9439,1038.8025444511582,-486.3391838889808
9440,1032.7681324642597,-499.02556318317556
9441,1026.57879515586,-511.63708376186264
9442,1020.2354609870937,-524.1718537736004
9443,1013.7390815201312,-536.6279928802829
9444,1007.0906312754345,-549.0036325392092
9445,1000.2911075855696,-561.2969162833828
9446,993.3415304455967,-573.5059999999999
9447,986.2429423600619,-585.6290522070844
9448,978.9964081866098,-597.6642543282284
9449,971.6030149762458,-609.6098009653957
9450,964.0638718102672,-621.4639001697501
9451,956.38010963389,-633.2247737104644
9452,948.5528810865967,-644.890657341473
9453,940.5833603292284,-656.4598010661257
9454,932.4727428678495,-667.9304693997047
9455,924.2222453744101,-679.300941629764
9456,915.8331055042336,-690.5695120742529
9457,907.3065817103554,-701.7344903373856
9458,898.6439530547439,-712.7942015632168
9459,889.846519016427,-723.7469866868862
9460,880.9155992965605,-734.591202683494
9461,871.8525336204557,-745.325222814573
9462,862.6586815366109,-755.9474368721126
9463,853.3354222127658,-766.4562514201061
9464,843.8841542290103,-776.8500900335844
9465,834.3062953679861,-787.1273935350919
9466,824.6032824022044,-797.2866202285793
9467,814.7765708785165,-807.3262461306743
9468,804.8276348997673,-817.2447651992928
9469,794.757966903665,-827.0406895595604
9470,784.5690774389028,-836.7125497270071
9471,774.2624949385581,-846.2588948280069
9472,763.839765490816,-855.6782928174205
9473,753.3024526070402,-864.9693306934173
9474,742.6521369872295,-874.130614709439
9475,731.8904162828992,-883.1607705832755
9476,721.0189048574164,-892.0584437032205
9477,710.0392335438308,-900.8222993312775
9478,698.9530494002329,-909.4510228033811
9479,687.762015462679,-917.9433197266127
9480,676.4678104957218,-926.2979161733683
9481,665.0721287405754,-934.513558872465
9482,653.5766796609661,-942.5890153971387
9483,641.9831876866933,-950.5230743499246
9484,630.2933919549516,-958.314545544375
9485,618.5090460494398,-965.9622601836018
9486,606.6319177373076,-973.4650710356057
9487,594.6637887039739,-980.821852605373
9488,582.606454285855,-988.0315013037108
9489,570.461723201048,-995.0929356127956
9490,558.231417278005,-1002.0050962484125
9491,545.91737118224,-1008.7669463188574
9492,533.5214321411137,-1015.3774714804813
9493,521.0454596667266,-1021.8356800898518
9494,508.4913252769805,-1028.1406033525086
9495,495.8609122148268,-1034.2912954682934
9496,483.15611516576456,-1040.2868337732275
9497,470.3788399736182,-1046.1263188779228
9498,457.5310033546427,-1051.8088748024968
9499,444.61453260999764,-1057.3336491079785
9500,431.63136533663084,-1062.6998130241843
9501,418.5834491366248,-1067.9065615740392
9502,405.47274132503264,-1072.9531136943326
9503,392.3012086362622,-1077.8387123528864
9504,379.0708269290505,-1082.5626246621146
9505,365.7835808900613,-1087.1241419889654
9506,352.44146373616445,-1091.5225800612236
9507,339.0464769154341,-1095.7572790701563
9508,325.6006298069112,-1099.8276037694923
9509,312.1059394191781,-1103.7329435707138
9510,298.5644300877847,-1107.472712634653
9511,284.97813317158324,-1111.0463499593704
9512,271.34908674800056,-1114.4533194643132
9513,257.67933530730596,-1117.693110070732
9514,243.97092944592262,-1120.7652357783468
9515,230.2259255588128,-1123.6692357382526
9516,216.44638553100114,-1126.404674322051
9517,202.6343764282712,-1128.9711411871988
9518,188.79197018708533,-1131.3682513385636
9519,174.92124330377447,-1133.5956451861757
9520,161.02427652304098,-1135.6529885991722
9521,147.10315452583131,-1137.5399729559176
9522,133.15996561660924,-1139.2563151903016
9523,119.19680141008978,-1140.8017578342015
9524,105.21575651748073,-1142.1760690561043
9525,91.21892823226587,-1143.3790426958844
9526,77.20841621559265,-1144.4104982957297
9527,63.18632218130209,-1145.270281127211
9528,49.15474958065118,-1145.9582622144944
9529,35.115803286775034,-1146.4743383536872
9530,21.071589278932898,-1146.8184321283209
9531,7.024214326595623,-1146.990491920964
9532,-7.024214326594833,-1146.990491920964
9533,-21.071589278932617,-1146.818432128321
9534,-35.11580328677425,-1146.4743383536872
9535,-49.1547495806509,-1145.9582622144944
9536,-63.18632218130131,-1145.270281127211
9537,-77.20841621559237,-1144.4104982957297
9538,-91.2189282322656,-1143.3790426958844
9539,-105.21575651747995,-1142.1760690561043
9540,-119.19680141008948,-1140.8017578342015
9541,-133.15996561660847,-1139.2563151903016
9542,-147.10315452583052,-1137.5399729559176
9543,-161.0242765230407,-1135.6529885991722
9544,-174.92124330377376,-1133.5956451861762
9545,-188.79197018708504,-1131.3682513385636
9546,-202.6343764282704,-1128.971141187199
9547,-216.44638553100086,-1126.404674322051
9548,-230.2259255588125,-1123.6692357382526
9549,-243.97092944592185,-1120.7652357783468
9550,-257.6793353073057,-1117.693110070732
9551,-271.34908674799976,-1114.4533194643134
9552,-284.9781331715825,-1111.0463499593707
9553,-298.56443008778444,-1107.4727126346531
9554,-312.1059394191774,-1103.732943570714
9555,-325.60062980691094,-1099.8276037694923
9556,-339.04647691543335,-1095.7572790701565
9557,-352.4414637361642,-1091.5225800612236
9558,-365.78358089006105,-1087.1241419889657
9559,-379.0708269290498,-1082.5626246621148
9560,-392.3012086362619,-1077.8387123528867
9561,-405.4727413250319,-1072.9531136943328
9562,-418.58344913662404,-1067.9065615740394
9563,-431.6313653366306,-1062.6998130241843
9564,-444.6145326099969,-1057.3336491079788
9565,-457.531003354642,-1051.808874802497
9566,-470.37883997361746,-1046.1263188779233
9567,-483.1561151657643,-1040.2868337732277
9568,-495.86091221482656,-1034.2912954682934
9569,-508.49132527697975,-1028.1406033525088
9570,-521.0454596667264,-1021.835680089852
9571,-533.521432141113,-1015.3774714804816
9572,-545.9173711822393,-1008.7669463188579
9573,-558.2314172780042,-1002.0050962484129
9574,-570.4617232010478,-995.0929356127957
9575,-582.6064542858542,-988.031501303711
9576,-594.6637887039731,-980.8218526053734
9577,-606.6319177373074,-973.4650710356058
9578,-618.5090460494396,-965.962260183602
9579,-630.293391954951,-958.3145455443755
9580,-641.9831876866931,-950.5230743499247
9581,-653.5766796609653,-942.5890153971391
9582,-665.0721287405746,-934.5135588724654
9583,-676.4678104957212,-926.2979161733689
9584,-687.7620154626791,-917.9433197266126
9585,-698.9530494002322,-909.4510228033816
9586,-710.0392335438303,-900.8222993312779
9587,-721.0189048574163,-892.058443703221
9588,-731.890416282899,-883.1607705832756
9589,-742.652136987229,-874.1306147094394
9590,-753.30245260704,-864.9693306934174
9591,-763.8397654908159,-855.6782928174208
9592,-774.2624949385576,-846.2588948280076
9593,-784.5690774389022,-836.7125497270075
9594,-794.7579669036653,-827.0406895595603
9595,-804.8276348997668,-817.2447651992933
9596,-814.7765708785159,-807.3262461306749
9597,-824.6032824022042,-797.2866202285795
9598,-834.3062953679857,-787.127393535092
9599,-843.8841542290097,-776.850090033585
9600,-853.3354222127654,-766.4562514201068
9601,-862.6586815366111,-755.9474368721125
9602,-871.8525336204551,-745.3252228145734
9603,-880.9155992965599,-734.5912026834945
9604,-889.8465190164269,-723.7469866868864
9605,-898.6439530547433,-712.7942015632174
9606,-907.306581710355,-701.7344903373862
9607,-915.8331055042331,-690.5695120742536
9608,-924.2222453744098,-679.3009416297647
9609,-932.472742867849,-667.9304693997054
9610,-940.5833603292278,-656.4598010661263
9611,-948.5528810865964,-644.8906573414737
9612,-956.3801096338897,-633.2247737104651
9613,-964.0638718102667,-621.4639001697507
9614,-971.6030149762454,-609.6098009653964
9615,-978.9964081866094,-597.664254328229
9616,-986.2429423600615,-585.629052207085
9617,-993.3415304455965,-573.5060000000005
9618,-1000.2911075855692,-561.2969162833834
9619,-1007.0906312754341,-549.0036325392099
9620,-1013.739081520131,-536.6279928802836
9621,-1020.2354609870933,-524.1718537736011
9622,-1026.5787951558596,-511.6370837618634
9623,-1032.7681324642595,-499.02556318317636
9624,-1038.8025444511577,-486.33918388898155
9625,-1044.6811258957334,-473.5798489602603
9626,-1050.4029949532708,-460.74947242205235
9627,-1055.9672932874444,-447.8499789563341
9628,-1061.3731861990793,-434.8833036132968
9629,-1066.6198627513631,-421.8513915210705
9630,-1071.7065358914947,-408.756197593936
9631,-1076.6324425687494,-395.59968623906786
9632,-1081.3968438489449,-382.3838310618548
9633,-1085.999025025288,-369.11061456983936
9634,-1090.4382957255875,-355.7820278753222
9635,-1094.7139900158177,-342.4000703966762
9636,-1098.8254665000136,-328.96674955841354
9637,-1102.772108416488,-315.4840804900531
9638,-1106.5533237303505,-301.9540857238306
9639,-1110.1685452223198,-288.3787948912996
9640,-1113.6172305738112,-274.7602444188666
9641,-1116.89886244829,-261.1004772223071
9642,-1120.0129485688763,-247.40154240030847
9643,-1122.959021792194,-233.66549492708398
9644,-1125.7366401784423,-219.89439534411156
9645,-1128.3453870576961,-206.0903094510225
9646,-1130.7848710924068,-192.2553079957202
9647,-1133.054726336108,-178.39146636374775
9648,-1135.1546122883115,-164.500864266951
9649,-1137.0842139455854,-150.58558543151003
9650,-1138.843241848807,-136.6477172853603
9651,-1140.4314321265863,-122.68935064504865
9652,-1141.848546534847,-108.71257940210069
9653,-1143.0943724925667,-94.71950020891134
9654,-1144.1687231136661,-80.7122121642276
9655,-1145.071437235044,-66.69281649826318
9656,-1145.8023794407527,-52.66341625749342
9657,-1146.3614400823114,-38.62611598917769
9658,-1146.7485352951562,-24.58302142565681
9659,-1146.9636070112188,-10.536239168472537
9660,-1147.0066229676377,3.5121236276432524
9661,-1146.8775767115992,17.559959570862382
9662,-1146.5764876013038,31.60516134838977
9663,-1146.1034008030629,45.645622042581955
9664,-1145.4583872845237,59.679235447000295
9665,-1144.6415438040226,73.70389638237268
9666,-1143.6529928960722,87.71750101238189
9667,-1142.492882852977,101.71794715926156
9668,-1141.1613877025907,115.70313461915265
9669,-1139.6587071822098,129.6709654771443
9670,-1137.9850667086098,143.6193444219868
9671,-1136.1407173442321,157.54617906040758
9672,-1134.125935759521,171.44938023099078
9673,-1131.9410241914213,185.32686231757194
9674,-1129.5863103980391,199.1765435621007
9675,-1127.0621476094748,212.99634637692495
9676,-1124.368914474836,226.7841976564493
9677,-1121.5070150054357,240.53802908812108
9678,-1118.476878514187,254.25577746269775
9679,-1115.2789595512018,267.93538498374807
9680,-1111.9137378356036,281.57479957634195
9681,-1108.3817181835652,295.1719751948817
9682,-1104.683430432582,308.72487213002904
9683,-1100.8194293619897,322.23145731468196
9684,-1096.7902946097438,335.6897046289503
9685,-1092.5966305854656,349.09759520410313
9686,-1088.2390663797778,362.45311772541
9687,-1083.718255669934,375.75426873385766
9688,-1079.034876621758,388.9990529266977
9689,-1074.1896317879168,402.18548345675026
9690,-1069.1832480025264,415.3115822304608
9691,-1064.0164762721233,428.3753802046222
9692,-1058.6900916630038,441.37491768176085
9693,-1053.2048931849572,454.308244604105
9694,-1047.5617036714068,467.1734208461139
9695,-1041.761369655976,479.9685165055154
9696,-1035.8047612455011,492.6916121928102
9697,-1029.6927719895064,505.340799319199
9698,-1023.4263187461617,517.9141803828895
9699,-1017.0063415447469,530.4098692537406
9700,-1010.4338034446365,542.8259914561995
9701,-1003.7096903908326,555.1606844504926
9702,-996.8350110660624,567.4120979120232
9703,-989.810796739467,579.5783940089398
9704,-982.6381011118998,591.6577476778276
9705,-975.3180001578622,603.6483468974869
9706,-967.8515919640963,615.5483929607523
9707,-960.2399965648598,627.3561007443209
9708,-952.4843557739139,639.06969897653
9709,-944.5858330132362,650.6874305030726
9710,-936.5456131384956,662.207552550588
9711,-928.3649022613173,673.6283369880869
9712,-920.0449275683486,684.9480705861959
9713,-911.5869371371726,696.1650552741561
9714,-902.9921997490825,707.2776083945494
9715,-894.2620046987525,718.2840629557144
9716,-885.3976616008315,729.1827678818117
9717,-876.4005001934871,739.9720882605005
9718,-867.2718701389331,750.6504055881926
9719,-858.0131408209655,761.2161180128428
9720,-848.6257011395434,771.6676405742428
9721,-839.110959302438,782.003405441781
9722,-829.4703426139903,792.2218621496316
9723,-819.7052972609999,802.32147782934
9724,-809.817288095781,812.3007374397707
9725,-799.8077984164262,822.1581439943715
9726,-789.6783297442917,831.8922187857428
9727,-779.4304015987533,841.501501607458
9728,-769.0655512692715,850.9845509731018
9729,-758.5853335847758,860.339944332515
9730,-747.9913206804246,869.5662782851889
9731,-737.2851017617772,878.6621687907851
9732,-726.4682828663897,887.6262513767604
9733,-715.5424866228967,896.4571813430478
9734,-704.5093520076016,905.1536339637761
9735,-693.370534098613,913.7143046859912
9736,-682.1277038275674,922.1379093253518
9737,-670.782547728973,930.4231842587698
9738,-659.3367676872128,938.5688866139654
9739,-647.7920806812458,946.5737944559119
9740,-636.1502185270429,954.4367069701353
9741,-624.4129276177975,962.1564446428509
9742,-612.5819686619501,969.7318494379
9743,-600.659116419065,977.1617849704667
9744,-588.6461594335949,984.4451366775496
9745,-576.5448997665902,991.5808119851517
9746,-564.357152725365,998.5677404721821
9747,-552.0847465911829,1005.4048740310293
9748,-539.7295223450043,1012.0911870247828
9749,-527.2933333913141,1018.6256764410941
9750,-514.7780452800929,1025.0073620426379
9751,-502.1855354269733,1031.2352865141515
9752,-489.5176928316013,1037.3085156060497
9753,-476.7764177942721,1043.2261382745653
9754,-463.9636216308651,1048.9872668184166
9755,-451.0812263861284,1054.5910370119723
9756,-438.13116454535293,1060.0366082348917
9757,-425.11537874448106,1065.323163598228
9758,-412.0358214786919,1070.449910066968
9759,-398.89445480950803,1075.416078578996
9760,-385.69325007046814,1080.2209241604608
9761,-372.43418757140273,1084.8637260375285
9762,-359.1192563013782,1089.343787744505
9763,-345.7504536303199,1093.6604372283145
9764,-332.32978500938754,1097.8130269493138
9765,-318.8592636701464,1101.8009339784262
9766,-305.3409103225541,1105.6235600905918
9767,-291.7767528518346,1109.2803318545045
9768,-278.16882601428415,1112.770700718632
9769,-264.5191711320291,1116.0941430935047
9770,-250.82983578680788,1119.2501604302602
9771,-237.1028735128222,1122.238279295428
9772,-223.34034348867834,1125.058051441951
9773,-209.54431022848988,1127.7090538764273
9774,-195.71684327218955,1130.1908889225615
9775,-181.86001687506794,1132.5031842808216
9776,-167.97590969661996,1134.645593084287
9777,-154.06660448872452,1136.6177939506822
9778,-140.13418778321144,1138.4194910305866
9779,-126.18074957886118,1140.050414051816
9780,-112.20838302788574,1141.5103183599647
9781,-98.21918412193013,1142.798984955107
9782,-84.21525137766335,1143.916220524649
9783,-70.19868552197126,1144.8618574723273
9784,-56.17158917682688,1145.635753943351
9785,-42.13606654388579,1146.237793845679
9786,-28.094223088826094,1146.667886867438
9787,-14.048165225508004,1146.9259684904675
9788,7.022844455242374,1187.0052250650617
9789,21.067550082396167,1186.839029948681
9790,35.109305997228674,1186.5066629852497
9791,49.146146183745046,1186.008170710171
9792,63.17610531421196,1185.343622918404
9793,77.19721902432734,1184.5131126546933
9794,91.20752418825512,1183.5167562005404
9795,105.20505919348675,1182.354693057923
9796,119.18786421549056,1181.0270859297639
9797,133.15398149211117,1179.53412069715
9798,147.10145559767963,1177.8760063933064
9799,161.028333716797,1176.0529751743295
9800,174.93266591775196,1174.065282286683
9801,188.81250542553505,1171.913206031459
9802,202.66590889441042,1169.5970477254134
9803,216.49093668000847,1167.1171316587777
9804,230.28565311089872,1164.4738050498547
9805,244.04812675960795,1161.667437996403
9806,257.7764307130429,1158.6984234238191
9807,271.4686428422821,1155.5671770301237
9808,285.1228460716966,1152.2741372277587
9809,298.7371286473641,1148.819765082203
9810,312.3095844047377,1145.2045442474196
9811,325.83831303553166,1141.4289808981366
9812,339.3214203537882,1137.493603658978
9813,352.75701856108617,1133.3989635304479
9814,366.14322651085536,1129.1456338117862
9815,379.47816997176045,1124.7342100206981
9816,392.7599818901157,1120.1653098099746
9817,405.9868026512952,1115.4395728810139
9818,419.1567803401017,1110.5576608942554
9819,432.2680710000565,1105.5202573765396
9820,445.3188388915765,1100.3280676254053
9821,458.30725674899946,1094.9818186103396
9822,471.2315060364237,1089.4822588709942
9823,484.08977720232474,1083.8301584123794
9824,496.8802699329148,1078.0263085970555
9825,509.60119340420835,1072.0715220343309
9826,522.2507665327594,1065.9666324664884
9827,534.8272182250346,1059.71249465205
9828,547.3287876253875,1053.309984246102
9829,559.7537243626002,1046.7599976776903
9830,572.1002887949566,1040.0634520243116
9831,584.3667522538127,1033.22128488351
9832,596.5513972856313,1026.234454241603
9833,608.6525178924472,1019.1039383395515
9834,620.6684197707262,1011.8307355359935
9835,632.5974205485895,1004.4158641674629
9836,644.4378500213646,996.8603624058092
9837,656.1880503854359,989.1652881128415
9838,667.8463764703562,981.3317186922145
9839,679.4111959691907,973.360750938579
9840,690.8808896670593,965.2535008840179
9841,702.2538516678482,957.0111036417876
9842,713.5284896190523,948.634713247388
9843,724.703224934725,940.1255024969855
9844,735.7764930165001,931.4846627832046
9845,746.7467434726533,922.7134039283203
9846,757.6124403351762,913.812954014868
9847,768.3720622748309,904.7845592136966
9848,779.024102814154,895.6294836094905
9849,789.5670705383818,886.3490090237807
9850,799.9994893042668,876.9444348354762
9851,810.319898446755,867.4170777989333
9852,820.5268529834974,857.7682718595962
9853,830.6189238171645,847.9993679672265
9854,840.5946979355379,838.1117338867546
9855,850.4527786093479,828.1067540067763
9856,860.191785587834,817.9858291457218
9857,869.8103552919958,807.750376355723
9858,879.3071410055111,797.4018287242101
9859,888.6808130632915,786.941635173262
9860,897.9300590376533,776.3712602567387
9861,907.053583922072,765.6921839552269
9862,916.0501103124988,754.9059014688249
9863,924.918378586214,744.0139230077951
9864,933.6571470781876,733.0177735811185
9865,942.2651922549292,721.9189927829727
9866,950.7413088857961,710.7191345771713
9867,959.0843102117414,699.4197670795902
9868,967.2930281114735,688.0224723386121
9869,975.3663132650082,676.5288461136199
9870,983.303035314587,664.9404976515721
9871,991.1020830229405,653.2590494616883
9872,998.7623644288759,641.4861370882782
9873,1006.2828070001646,629.6234088817455
9874,1013.6623577837089,617.6725257677991
9875,1020.8999835529689,605.6351610149035
9876,1027.994670952627,593.5130000000001
9877,1034.9454266404696,581.3077399725349
9878,1041.7512774264667,569.0210898168231
9879,1048.4112704090307,556.6547698127831
9880,1054.9244731084339,544.210511395079
9881,1061.2899735973674,531.6900569106962
9882,1067.5068806286217,519.0951593749932
9883,1073.574323759872,506.4275822262584
9884,1079.491453475551,493.68909907880527
9885,1085.257441305791,480.88149347464787
9886,1090.8714799424195,468.00655863378165
9887,1096.3327833519938,455.0660972031103
9888,1101.640586885852,442.0619210040555
9889,1106.794147387177,428.99585077887673
9890,1111.792743295044,415.86971593574896
9891,1116.63567474545,402.6853542926212
9892,1121.3222636693022,389.4446118198992
9893,1125.8518538873564,376.1493423819891
9894,1130.2238112020893,362.8014074777328
9895,1134.4375234864951,349.4026759797753
9896,1138.4924007697896,335.9550238729003
9897,1142.387875320013,322.4603339913702
9898,1146.1234017235215,308.9204957553051
9899,1149.6984569613483,295.33740490614275
9900,1153.1125404824356,281.7129632412099
9901,1156.3651742737165,268.04907834744944
9902,1159.4559029270429,254.34766333433447
9903,1162.3842937029476,240.61063656600817
9904,1165.1499365912343,226.83992139269273
9905,1167.7524443683826,213.03744588139398
9906,1170.1914526517646,199.20514254595088
9907,1172.466619950664,185.34494807645936
9908,1174.5776277140865,171.45880306811063
9909,1176.5241803753627,157.54865174948736
9910,1178.3060053935305,143.61644171034635
9911,1179.9228532914944,129.66412362893178
9912,1181.3744976909543,115.69365099885819
9913,1182.6607353441025,101.70697985559704
9914,1183.7813861620803,87.70606850260732
9915,1184.736293240192,73.69287723715024
9916,1185.5253228798751,59.66936807582332
9917,1186.1483646074178,45.637504479855075
9918,1186.6053311894275,31.599251080196087
9919,1186.8961586450453,17.556573402446134
9920,1187.0208062549032,3.511437591658822
9921,1186.9792565668245,-10.534189862945643
9922,1186.77151539827,-24.5783424033094
9923,1186.3976118355201,-38.6190536778807
9924,1185.857598229605,-52.65435781692752
9925,1185.1515501889737,-66.68228970778154
9926,1184.2795665689086,-80.70088526997824
9927,1183.2417694576832,-94.70818173025388
9928,1182.0383041594703,-108.70221789735433
9929,1180.6693391739955,-122.68103443662741
9930,1179.1350661729468,-136.64267414435415
9931,1177.435699973138,-150.585182221779
9932,1175.5714785064308,-164.5066065488077
9933,1173.5426627864224,-178.40499795732535
9934,1171.3495368719,-192.27841050410566
9935,1168.9924078270692,-206.1249017432656
9936,1166.471605678562,-219.94253299823083
9937,1163.787483369227,-233.72936963317534
9938,1160.9404167087157,-247.4834813238926
9939,1157.9308043208637,-261.2029423280643
9940,1154.7590675878766,-274.8858317548901
9941,1151.425650591335,-288.5302338340317
9942,1147.9310200500145,-302.1342381838466
9943,1144.275665254541,-315.6959400788642
9944,1140.4600979988836,-329.2134407164701
9945,1136.4848525086982,-342.6848474827608
9946,1132.350485366527,-356.1082742175351
9947,1128.0575754338731,-369.4818414783759
9948,1123.6067237701516,-382.80367680379806
9949,1118.998553548533,-396.0719149754132
9950,1114.2337099686938,-409.28469827908447
9951,1109.3128601664778,-422.440176765029
9952,1104.2366931204915,-435.5365085068317
9953,1099.0059195556378,-448.5718598593401
9954,1093.621271843605,-461.5444057153939
9955,1088.0835039003277,-474.45232976136356
9956,1082.393391080428,-487.2938247314569
9957,1076.551730068657,-500.06709266075643
9958,1070.5593387683496,-512.7703451369575
9959,1064.4170561869068,-525.4018035507677
9960,1058.125742318326,-537.9596993449337
9961,1051.686278022792,-550.4422742618583
9962,1045.099564903342,-562.8477805897835
9963,1038.366525179636,-575.1744814074843
9964,1031.4881015588298,-587.4206508274641
9965,1024.4652571035872,-599.5845742375975
9966,1017.2989750972397,-611.6645485411965
9967,1009.9902589061136,-623.6588823954663
9968,1002.5401318390468,-635.5658964483122
9969,994.9496370041145,-647.3839235734705
9970,987.2198371625793,-659.1113091039256
9971,979.3518145800944,-670.7464110635827
9972,971.3466708751704,-682.2876003971666
9973,963.2055268649373,-693.7332611983072
9974,954.9295224082167,-705.081790935786
9975,946.5198162459253,-716.3316006779123
9976,937.9775858388406,-727.4811153149891
9977,929.3040272027397,-738.5287737798507
9978,920.5003547409433,-749.4730292664292
9979,911.5678010742834,-760.3123494463283
9980,902.507616868525,-771.0452166833641
9981,893.3210706592528,-781.6701282460565
9982,884.0094486742654,-792.1855965180264
9983,874.5740546534842,-802.5901492062836
9984,865.0162096664163,-812.8823295473625
9985,855.3372519271877,-823.0606965112883
9986,845.5385366071771,-833.1238250033387
9987,835.6214356452772,-843.0703060635727
9988,825.5873375558037,-852.8987470641047
9989,815.4376472340889,-862.6077719040873
9990,805.1737857597775,-872.1960212023831
9991,794.7971901978608,-881.6621524878935
9992,784.3093133974668,-891.0048403875223
9993,773.7116237884462,-900.2227768117435
9994,763.0056051757747,-909.3146711377475
9995,752.1927565317986,-918.2792503901493
9996,741.2745917863664,-927.1152594192138
9997,730.2526396148545,-935.8214610765974
9998,719.1284432241388,-944.3966363885604
9999,707.9035601365239,-952.8395847266396
10000,696.579561971671,-961.1491239757518
10001,685.1580342265559,-969.3240906997008
10002,673.640576053475,-977.3633403040768
10003,662.0288000361493,-985.2657471965096
10004,650.324331963939,-993.0302049442688
10005,638.5288106042179,-1000.6556264291743
10006,626.6438874729203,-1008.1409439998091
10007,614.6712266033134,-1015.4851096210019
10008,602.6125043130122,-1022.687095020564
10009,590.4694089692715,-1029.7458918332616
10010,578.2436407525986,-1036.6605117419974
10011,565.9369114187018,-1043.4299866161891
10012,553.5509440588286,-1050.053368647318
10013,541.0874728585109,-1056.5297304816322
10014,528.5482428547563,-1062.8581653499914
10015,515.9350096917248,-1069.0377871948215
10016,503.2495393749128,-1075.0677307941758
10017,490.4936080238953,-1080.9471518828761
10018,477.6690016236467,-1086.675227270719
10019,464.7775157744785,-1092.2511549577343
10020,451.82095544063833,-1097.6741542464727
10021,438.8011346975867,-1102.9434658513148
10022,425.71987647801126,-1108.0583520047792
10023,412.5790123165891,-1113.0180965608185
10024,399.3803820935518,-1117.8220050950906
10025,386.1258337770806,-1122.4694050021828
10026,372.8172231645663,-1126.9596455897886
10027,359.4564136227767,-1131.29209816981
10028,346.0452758269618,-1135.466156146383
10029,332.5856874989386,-1139.481235100806
10030,319.0795331441842,-1143.336772873369
10031,305.5287037879842,-1147.0322296420595
10032,291.93509671066613,-1150.5670879981462
10033,278.3006151819559,-1153.940853018622
10034,264.6271681944998,-1157.1530523354982
10035,250.91667019657848,-1160.2032362019431
10036,237.17104082406502,-1163.0909775552511
10037,223.39220463164972,-1165.8158720766376
10038,209.5820908233785,-1168.377538247848
10039,195.74263298254573,-1170.7756174045735
10040,181.87576880096324,-1173.0097737866718
10041,167.9834398076648,-1175.0796945851737
10042,154.06759109706545,-1176.9850899860828
10043,140.13017105662405,-1178.7256932109528
10044,126.17313109405018,-1180.3012605542383
10045,112.19842536407774,-1181.7115714174172
10046,98.20801049486415,-1182.956428339878
10047,84.2038453140352,-1184.0356570265653
10048,70.18789057442744,-1184.9491063723844
10049,56.162108679558514,-1185.696648483357
10050,42.12846340886635,-1186.2781786945286
10051,28.088919642758416,-1186.6936155846222
10052,14.0454430875014,-1186.9429009874384
10053,6.725141975519491e-13,-1187.026
10054,-14.045443087500056,-1186.9429009874384
10055,-28.0889196427576,-1186.6936155846222
10056,-42.128463408865535,-1186.2781786945286
10057,-56.1621086795577,-1185.696648483357
10058,-70.1878905744261,-1184.9491063723844
10059,-84.2038453140344,-1184.0356570265653
10060,-98.20801049486334,-1182.956428339878
10061,-112.19842536407693,-1181.7115714174174
10062,-126.17313109404938,-1180.3012605542383
10063,-140.1301710566227,-1178.725693210953
10064,-154.0675910970641,-1176.985089986083
10065,-167.98343980766398,-1175.0796945851737
10066,-181.87576880096293,-1173.0097737866718
10067,-195.7426329825449,-1170.7756174045737
10068,-209.5820908233777,-1168.377538247848
10069,-223.3922046316484,-1165.815872076638
10070,-237.17104082406425,-1163.0909775552514
10071,-250.9166701965782,-1160.2032362019431
10072,-264.627168194499,-1157.1530523354984
10073,-278.3006151819556,-1153.9408530186222
10074,-291.93509671066477,-1150.5670879981467
10075,-305.5287037879829,-1147.0322296420597
10076,-319.0795331441834,-1143.3367728733692
10077,-332.58568749893783,-1139.4812351008063
10078,-346.04527582696153,-1135.466156146383
10079,-359.4564136227755,-1131.2920981698105
10080,-372.81722316456506,-1126.959645589789
10081,-386.1258337770798,-1122.469405002183
10082,-399.380382093551,-1117.8220050950908
10083,-412.57901231658843,-1113.018096560819
10084,-425.71987647800995,-1108.0583520047796
10085,-438.80113469758544,-1102.9434658513153
10086,-451.8209554406372,-1097.674154246473
10087,-464.7775157744778,-1092.2511549577346
10088,-477.6690016236459,-1086.6752272707195
10089,-490.4936080238945,-1080.9471518828764
10090,-503.2495393749116,-1075.0677307941762
10091,-515.9350096917235,-1069.037787194822
10092,-528.5482428547555,-1062.8581653499919
10093,-541.0874728585102,-1056.5297304816327
10094,-553.5509440588278,-1050.0533686473182
10095,-565.9369114187006,-1043.4299866161898
10096,-578.2436407525975,-1036.660511741998
10097,-590.4694089692713,-1029.7458918332618
10098,-602.6125043130115,-1022.6870950205644
10099,-614.6712266033127,-1015.4851096210024
10100,-626.6438874729195,-1008.1409439998096
10101,-638.5288106042167,-1000.6556264291748
10102,-650.3243319639388,-993.0302049442689
10103,-662.0288000361486,-985.2657471965101
10104,-673.6405760534748,-977.3633403040769
10105,-685.1580342265552,-969.3240906997013
10106,-696.5795619716699,-961.1491239757526
10107,-707.9035601365229,-952.8395847266404
10108,-719.1284432241381,-944.3966363885609
10109,-730.2526396148543,-935.8214610765978
10110,-741.2745917863657,-927.1152594192143
10111,-752.1927565317976,-918.2792503901501
10112,-763.0056051757736,-909.3146711377484
10113,-773.7116237884455,-900.222776811744
10114,-784.3093133974663,-891.0048403875229
10115,-794.7971901978601,-881.6621524878941
10116,-805.1737857597769,-872.1960212023838
10117,-815.4376472340879,-862.6077719040882
10118,-825.5873375558028,-852.8987470641056
10119,-835.6214356452764,-843.0703060635733
10120,-845.5385366071765,-833.1238250033392
10121,-855.3372519271869,-823.0606965112888
10122,-865.0162096664153,-812.8823295473635
10123,-874.5740546534832,-802.5901492062845
10124,-884.0094486742648,-792.1855965180271
10125,-893.3210706592523,-781.6701282460571
10126,-902.5076168685241,-771.0452166833651
10127,-911.5678010742824,-760.3123494463293
10128,-920.500354740942,-749.4730292664307
10129,-929.3040272027393,-738.528773779851
10130,-937.9775858388405,-727.4811153149893
10131,-946.5198162459252,-716.3316006779125
10132,-954.9295224082163,-705.0817909357866
10133,-963.2055268649372,-693.7332611983073
10134,-971.3466708751699,-682.2876003971671
10135,-979.3518145800939,-670.7464110635834
10136,-987.2198371625794,-659.1113091039254
10137,-994.9496370041144,-647.3839235734707
10138,-1002.5401318390461,-635.5658964483133
10139,-1009.9902589061134,-623.6588823954664
10140,-1017.2989750972396,-611.6645485411967
10141,-1024.465257103587,-599.5845742375977
10142,-1031.4881015588294,-587.4206508274648
10143,-1038.3665251796356,-575.174481407485
10144,-1045.0995649033418,-562.8477805897843
10145,-1051.6862780227914,-550.4422742618594
10146,-1058.1257423183263,-537.9596993449335
10147,-1064.4170561869066,-525.401803550768
10148,-1070.5593387683489,-512.7703451369588
10149,-1076.551730068657,-500.0670926607567
10150,-1082.3933910804278,-487.2938247314574
10151,-1088.0835039003273,-474.45232976136435
10152,-1093.6212718436045,-461.54440571539465
10153,-1099.0059195556378,-448.5718598593402
10154,-1104.236693120491,-435.53650850683294
10155,-1109.3128601664773,-422.44017676503
10156,-1114.2337099686936,-409.2846982790848
10157,-1118.998553548533,-396.0719149754135
10158,-1123.6067237701513,-382.8036768037985
10159,-1128.057575433873,-369.4818414783767
10160,-1132.3504853665265,-356.10827421753584
10161,-1136.4848525086977,-342.68484748276177
10162,-1140.4600979988834,-329.21344071647087
10163,-1144.275665254541,-315.6959400788643
10164,-1147.9310200500145,-302.13423818384683
10165,-1151.425650591335,-288.530233834032
10166,-1154.7590675878766,-274.8858317548906
10167,-1157.9308043208634,-261.20294232806515
10168,-1160.9404167087157,-247.4834813238931
10169,-1163.7874833692267,-233.72936963317613
10170,-1166.4716056785617,-219.94253299823188
10171,-1168.9924078270692,-206.12490174326567
10172,-1171.3495368719,-192.27841050410595
10173,-1173.5426627864222,-178.40499795732669
10174,-1175.5714785064308,-164.506606548808
10175,-1177.435699973138,-150.58518222177958
10176,-1179.1350661729468,-136.6426741443547
10177,-1180.6693391739955,-122.68103443662822
10178,-1182.0383041594703,-108.70221789735514
10179,-1183.2417694576832,-94.70818173025391
10180,-1184.2795665689084,-80.70088526997958
10181,-1185.1515501889737,-66.68228970778155
10182,-1185.857598229605,-52.654357816927806
10183,-1186.39761183552,-38.619053677882306
10184,-1186.77151539827,-24.57834240330995
10185,-1186.9792565668245,-10.534189862946462
10186,-1187.0208062549032,3.5114375916587943
10187,-1186.8961586450453,17.556573402445313
10188,-1186.6053311894275,31.59925108019501
10189,-1186.1483646074178,45.637504479855046
10190,-1185.5253228798751,59.66936807582197
10191,-1184.736293240192,73.69287723714967
10192,-1183.7813861620803,87.70606850260675
10193,-1182.6607353441025,101.70697985559755
10194,-1181.3744976909543,115.69365099885765
10195,-1179.9228532914944,129.66412362893095
10196,-1178.3060053935305,143.61644171034632
10197,-1176.524180375363,157.54865174948628
10198,-1174.5776277140865,171.45880306811034
10199,-1172.4666199506642,185.34494807645882
10200,-1170.191452651765,199.20514254594954
10201,-1167.7524443683826,213.03744588139344
10202,-1165.1499365912343,226.8399213926919
10203,-1162.3842937029476,240.61063656600842
10204,-1159.455902927043,254.34766333433342
10205,-1156.3651742737168,268.04907834744864
10206,-1153.1125404824356,281.7129632412099
10207,-1149.6984569613487,295.33740490614144
10208,-1146.1234017235215,308.9204957553048
10209,-1142.3878753200133,322.4603339913696
10210,-1138.49240076979,335.9550238728987
10211,-1134.4375234864951,349.4026759797746
10212,-1130.2238112020898,362.8014074777321
10213,-1125.8518538873564,376.14934238198936
10214,-1121.3222636693026,389.4446118198982
10215,-1116.6356747454504,402.68535429261993
10216,-1111.7927432950441,415.86971593574873
10217,-1106.7941473871774,428.9958507788752
10218,-1101.6405868858524,442.0619210040547
10219,-1096.3327833519938,455.06609720310973
10220,-1090.8714799424195,468.0065586337818
10221,-1085.2574413057914,480.8814934746472
10222,-1079.4914534755515,493.68909907880425
10223,-1073.5743237598722,506.4275822262581
10224,-1067.5068806286222,519.0951593749922
10225,-1061.2899735973676,531.690056910696
10226,-1054.924473108434,544.2105113950786
10227,-1048.411270409031,556.6547698127827
10228,-1041.7512774264671,569.0210898168223
10229,-1034.94542664047,581.3077399725341
10230,-1027.994670952627,593.5130000000001
10231,-1020.8999835529694,605.6351610149025
10232,-1013.6623577837095,617.6725257677982
10233,-1006.2828070001647,629.6234088817453
10234,-998.7623644288763,641.4861370882777
10235,-991.1020830229409,653.2590494616878
10236,-983.3030353145873,664.9404976515715
10237,-975.3663132650087,676.5288461136192
10238,-967.293028111474,688.0224723386114
10239,-959.0843102117419,699.4197670795896
10240,-950.7413088857961,710.7191345771713
10241,-942.2651922549293,721.9189927829725
10242,-933.6571470781885,733.0177735811174
10243,-924.9183785862141,744.0139230077948
10244,-916.0501103124991,754.9059014688244
10245,-907.0535839220723,765.6921839552264
10246,-897.9300590376538,776.371260256738
10247,-888.6808130632921,786.9416351732614
10248,-879.307141005511,797.4018287242103
10249,-869.8103552919966,807.7503763557221
10250,-860.1917855878341,817.9858291457216
10251,-850.4527786093481,828.1067540067762
10252,-840.594697935539,838.1117338867534
10253,-830.6189238171651,847.9993679672259
10254,-820.526852983498,857.7682718595956
10255,-810.3198984467549,867.4170777989334
10256,-799.9994893042675,876.9444348354754
10257,-789.5670705383818,886.3490090237806
10258,-779.0241028141542,895.6294836094904
10259,-768.372062274832,904.7845592136958
10260,-757.6124403351766,913.8129540148677
10261,-746.7467434726539,922.7134039283198
10262,-735.7764930164999,931.4846627832047
10263,-724.7032249347257,940.1255024969851
10264,-713.528489619053,948.6347132473876
10265,-702.2538516678482,957.0111036417876
10266,-690.8808896670604,965.2535008840173
10267,-679.4111959691908,973.360750938579
10268,-667.8463764703565,981.3317186922143
10269,-656.1880503854372,989.1652881128407
10270,-644.4378500213652,996.8603624058089
10271,-632.5974205485901,1004.4158641674625
10272,-620.6684197707262,1011.8307355359935
10273,-608.6525178924481,1019.103938339551
10274,-596.5513972856324,1026.2344542416024
10275,-584.3667522538129,1033.22128488351
10276,-572.1002887949579,1040.063452024311
10277,-559.7537243626007,1046.75999767769
10278,-547.3287876253879,1053.3099842461017
10279,-534.8272182250361,1059.7124946520494
10280,-522.2507665327602,1065.966632466488
10281,-509.60119340420925,1072.0715220343304
10282,-496.8802699329148,1078.0263085970555
10283,-484.0897772023258,1083.8301584123792
10284,-471.231506036424,1089.4822588709942
10285,-458.30725674899986,1094.9818186103396
10286,-445.31883889157797,1100.3280676254046
10287,-432.2680710000571,1105.5202573765393
10288,-419.15678034010244,1110.5576608942552
10289,-405.98680265129514,1115.4395728810139
10290,-392.7599818901166,1120.1653098099741
10291,-379.47816997176153,1124.7342100206977
10292,-366.1432265108555,1129.1456338117862
10293,-352.7570185610875,1133.3989635304474
10294,-339.32142035378865,1137.4936036589777
10295,-325.83831303553217,1141.4289808981366
10296,-312.30958440473836,1145.2045442474196
10297,-298.7371286473649,1148.8197650822028
10298,-285.1228460716975,1152.2741372277585
10299,-271.4686428422821,1155.5671770301237
10300,-257.7764307130441,1158.6984234238187
10301,-244.0481267596092,1161.6674379964027
10302,-230.28565311089912,1164.4738050498545
10303,-216.49093668000899,1167.1171316587777
10304,-202.6659088944111,1169.5970477254132
10305,-188.81250542553576,1171.9132060314587
10306,-174.93266591775284,1174.0652822866828
10307,-161.028333716798,1176.0529751743293
10308,-147.10145559768074,1177.8760063933062
10309,-133.15398149211134,1179.53412069715
10310,-119.18786421549088,1181.0270859297639
10311,-105.20505919348821,1182.3546930579228
10312,-91.20752418825566,1183.5167562005402
10313,-77.197219024328,1184.5131126546933
10314,-63.17610531421275,1185.343622918404
10315,-49.146146183745955,1186.008170710171
10316,-35.10930599722971,1186.5066629852497
10317,-21.067550082396274,1186.839029948681
10318,-7.022844455243656,1187.0052250650615
10319,0.0,1227.7420000000002
10320,273.1982964973934,1196.9599447579367
10321,532.6972896316692,1106.157319816252
10322,765.4846163136452,959.887347948264
10323,959.887347948264,765.4846163136455
10324,1106.157319816252,532.6972896316689
10325,1196.9599447579367,273.19829649739347
10326,1227.7420000000002,7.517751552393849e-14
10327,1196.9599447579367,-273.1982964973933
10328,1106.157319816252,-532.697289631669
10329,959.8873479482637,-765.4846163136457
10330,765.484616313645,-959.8873479482643
10331,532.6972896316693,-1106.1573198162519
10332,273.1982964973935,-1196.9599447579367
10333,1.5035503104787699e-13,-1227.7420000000002
10334,-273.19829649739324,-1196.9599447579367
10335,-532.697289631669,-1106.157319816252
10336,-765.4846163136457,-959.8873479482637
10337,-959.8873479482638,-765.4846163136456
10338,-1106.1573198162525,-532.6972896316684
10339,-1196.959944757937,-273.19829649739256
10340,-1227.7420000000002,-2.2553254657181547e-13
10341,-1196.9599447579365,273.19829649739427
10342,-1106.157319816252,532.6972896316689
10343,-959.8873479482642,765.4846163136451
10344,-765.4846163136456,959.8873479482638
10345,-532.6972896316694,1106.1573198162519
10346,-273.1982964973926,1196.959944757937
