heliostat_id,x (m),y (m)
0,7.534862343517605,119.76320741139259
1,22.485757750286954,117.87447008744265
2,37.08203932499369,114.12678195541842
3,51.093514987808724,108.57924629592233
4,64.2992153974796,101.31935106024181
5,76.49087876984277,92.46158913309469
6,87.4762352905694,82.14565271144264
7,97.0820393249937,70.53423027509677
8,105.15680160526364,57.81044089220582
9,111.57317830659017,44.17494632216137
10,116.22997933543573,29.842786459782594
11,119.05376415773735,15.039988027716511
12,120.0,7.34788079488412e-15
13,119.05376415773733,-15.039988027716525
14,116.22997933543574,-29.842786459782555
15,111.57317830659018,-44.17494632216133
16,105.15680160526364,-57.810440892205804
17,97.0820393249937,-70.53423027509676
18,87.4762352905694,-82.14565271144261
19,76.49087876984274,-92.46158913309472
20,64.2992153974796,-101.31935106024181
21,51.093514987808696,-108.57924629592235
22,37.0820393249937,-114.12678195541842
23,22.485757750287004,-117.87447008744263
24,7.5348623435175766,-119.76320741139259
25,-7.534862343517601,-119.76320741139259
26,-22.48575775028697,-117.87447008744263
27,-37.08203932499367,-114.12678195541844
28,-51.093514987808675,-108.57924629592236
29,-64.29921539747961,-101.3193510602418
30,-76.49087876984275,-92.4615891330947
31,-87.4762352905694,-82.14565271144264
32,-97.08203932499369,-70.53423027509679
33,-105.15680160526362,-57.81044089220583
34,-111.57317830659018,-44.17494632216134
35,-116.22997933543571,-29.842786459782637
36,-119.05376415773735,-15.039988027716447
37,-120.0,8.453776797936266e-14
38,-119.05376415773733,15.039988027716614
39,-116.22997933543573,29.84278645978259
40,-111.57317830659015,44.17494632216139
41,-105.15680160526361,57.81044089220588
42,-97.08203932499364,70.53423027509685
43,-87.4762352905693,82.14565271144271
44,-76.49087876984275,92.46158913309472
45,-64.29921539747956,101.31935106024183
46,-51.09351498780867,108.57924629592236
47,-37.082039324993616,114.12678195541845
48,-22.485757750286858,117.87447008744266
49,-7.534862343517592,119.76320741139259
50,0.0,133.52
51,14.949496849313666,132.68045426494575
52,29.7109951018471,130.1723748345171
53,44.098860352253915,126.02730226277325
54,57.93215684697636,120.29736324233102
55,71.03692285632776,113.0546150809605
56,83.2483583441781,104.39013953913135
57,94.41289742402783,94.41289742402783
58,104.39013953913135,83.24835834417811
59,113.0546150809605,71.03692285632775
60,120.29736324233103,57.93215684697635
61,126.02730226277325,44.098860352253894
62,130.1723748345171,29.710995101847107
63,132.68045426494575,14.949496849313674
64,133.52,8.17574203110773e-15
65,132.68045426494575,-14.94949684931366
66,130.1723748345171,-29.710995101847093
67,126.02730226277323,-44.09886035225393
68,120.29736324233102,-57.932156846976355
69,113.05461508096049,-71.03692285632779
70,104.39013953913131,-83.24835834417814
71,94.41289742402783,-94.41289742402782
72,83.24835834417807,-104.39013953913138
73,71.03692285632776,-113.0546150809605
74,57.932156846976376,-120.297363242331
75,44.09886035225393,-126.02730226277325
76,29.710995101847114,-130.1723748345171
77,14.949496849313624,-132.68045426494575
78,1.635148406221546e-14,-133.52
79,-14.949496849313709,-132.68045426494575
80,-29.710995101847086,-130.1723748345171
81,-44.09886035225395,-126.02730226277323
82,-57.93215684697635,-120.29736324233102
83,-71.03692285632773,-113.05461508096052
84,-83.24835834417814,-104.39013953913131
85,-94.41289742402782,-94.41289742402786
86,-104.39013953913133,-83.24835834417813
87,-113.0546150809605,-71.03692285632776
88,-120.29736324233106,-57.93215684697628
89,-126.02730226277323,-44.098860352253936
90,-130.17237483451711,-29.710995101847008
91,-132.68045426494575,-14.94949684931369
92,-133.52,-2.452722609332319e-14
93,-132.68045426494575,14.949496849313642
94,-130.1723748345171,29.710995101847193
95,-126.02730226277325,44.09886035225389
96,-120.29736324233103,57.93215684697635
97,-113.05461508096046,71.03692285632782
98,-104.39013953913137,83.2483583441781
99,-94.41289742402786,94.4128974240278
100,-83.24835834417813,104.39013953913133
101,-71.03692285632766,113.05461508096056
102,-57.9321568469764,120.297363242331
103,-44.09886035225394,126.02730226277323
104,-29.71099510184702,130.17237483451711
105,-14.94949684931358,132.68045426494575
106,7.481692624179288,147.52640757327924
107,22.368305581866053,146.01258699645132
108,37.025389455129165,143.00047969044024
109,51.302542729225486,138.52099395223814
110,65.05326249148752,132.6200953672317
111,78.1364477494576,125.35833514009464
112,90.41784731801057,116.81022875748909
113,101.77143741818414,107.06349135833668
114,112.08071485168831,96.21813765779576
115,121.23989248137404,84.38545566094233
116,129.1549847504131,71.68686469724116
117,135.744772101294,58.252669493918965
118,140.94163439838962,44.22072307313252
119,144.6922448020535,29.73501219341652
120,146.9581169741572,14.944179850695507
121,147.716,9.044996329142522e-15
122,146.9581169741572,-14.944179850695553
123,144.6922448020535,-29.73501219341653
124,140.94163439838962,-44.22072307313256
125,135.744772101294,-58.25266949391899
126,129.15498475041312,-71.68686469724115
127,121.23989248137404,-84.38545566094231
128,112.08071485168828,-96.21813765779581
129,101.7714374181841,-107.0634913583367
130,90.41784731801054,-116.81022875748911
131,78.13644774945762,-125.35833514009462
132,65.05326249148749,-132.6200953672317
133,51.30254272922545,-138.52099395223814
134,37.025389455129144,-143.00047969044024
135,22.36830558186603,-146.01258699645132
136,7.481692624179271,-147.52640757327924
137,-7.481692624179301,-147.52640757327924
138,-22.368305581866057,-146.01258699645132
139,-37.02538945512917,-143.00047969044024
140,-51.30254272922554,-138.52099395223811
141,-65.05326249148752,-132.6200953672317
142,-78.1364477494576,-125.35833514009464
143,-90.41784731801056,-116.81022875748909
144,-101.77143741818412,-107.06349135833669
145,-112.08071485168836,-96.21813765779574
146,-121.23989248137403,-84.38545566094234
147,-129.15498475041312,-71.68686469724112
148,-135.744772101294,-58.25266949391899
149,-140.94163439838962,-44.220723073132504
150,-144.6922448020535,-29.735012193416537
151,-146.95811697415718,-14.94417985069562
152,-147.716,-2.7134988987427562e-14
153,-146.9581169741572,14.944179850695567
154,-144.6922448020535,29.735012193416484
155,-140.94163439838965,44.220723073132454
156,-135.74477210129402,58.25266949391894
157,-129.15498475041315,71.68686469724108
158,-121.23989248137407,84.38545566094231
159,-112.08071485168838,96.2181376577957
160,-101.77143741818415,107.06349135833666
161,-90.41784731801056,116.8102287574891
162,-78.13644774945763,125.3583351400946
163,-65.05326249148752,132.6200953672317
164,-51.30254272922541,138.52099395223817
165,-37.025389455129286,143.00047969044022
166,-22.36830558186611,146.01258699645132
167,-7.481692624179421,147.52640757327924
168,0.0,162.58800000000002
169,15.001728028419345,161.8944282554571
170,29.875466602760543,159.81963033140624
171,44.49431822983981,156.38130767218234
172,58.733560022036826,151.6087948343954
173,72.47170778899581,145.5428092148369
174,85.59155249790352,138.23510366400654
175,97.98116025963054,129.7480249490396
176,109.53482730920646,120.15398183307254
177,120.15398183307255,109.53482730920646
178,129.7480249490396,97.98116025963057
179,138.23510366400652,85.59155249790354
180,145.5428092148369,72.47170778899581
181,151.6087948343954,58.73356002203682
182,156.38130767218234,44.494318229839834
183,159.81963033140624,29.875466602760575
184,161.8944282554571,15.00172802841935
185,162.58800000000002,9.955643688988495e-15
186,161.8944282554571,-15.001728028419366
187,159.81963033140624,-29.875466602760515
188,156.38130767218234,-44.494318229839784
189,151.6087948343954,-58.733560022036826
190,145.5428092148369,-72.4717077889958
191,138.23510366400652,-85.59155249790356
192,129.7480249490396,-97.98116025963054
193,120.15398183307259,-109.5348273092064
194,109.53482730920643,-120.15398183307258
195,97.98116025963056,-129.7480249490396
196,85.59155249790358,-138.2351036640065
197,72.47170778899583,-145.54280921483686
198,58.73356002203689,-151.6087948343954
199,44.494318229839784,-156.38130767218234
200,29.875466602760547,-159.81963033140624
201,15.001728028419395,-161.8944282554571
202,1.991128737797699e-14,-162.58800000000002
203,-15.001728028419285,-161.89442825545711
204,-29.87546660276058,-159.81963033140624
205,-44.49431822983981,-156.38130767218234
206,-58.73356002203679,-151.60879483439544
207,-72.47170778899579,-145.5428092148369
208,-85.59155249790349,-138.23510366400654
209,-97.98116025963051,-129.7480249490396
210,-109.53482730920646,-120.15398183307254
211,-120.1539818330725,-109.53482730920649
212,-129.74802494903957,-97.98116025963057
213,-138.2351036640065,-85.59155249790358
214,-145.54280921483692,-72.47170778899577
215,-151.6087948343954,-58.73356002203683
216,-156.38130767218234,-44.494318229839855
217,-159.81963033140622,-29.87546660276063
218,-161.8944282554571,-15.001728028419477
219,-162.58800000000002,-2.986693106696548e-14
220,-161.8944282554571,15.001728028419418
221,-159.81963033140627,29.875466602760426
222,-156.38130767218234,44.4943182298398
223,-151.60879483439544,58.733560022036784
224,-145.54280921483692,72.47170778899572
225,-138.23510366400652,85.59155249790354
226,-129.74802494903963,97.98116025963051
227,-120.15398183307259,109.53482730920639
228,-109.53482730920655,120.15398183307246
229,-97.98116025963057,129.74802494903957
230,-85.59155249790346,138.23510366400657
231,-72.47170778899591,145.54280921483684
232,-58.73356002203685,151.6087948343954
233,-44.49431822983986,156.38130767218234
234,-29.87546660276064,159.81963033140622
235,-15.001728028419343,161.89442825545711
236,7.459561452704705,177.97974446249026
237,22.3263608942109,176.73134443335584
238,37.03655695551238,174.24330100431723
239,51.48696818050039,170.53306601237236
240,65.5762353170378,165.6266640901896
241,79.20553227928625,159.55851012200807
242,92.27925934169193,152.37116784795205
243,104.70571370237201,144.11505130997566
244,116.39773271238143,134.8480712335813
245,127.27330525906906,124.6352288256889
246,137.256147015108,113.54815983787262
247,146.2762355182415,101.66463209303396
248,154.27030132854478,89.06800000000003
249,161.1822718180869,75.8466198822358
250,166.96366448012762,62.09323022171887
251,171.57392699906768,47.90430116512098
252,174.98072169580573,33.37935785504263
253,177.16015235332276,18.62028233264672
254,178.0969318314751,3.730598908341692
255,177.7844892952986,-11.185251986873773
256,176.22501630469492,-26.022646375993784
257,173.4294514422133,-40.67751059803178
258,169.41740358675352,-55.04705130997563
259,164.21701437136917,-69.0304765082318
260,157.86476078993172,-82.52970251211165
261,150.40519933722695,-95.4500419503786
262,141.89065347715825,-107.70086792512402
263,132.38084663124113,-119.19624969434159
264,121.94248326171287,-129.8555554143406
265,110.64878098765713,-139.6040177141958
266,98.57895701601235,-148.37325813513428
267,85.81767248978322,-156.10176675629367
268,72.45443865095079,-162.73533364262235
269,58.58298898342422,-168.22742908862395
270,44.30062173999858,-172.53952999080985
271,29.70751746501958,-175.6413900595915
272,14.906036299845397,-177.51125197526974
273,2.1815368221291296e-14,-178.13600000000002
274,-14.906036299845352,-177.51125197526974
275,-29.707517465019542,-175.6413900595915
276,-44.30062173999862,-172.53952999080985
277,-58.58298898342425,-168.22742908862395
278,-72.45443865095075,-162.73533364262238
279,-85.81767248978318,-156.1017667562937
280,-98.57895701601232,-148.3732581351343
281,-110.6487809876571,-139.60401771419583
282,-121.94248326171285,-129.85555541434064
283,-132.38084663124113,-119.19624969434157
284,-141.8906534771582,-107.70086792512411
285,-150.40519933722692,-95.45004195037865
286,-157.86476078993164,-82.52970251211175
287,-164.21701437136912,-69.03047650823187
288,-169.4174035867535,-55.047051309975664
289,-173.42945144221326,-40.677510598031944
290,-176.2250163046949,-26.022646375993904
291,-177.7844892952986,-11.185251986873897
292,-178.0969318314751,3.730598908341569
293,-177.1601523533228,18.62028233264648
294,-174.98072169580576,33.37935785504243
295,-171.57392699906768,47.90430116512094
296,-166.96366448012762,62.093230221718855
297,-161.1822718180869,75.84661988223579
298,-154.27030132854486,89.0679999999999
299,-146.27623551824155,101.66463209303384
300,-137.25614701510807,113.54815983787253
301,-127.27330525906913,124.63522882568883
302,-116.3977327123815,134.84807123358127
303,-104.70571370237217,144.11505130997554
304,-92.27925934169208,152.37116784795194
305,-79.2055322792864,159.558510122008
306,-65.57623531703793,165.62666409018954
307,-51.48696818050051,170.53306601237233
308,-37.03655695551263,174.24330100431717
309,-22.326360894211135,176.73134443335582
310,-7.45956145270476,177.97974446249026
311,0.0,194.36
312,14.878112781301295,193.7897091180718
313,29.66891488078045,192.08218316594855
314,44.28560799041382,189.24744258488516
315,58.64241554296159,185.3021227597963
316,72.65508608297182,180.2693763962031
317,86.2413876878223,174.17873765095078
318,99.32159053734038,167.06594881403242
319,111.81893480009111,158.97275055861925
320,123.6600810905902,149.94663699019281
321,134.77554085398012,140.04057693224897
322,145.10008415250107,129.31270308417928
323,154.5731224607032,117.82597087547576
324,163.13906422300582,105.64778901823733
325,170.7476410870508,92.84962392604339
326,177.35420289838228,79.50658032062161
327,182.9199797253076,65.69696048747659
328,187.4123093762725,51.50180476694317
329,190.80482907458872,37.00441597724491
330,193.07763016569046,22.289870560433084
331,194.21737494903545,7.444519319995256
332,194.21737494903545,-7.444519319995276
333,193.07763016569046,-22.289870560433148
334,190.80482907458872,-37.004415977244975
335,187.4123093762725,-51.50180476694319
336,182.9199797253076,-65.69696048747662
337,177.35420289838225,-79.50658032062167
338,170.74764108705077,-92.84962392604346
339,163.13906422300576,-105.64778901823739
340,154.57312246070316,-117.82597087547579
341,145.10008415250104,-129.3127030841793
342,134.77554085398003,-140.04057693224902
343,123.66008109059017,-149.94663699019284
344,111.81893480009114,-158.97275055861925
345,99.32159053734037,-167.06594881403242
346,86.24138768782218,-174.17873765095084
347,72.65508608297176,-180.26937639620317
348,58.642415542961565,-185.3021227597963
349,44.28560799041377,-189.24744258488516
350,29.668914880780367,-192.08218316594858
351,14.878112781301265,-193.7897091180718
352,2.380223518822796e-14,-194.36
353,-14.878112781301303,-193.7897091180718
354,-29.66891488078058,-192.08218316594852
355,-44.2856079904139,-189.24744258488514
356,-58.6424155429616,-185.3021227597963
357,-72.65508608297188,-180.2693763962031
358,-86.24138768782238,-174.17873765095072
359,-99.32159053734041,-167.06594881403242
360,-111.8189348000911,-158.97275055861928
361,-123.6600810905902,-149.94663699019281
362,-134.7755408539802,-140.04057693224888
363,-145.10008415250113,-129.31270308417922
364,-154.5731224607032,-117.82597087547576
365,-163.13906422300582,-105.6477890182373
366,-170.74764108705082,-92.84962392604334
367,-177.3542028983823,-79.50658032062151
368,-182.9199797253076,-65.69696048747662
369,-187.4123093762725,-51.501804766943145
370,-190.80482907458875,-37.00441597724489
371,-193.07763016569046,-22.289870560433023
372,-194.21737494903545,-7.444519319995323
373,-194.21737494903545,7.4445193199954245
374,-193.07763016569044,22.289870560433297
375,-190.80482907458872,37.004415977244996
376,-187.4123093762725,51.50180476694324
377,-182.9199797253076,65.69696048747655
378,-177.35420289838223,79.50658032062175
379,-170.74764108705077,92.84962392604344
380,-163.1390642230058,105.64778901823739
381,-154.57312246070302,117.82597087547597
382,-145.10008415250098,129.3127030841794
383,-134.77554085398,140.04057693224905
384,-123.66008109059017,149.94663699019284
385,-111.81893480009107,158.97275055861928
386,-99.32159053734033,167.06594881403245
387,-86.2413876878222,174.1787376509508
388,-72.65508608297186,180.2693763962031
389,-58.64241554296143,185.30212275979636
390,-44.28560799041363,189.2474425848852
391,-29.66891488078039,192.08218316594855
392,-14.878112781301203,193.78970911807184
393,7.4556746647503935,211.12839817346554
394,22.32988019810322,210.0765671138463
395,37.09283939153618,207.97814516403812
396,51.671003924947,204.84358655664113
397,65.99174611593415,200.68850750496426
398,79.98372074725737,195.53360840383618
399,93.57722050512108,189.40457070127943
400,106.70452325750546,182.3319289548281
401,119.30022944242143,174.35091870989842
402,131.30158788523906,165.50130095807359
403,142.6488084218829,155.82716404984387
404,153.2853597704219,145.37670404866225
405,163.1582511670724,134.2019846205805
406,172.21829636351785,122.35867765568383
407,180.42035867032362,109.90578591353498
408,187.7235758256535,96.9053490743938
409,194.09156356900266,83.42213466065112
410,199.49259690575315,69.52331536828987
411,203.8997681595016,55.27813441589279
412,207.2911210247492,40.75756057841028
413,209.64975995211157,26.03393462429374
414,210.9639343210957,11.180608917425651
415,211.22709698110037,-3.7284180206673447
416,210.4379368689908,-18.618870167726495
417,208.6003855407496,-33.41656404016765
418,205.72359758466249,-48.04777827146495
419,201.8219050136198,-62.43962088829041
420,196.9147458637494,-76.52039245465873
421,191.0265673550983,-90.21994327491063
422,184.18670409681235,-103.4700228759678
423,176.42923194358858,-116.2046200277572
424,167.79279823148175,-128.3602916078382
425,158.32042923881983,-139.87647867184768
426,148.05931583144948,-150.6958081551146
427,137.06057836021668,-160.76437870238206
428,125.37901198194969,-170.03202920164813
429,113.07281367274453,-178.45258868430238
430,100.20329229355697,-185.9841063465693
431,86.83456315254156,-192.58906054630228
432,73.03322858581137,-198.23454573391749
433,58.868046147949734,-202.89243638618683
434,44.40958606533156,-206.53952712617968
435,29.72987965880602,-209.15764833128364
436,14.902060487278586,-210.73375665335038
437,2.5871888278786986e-14,-211.26000000000002
438,-14.902060487278627,-210.73375665335038
439,-29.729879658805974,-209.15764833128367
440,-44.4095860653316,-206.53952712617968
441,-58.86804614794967,-202.89243638618686
442,-73.0332285858115,-198.23454573391746
443,-86.83456315254159,-192.58906054630225
444,-100.203292293557,-185.98410634656926
445,-113.0728136727445,-178.45258868430238
446,-125.37901198194973,-170.0320292016481
447,-137.06057836021665,-160.7643787023821
448,-148.0593158314495,-150.69580815511458
449,-158.3204292388198,-139.87647867184768
450,-167.79279823148173,-128.36029160783823
451,-176.42923194358855,-116.20462002775724
452,-184.18670409681232,-103.47002287596784
453,-191.02656735509834,-90.21994327491058
454,-196.91474586374943,-76.52039245465869
455,-201.8219050136198,-62.439620888290335
456,-205.72359758466246,-48.047778271465
457,-208.6003855407496,-33.4165640401677
458,-210.4379368689908,-18.618870167726502
459,-211.22709698110037,-3.728418020667302
460,-210.9639343210957,11.180608917425552
461,-209.6497599521116,26.033934624293686
462,-207.2911210247492,40.75756057841028
463,-203.8997681595016,55.27813441589277
464,-199.4925969057532,69.52331536828974
465,-194.0915635690027,83.42213466065103
466,-187.72357582565354,96.90534907439375
467,-180.42035867032362,109.90578591353497
468,-172.21829636351774,122.35867765568399
469,-163.1582511670724,134.20198462058053
470,-153.28535977042185,145.3767040486623
471,-142.64880842188282,155.82716404984396
472,-131.30158788523897,165.50130095807367
473,-119.30022944242143,174.35091870989842
474,-106.70452325750543,182.33192895482813
475,-93.57722050512102,189.40457070127945
476,-79.98372074725727,195.53360840383624
477,-65.99174611593418,200.68850750496426
478,-51.67100392494699,204.84358655664113
479,-37.09283939153614,207.97814516403812
480,-22.32988019810314,210.07656711384632
481,-7.455674664750465,211.12839817346554
482,0.0,228.836
483,14.96659048050902,228.34604455822907
484,29.869091722867722,226.8782762973373
485,44.643688928882725,224.43898042635365
486,59.22711500508044,221.03860238468525
487,73.55692148211429,216.691703113142
488,87.5717459286977,211.41689670175282
489,101.21157471495539,205.23677068137425
490,114.41799999999999,198.17778930041584
491,127.13446984327369,190.27018020086524
492,139.3065303686396,181.5478049788851
493,150.88205894423936,172.04801418425927
494,161.8114873796048,161.8114873796048
495,172.04801418425927,150.88205894423936
496,181.5478049788851,139.3065303686396
497,190.27018020086524,127.13446984327372
498,198.1777893004158,114.41800000000003
499,205.23677068137428,101.21157471495538
500,211.41689670175282,87.57174592869771
501,216.69170311314198,73.55692148211432
502,221.03860238468525,59.22711500508044
503,224.43898042635365,44.643688928882746
504,226.8782762973373,29.869091722867754
505,228.34604455822907,14.966590480509016
506,228.836,1.4012163746484186e-14
507,228.34604455822907,-14.966590480508987
508,226.8782762973373,-29.86909172286773
509,224.43898042635365,-44.64368892888271
510,221.03860238468525,-59.227115005080464
511,216.691703113142,-73.55692148211429
512,211.41689670175282,-87.57174592869768
513,205.23677068137428,-101.21157471495535
514,198.17778930041584,-114.41799999999995
515,190.27018020086524,-127.13446984327372
516,181.5478049788851,-139.3065303686396
517,172.04801418425927,-150.88205894423936
518,161.8114873796048,-161.81148737960478
519,150.8820589442394,-172.04801418425924
520,139.30653036863967,-181.54780497888507
521,127.13446984327369,-190.27018020086527
522,114.41799999999999,-198.17778930041584
523,101.21157471495539,-205.23677068137425
524,87.57174592869771,-211.41689670175282
525,73.55692148211433,-216.69170311314198
526,59.227115005080506,-221.03860238468522
527,44.64368892888271,-224.43898042635365
528,29.869091722867722,-226.8782762973373
529,14.966590480509032,-228.34604455822907
530,2.8024327492968372e-14,-228.836
531,-14.966590480508973,-228.34604455822907
532,-29.869091722867665,-226.87827629733732
533,-44.64368892888275,-224.43898042635365
534,-59.22711500508045,-221.03860238468525
535,-73.55692148211428,-216.691703113142
536,-87.57174592869767,-211.41689670175285
537,-101.21157471495533,-205.23677068137428
538,-114.41800000000003,-198.1777893004158
539,-127.13446984327372,-190.27018020086524
540,-139.3065303686396,-181.5478049788851
541,-150.88205894423936,-172.04801418425927
542,-161.81148737960478,-161.81148737960484
543,-172.04801418425924,-150.88205894423942
544,-181.54780497888504,-139.30653036863967
545,-190.27018020086524,-127.13446984327369
546,-198.17778930041578,-114.4180000000001
547,-205.23677068137425,-101.2115747149554
548,-211.41689670175285,-87.57174592869762
549,-216.69170311314198,-73.55692148211433
550,-221.03860238468525,-59.227115005080414
551,-224.43898042635362,-44.643688928882824
552,-226.8782762973373,-29.869091722867736
553,-228.34604455822907,-14.966590480508943
554,-228.836,-4.203649123945256e-14
555,-228.34604455822907,14.966590480509064
556,-226.87827629733732,29.869091722867655
557,-224.43898042635365,44.64368892888274
558,-221.03860238468528,59.227115005080336
559,-216.691703113142,73.55692148211426
560,-211.4168967017528,87.57174592869774
561,-205.23677068137428,101.21157471495532
562,-198.1777893004158,114.41800000000003
563,-190.2701802008653,127.13446984327362
564,-181.5478049788851,139.30653036863959
565,-172.04801418425922,150.88205894423942
566,-161.81148737960484,161.81148737960476
567,-150.88205894423933,172.0480141842593
568,-139.30653036863967,181.54780497888504
569,-127.13446984327369,190.27018020086524
570,-114.4180000000001,198.17778930041575
571,-101.21157471495542,205.23677068137425
572,-87.57174592869764,211.41689670175285
573,-73.55692148211435,216.69170311314198
574,-59.22711500508043,221.03860238468525
575,-44.64368892888283,224.43898042635362
576,-29.86909172286775,226.8782762973373
577,-14.966590480508959,228.34604455822907
578,7.462805733266024,246.97527462194986
579,22.361186230993557,246.07408862849178
580,37.17797318515958,244.27500497153525
581,51.859101746999066,241.58458831223982
582,66.35100207050881,238.01265568922872
583,80.60079478300617,233.5722406972792
584,94.55648393622532,228.27954592914884
585,108.16714673389367,222.15388385407158
586,121.38311934349309,215.21760634865197
587,134.15617811419898,207.4960231372913
588,146.43971553975223,199.01730943974815
589,158.18891032419526,189.81240316281682
590,169.36089092992034,179.9148920112608
591,179.91489201126086,169.36089092992032
592,189.81240316281685,158.18891032419523
593,199.01730943974817,146.43971553975217
594,207.49602313729133,134.15617811419895
595,215.21760634865197,121.38311934349309
596,222.15388385407155,108.16714673389372
597,228.27954592914884,94.55648393622532
598,233.5722406972792,80.6007947830062
599,238.01265568922872,66.35100207050884
600,241.58458831223982,51.85910174699906
601,244.27500497153525,37.1779731851596
602,246.07408862849178,22.361186230993578
603,246.97527462194986,7.462805733266005
604,246.97527462194986,-7.4628057332659745
605,246.07408862849178,-22.361186230993546
606,244.27500497153525,-37.17797318515962
607,241.58458831223984,-51.85910174699902
608,238.01265568922872,-66.35100207050883
609,233.5722406972792,-80.60079478300617
610,228.27954592914884,-94.5564839362253
611,222.15388385407158,-108.16714673389369
612,215.217606348652,-121.38311934349306
613,207.4960231372913,-134.15617811419898
614,199.0173094397482,-146.43971553975217
615,189.8124031628168,-158.18891032419532
616,179.9148920112608,-169.36089092992034
617,169.36089092992037,-179.91489201126078
618,158.18891032419526,-189.81240316281682
619,146.43971553975217,-199.01730943974817
620,134.156178114199,-207.49602313729127
621,121.38311934349319,-215.21760634865194
622,108.16714673389362,-222.1538838540716
623,94.55648393622533,-228.27954592914884
624,80.60079478300626,-233.57224069727917
625,66.35100207050876,-238.01265568922875
626,51.85910174699907,-241.58458831223982
627,37.177973185159665,-244.27500497153522
628,22.361186230993482,-246.07408862849178
629,7.46280573326602,-246.97527462194986
630,-7.46280573326596,-246.97527462194986
631,-22.361186230993642,-246.07408862849178
632,-37.17797318515961,-244.27500497153525
633,-51.85910174699901,-241.58458831223984
634,-66.3510020705089,-238.0126556892287
635,-80.60079478300621,-233.5722406972792
636,-94.55648393622529,-228.27954592914887
637,-108.16714673389357,-222.1538838540716
638,-121.38311934349314,-215.21760634865194
639,-134.15617811419895,-207.49602313729133
640,-146.43971553975214,-199.0173094397482
641,-158.1889103241953,-189.8124031628168
642,-169.36089092992032,-179.91489201126086
643,-179.91489201126075,-169.36089092992037
644,-189.81240316281682,-158.18891032419526
645,-199.0173094397481,-146.43971553975226
646,-207.49602313729133,-134.15617811419892
647,-215.21760634865197,-121.3831193434931
648,-222.15388385407155,-108.16714673389374
649,-228.27954592914887,-94.55648393622525
650,-233.5722406972792,-80.60079478300617
651,-238.01265568922872,-66.35100207050887
652,-241.58458831223984,-51.859101746998974
653,-244.27500497153525,-37.17797318515957
654,-246.07408862849178,-22.361186230993606
655,-246.97527462194986,-7.462805733265926
656,-246.97527462194986,7.4628057332660545
657,-246.07408862849178,22.361186230993514
658,-244.27500497153525,37.17797318515948
659,-241.58458831223982,51.85910174699911
660,-238.01265568922875,66.3510020705088
661,-233.57224069727923,80.60079478300608
662,-228.2795459291488,94.55648393622536
663,-222.15388385407158,108.16714673389366
664,-215.217606348652,121.38311934349305
665,-207.49602313729127,134.15617811419904
666,-199.01730943974815,146.43971553975223
667,-189.81240316281688,158.1889103241952
668,-179.91489201126075,169.3608909299204
669,-169.36089092992032,179.91489201126086
670,-158.1889103241953,189.81240316281682
671,-146.43971553975211,199.01730943974823
672,-134.15617811419895,207.49602313729133
673,-121.38311934349312,215.21760634865194
674,-108.16714673389355,222.15388385407164
675,-94.55648393622526,228.27954592914887
676,-80.60079478300618,233.5722406972792
677,-66.35100207050888,238.01265568922872
678,-51.859101746998995,241.58458831223984
679,-37.17797318515959,244.27500497153525
680,-22.36118623099362,246.07408862849178
681,-7.462805733265941,246.97527462194986
682,0.0,266.016
683,14.915636092248812,265.5975076237795
684,29.784342075097545,264.3433472269608
685,44.55933549863276,262.25746486214706
686,59.19412876732294,259.34642348696
687,73.64267540719274,255.6193823145476
688,87.85951494506574,251.08806799531072
689,101.79991594403172,245.76673772052249
690,115.42001674509635,239.67213436392996
691,128.67696347218745,232.82343380247903
692,141.52904486630382,225.24218458191123
693,153.93582352456724,216.95224011706657
694,165.85826313125287,207.97968364021543
695,177.2588512804803,198.3527461335602
696,188.10171750412064,188.10171750412064
697,198.3527461335602,177.2588512804803
698,207.97968364021543,165.8582631312529
699,216.95224011706657,153.9358235245672
700,225.24218458191123,141.5290448663038
701,232.82343380247906,128.67696347218742
702,239.67213436392998,115.4200167450963
703,245.76673772052249,101.79991594403177
704,251.08806799531072,87.8595149450657
705,255.6193823145476,73.64267540719274
706,259.34642348696,59.19412876732295
707,262.25746486214706,44.55933549863278
708,264.3433472269608,29.78434207509756
709,265.5975076237795,14.915636092248768
710,266.016,1.6288782146099117e-14
711,265.5975076237795,-14.915636092248855
712,264.3433472269608,-29.78434207509753
713,262.25746486214706,-44.559335498632805
714,259.34642348696,-59.19412876732292
715,255.61938231454764,-73.64267540719271
716,251.0880679953107,-87.85951494506577
717,245.76673772052249,-101.79991594403171
718,239.67213436392996,-115.42001674509633
719,232.82343380247903,-128.67696347218745
720,225.2421845819112,-141.52904486630388
721,216.9522401170666,-153.9358235245672
722,207.97968364021537,-165.85826313125295
723,198.35274613356023,-177.2588512804803
724,188.10171750412064,-188.10171750412061
725,177.25885128048031,-198.3527461335602
726,165.8582631312528,-207.97968364021548
727,153.93582352456724,-216.95224011706657
728,141.52904486630382,-225.24218458191123
729,128.6769634721874,-232.8234338024791
730,115.42001674509638,-239.67213436392993
731,101.79991594403177,-245.76673772052249
732,87.85951494506577,-251.08806799531072
733,73.64267540719266,-255.61938231454764
734,59.194128767322965,-259.34642348696
735,44.55933549863279,-262.25746486214706
736,29.78434207509746,-264.3433472269608
737,14.915636092248725,-265.5975076237795
738,3.2577564292198233e-14,-266.016
739,-14.915636092248779,-265.5975076237795
740,-29.78434207509763,-264.3433472269608
741,-44.55933549863273,-262.25746486214706
742,-59.1941287673229,-259.34642348696
743,-73.64267540719283,-255.6193823145476
744,-87.85951494506581,-251.0880679953107
745,-101.7999159440317,-245.7667377205225
746,-115.42001674509632,-239.67213436392996
747,-128.67696347218754,-232.823433802479
748,-141.52904486630376,-225.2421845819113
749,-153.93582352456718,-216.9522401170666
750,-165.85826313125295,-207.97968364021537
751,-177.25885128048034,-198.35274613356015
752,-188.10171750412061,-188.10171750412067
753,-198.35274613356026,-177.25885128048023
754,-207.9796836402154,-165.85826313125293
755,-216.95224011706662,-153.93582352456716
756,-225.24218458191123,-141.52904486630382
757,-232.82343380247906,-128.6769634721874
758,-239.67213436393004,-115.42001674509618
759,-245.7667377205225,-101.79991594403165
760,-251.0880679953107,-87.85951494506578
761,-255.61938231454764,-73.64267540719267
762,-259.34642348696,-59.19412876732275
763,-262.25746486214706,-44.55933549863269
764,-264.3433472269608,-29.784342075097594
765,-265.5975076237795,-14.915636092248977
766,-266.016,-4.886634643829735e-14
767,-265.5975076237795,14.91563609224888
768,-264.3433472269608,29.784342075097495
769,-262.25746486214706,44.559335498632834
770,-259.34642348695996,59.19412876732312
771,-255.61938231454766,73.64267540719257
772,-251.08806799531072,87.85951494506568
773,-245.76673772052243,101.7999159440318
774,-239.67213436392998,115.4200167450963
775,-232.823433802479,128.67696347218754
776,-225.24218458191115,141.52904486630393
777,-216.95224011706654,153.93582352456727
778,-207.97968364021546,165.85826313125284
779,-198.35274613356032,177.2588512804802
780,-188.10171750412067,188.1017175041206
781,-177.25885128048026,198.35274613356023
782,-165.85826313125293,207.9796836402154
783,-153.93582352456716,216.9522401170666
784,-141.52904486630365,225.24218458191137
785,-128.67696347218742,232.82343380247906
786,-115.4200167450964,239.67213436392993
787,-101.79991594403167,245.7667377205225
788,-87.8595149450658,251.0880679953107
789,-73.64267540719268,255.61938231454764
790,-59.19412876732277,259.34642348696
791,-44.55933549863271,262.25746486214706
792,-29.784342075097374,264.3433472269608
793,-14.915636092248995,265.5975076237795
794,7.47665997569473,285.5221251595187
795,22.409486921787074,284.739528860856
796,37.28089102189113,283.17648130558774
797,52.05011079106716,280.8372666984167
798,66.6766648245237,277.72829666398445
799,81.12046275433438,273.8580926730533
800,95.34191513434965,269.2372626857481
801,109.30204195211695,263.87847207587373
802,122.96257947038526,257.7964089160072
803,136.28608510534934,251.00774371851057
804,149.2360400541693,243.53108374281584
805,161.77694939047075,235.38692199422013
806,173.8744393534708,226.5975810539826
807,185.49535156406705,217.18715189468085
808,196.60783390965,207.18142784852964
809,207.1814278485296,196.60783390965
810,217.18715189468085,185.49535156406705
811,226.5975810539826,173.8744393534708
812,235.38692199422013,161.77694939047075
813,243.5310837428158,149.23604005416934
814,251.00774371851057,136.28608510534934
815,257.7964089160072,122.9625794703853
816,263.87847207587373,109.30204195211697
817,269.2372626857481,95.34191513434965
818,273.8580926730533,81.12046275433443
819,277.72829666398445,66.67666482452373
820,280.8372666984167,52.050110791067155
821,283.17648130558774,37.28089102189117
822,284.739528860856,22.40948692178709
823,285.5221251595187,7.476659975694726
824,285.5221251595187,-7.476659975694691
825,284.739528860856,-22.409486921787053
826,283.17648130558774,-37.28089102189114
827,280.8372666984167,-52.050110791067176
828,277.72829666398445,-66.67666482452368
829,273.8580926730533,-81.12046275433438
830,269.23726268574796,-95.34191513434968
831,263.87847207587373,-109.30204195211692
832,257.79640891600724,-122.9625794703852
833,251.00774371851057,-136.28608510534937
834,243.53108374281584,-149.2360400541693
835,235.38692199422013,-161.7769493904707
836,226.5975810539826,-173.8744393534708
837,217.18715189468085,-185.49535156406702
838,207.18142784852964,-196.60783390964997
839,196.60783390965,-207.1814278485296
840,185.49535156406708,-217.18715189468085
841,173.87443935347085,-226.59758105398257
842,161.77694939047075,-235.38692199422013
843,149.23604005416934,-243.5310837428158
844,136.28608510534943,-251.0077437185105
845,122.96257947038524,-257.7964089160072
846,109.30204195211698,-263.87847207587373
847,95.34191513434972,-269.23726268574796
848,81.12046275433437,-273.8580926730533
849,66.67666482452374,-277.72829666398445
850,52.05011079106723,-280.83726669841667
851,37.28089102189113,-283.17648130558774
852,22.40948692178711,-284.739528860856
853,7.476659975694807,-285.5221251595187
854,-7.476659975694737,-285.5221251595187
855,-22.40948692178704,-284.739528860856
856,-37.28089102189106,-283.17648130558774
857,-52.05011079106716,-280.8372666984167
858,-66.67666482452367,-277.72829666398445
859,-81.12046275433443,-273.8580926730533
860,-95.34191513434966,-269.2372626857481
861,-109.30204195211691,-263.87847207587373
862,-122.96257947038531,-257.7964089160072
863,-136.28608510534934,-251.00774371851057
864,-149.23604005416928,-243.53108374281584
865,-161.77694939047078,-235.3869219942201
866,-173.8744393534708,-226.5975810539826
867,-185.49535156406702,-217.18715189468088
868,-196.60783390965005,-207.18142784852955
869,-207.1814278485296,-196.60783390965
870,-217.1871518946809,-185.495351564067
871,-226.59758105398254,-173.87443935347085
872,-235.38692199422013,-161.77694939047075
873,-243.53108374281587,-149.23604005416922
874,-251.0077437185105,-136.28608510534943
875,-257.7964089160072,-122.96257947038526
876,-263.87847207587373,-109.30204195211687
877,-269.23726268574796,-95.34191513434975
878,-273.8580926730533,-81.12046275433438
879,-277.72829666398445,-66.67666482452363
880,-280.83726669841667,-52.05011079106725
881,-283.17648130558774,-37.280891021891144
882,-284.739528860856,-22.409486921786996
883,-285.5221251595187,-7.476659975694824
884,-285.5221251595187,7.476659975694719
885,-284.739528860856,22.40948692178715
886,-283.17648130558774,37.280891021891044
887,-280.8372666984167,52.05011079106715
888,-277.72829666398445,66.67666482452378
889,-273.85809267305336,81.1204627543343
890,-269.2372626857481,95.34191513434965
891,-263.8784720758737,109.30204195211701
892,-257.79640891600724,122.96257947038517
893,-251.00774371851057,136.28608510534934
894,-243.53108374281578,149.23604005416937
895,-235.38692199422013,161.77694939047066
896,-226.5975810539826,173.87443935347076
897,-217.1871518946808,185.49535156406714
898,-207.18142784852967,196.60783390964997
899,-196.60783390965003,207.18142784852955
900,-185.495351564067,217.18715189468088
901,-173.8744393534709,226.59758105398254
902,-161.77694939047078,235.3869219942201
903,-149.23604005416928,243.53108374281584
904,-136.28608510534946,251.00774371851048
905,-122.96257947038528,257.7964089160072
906,-109.30204195211688,263.87847207587373
907,-95.34191513434976,269.23726268574796
908,-81.1204627543344,273.8580926730533
909,-66.67666482452364,277.72829666398445
910,-52.05011079106726,280.83726669841667
911,-37.280891021891165,283.17648130558774
912,-22.409486921787018,284.739528860856
913,-7.476659975694842,285.5221251595187
914,0.0,305.9
915,14.89353891217426,305.53721949816776
916,29.751751995511533,304.4497384679408
917,44.539397210137984,302.6401362941762
918,59.221399895367924,300.1127051533022
919,73.76293596292378,296.87343983275025
920,88.12951449582617,292.93002351198135
921,102.28705955703828,288.2918095388332
922,116.20199101382384,282.9697992444126
923,129.84130418611184,276.9766158491535
924,143.17264812995137,270.32647452193265
925,156.16440237037654,263.0351486632597
926,168.7857519016794,255.11993249251364
927,181.00676027719916,246.59960002796544
928,192.79844061526623,237.4943605568807
929,204.13282435288303,227.82581070132287
930,214.9830275840652,217.61688319335207
931,225.32331482549674,206.89179248111822
932,235.12916005825298,195.67597729486482
933,244.37730490080762,183.99604030907216
934,253.04581377534447,171.87968504385174
935,261.11412593652426,159.35565015525785
936,268.5631042393011,146.45364127037024
937,275.37508053011607,133.20426052882868
938,281.53389755380584,119.63893399793871
939,287.0249472768264,105.78983713351204
940,291.83520553589506,91.68981846323992
941,295.95326292986636,77.37232167361512
942,299.36935188157173,62.871306285202024
943,302.0753698054328,48.22116710440572
944,304.06489832589943,33.45665264279175
945,305.33321850112753,18.612782697455195
946,305.87732201578757,3.7247652879310142
947,305.6959183164562,-11.172086853337872
948,304.78943767266645,-26.042440038901116
949,303.1600301563559,-40.851023433903876
950,300.81156054213363,-55.562712714609646
951,297.74959914046184,-70.14261337941626
952,293.9814085854947,-84.55614351475836
953,289.51592660891265,-98.76911581958544
954,284.3637448406105,-112.74781869386284
955,278.537083686521,-126.45909619876305
956,272.0497633431625,-139.8704266988889
957,264.91717101765977,-152.94999999999993
958,257.1562244309883,-165.66679279927885
959,248.7853316910094,-177.9906422691778
960,239.8243476304725,-189.89231760031336
961,230.2945267135448,-201.34358933371675
962,220.21847262257089,-212.3172963179919
963,209.6200846446357,-222.78741013256504
964,198.52450098509544,-232.72909682422355
965,186.95803914253202,-242.11877581050885
966,174.9481334865546,-250.9341758102524
967,162.52327018650485,-259.15438766859484
968,149.71291964541103,-266.75991395119075
969,136.5474665994482,-273.7327151899688
970,123.05813804870034,-280.0562526707572
971,109.2769291901664,-285.71552766128644
972,95.23652752868865,-290.69711698652486
973,80.97023534580117,-294.9892048669672
974,66.51189071039822,-298.5816109443581
975,51.895787218573496,-301.4658144283768
976,37.15659265299832,-303.63497430701085
977,22.32926675477162,-305.0839455726804
978,7.448978302776742,-305.8092914256281
979,-7.448978302776802,-305.8092914256281
980,-22.32926675477168,-305.0839455726804
981,-37.15659265299825,-303.63497430701085
982,-51.89578721857343,-301.4658144283768
983,-66.51189071039828,-298.5816109443581
984,-80.97023534580124,-294.9892048669672
985,-95.23652752868871,-290.69711698652486
986,-109.27692919016658,-285.7155276612864
987,-123.05813804870029,-280.0562526707572
988,-136.54746659944811,-273.7327151899688
989,-149.71291964541106,-266.75991395119075
990,-162.52327018650476,-259.1543876685949
991,-174.94813348655467,-250.93417581025236
992,-186.9580391425322,-242.11877581050877
993,-198.52450098509541,-232.72909682422357
994,-209.62008464463565,-222.7874101325651
995,-220.21847262257094,-212.31729631799183
996,-230.29452671354477,-201.34358933371684
997,-239.82434763047243,-189.89231760031342
998,-248.78533169100942,-177.99064226917778
999,-257.1562244309883,-165.6667927992788
1000,-264.9171710176597,-152.9500000000001
1001,-272.04976334316257,-139.87042669888874
1002,-278.537083686521,-126.45909619876306
1003,-284.3637448406105,-112.74781869386277
1004,-289.5159266089127,-98.76911581958525
1005,-293.98140858549465,-84.55614351475845
1006,-297.74959914046184,-70.14261337941628
1007,-300.81156054213363,-55.56271271460979
1008,-303.1600301563559,-40.85102343390394
1009,-304.78943767266645,-26.04244003890092
1010,-305.6959183164562,-11.17208685333781
1011,-305.87732201578757,3.7247652879311426
1012,-305.3332185011276,18.612782697455053
1013,-304.06489832589943,33.45665264279174
1014,-302.0753698054328,48.22116710440551
1015,-299.36935188157173,62.87130628520209
1016,-295.9532629298663,77.37232167361532
1017,-291.83520553589506,91.68981846323992
1018,-287.0249472768264,105.78983713351204
1019,-281.5338975538059,119.63893399793857
1020,-275.3750805301161,133.20426052882863
1021,-268.56310423930097,146.4536412703705
1022,-261.1141259365242,159.35565015525793
1023,-253.0458137753444,171.87968504385185
1024,-244.37730490080764,183.99604030907207
1025,-235.12916005825295,195.67597729486482
1026,-225.32331482549685,206.89179248111802
1027,-214.9830275840651,217.61688319335218
1028,-204.13282435288286,227.825810701323
1029,-192.79844061526623,237.49436055688068
1030,-181.0067602771991,246.59960002796552
1031,-168.78575190167948,255.11993249251358
1032,-156.16440237037656,263.03514866325963
1033,-143.17264812995134,270.3264745219327
1034,-129.84130418611173,276.9766158491535
1035,-116.20199101382367,282.9697992444127
1036,-102.2870595570383,288.2918095388332
1037,-88.12951449582611,292.93002351198135
1038,-73.76293596292392,296.8734398327502
1039,-59.22139989536774,300.1127051533022
1040,-44.539397210138,302.64013629417616
1041,-29.751751995511476,304.44973846794085
1042,-14.893538912174131,305.53721949816776
1043,7.494586983350112,326.77006579848927
1044,22.467999717333097,326.08286327972206
1045,37.39416189928132,324.7099034397478
1046,52.24168357852139,322.6540736344137
1047,66.9793401865773,319.9196973057001
1048,81.57613820292255,316.5125248894547
1049,96.00138033483462,312.439721722137
1050,110.22473007427796,307.7098529720044
1051,124.21627549605104,302.33286562643025
1052,137.9465921630293,296.3200675732355
1053,151.38680500621288,289.68410382002475
1054,164.50864904944478,282.43892990153927
1055,177.28452885109445,274.5997825309508
1056,189.68757653769947,266.18314755681735
1057,201.69170830752054,257.206725293088
1058,213.27167928518125,247.68939329506784
1059,224.40313661203263,237.65116665962617
1060,235.0626706605929,227.1131559331375
1061,245.227864265357,216.0975227156749
1062,254.87733986644398,204.6274330548209
1063,263.99080446693677,192.72700872711016
1064,272.5490923093695,180.42127650955916
1065,280.5342051816132,167.73611554796588
1066,287.92935026739497,154.69820293266423
1067,294.7189754618512,141.3349575961897
1068,300.88880207784536,127.67448265083824
1069,306.4258548742686,113.7455062873856
1070,311.3184893431733,99.5773213592556
1071,315.55641619835393,85.1997237791957
1072,319.1307230138752,70.64294985800969
1073,322.03389296704273,55.93761271712686
1074,324.2598206463974,41.114637908732774
1075,325.8038248914904,26.205198378853066
1076,326.6626586374366,11.240648910164435
1077,326.83451574354183,-3.7475398175999697
1078,326.31903479164544,-18.727847410978512
1079,325.1172998461878,-33.668770050657386
1080,323.23183817440605,-48.538886744491606
1081,320.6666149314522,-63.306925406338834
1082,317.42702482161,-77.94182862174183
1083,313.5198807531482,-92.41281896215352
1084,308.9533995106686,-106.68946371034585
1085,303.737184475081,-120.74173886088688
1086,297.8822054275437,-134.54009226109025
1087,291.4007754798435,-148.05550575965026
1088,284.3065251797309,-161.259556232265
1089,276.6143738456665,-174.124475355907
1090,268.3404981912623,-186.62320800603857
1091,259.50229830540303,-198.72946915395713
1092,250.1183610595884,-210.4177991446193
1093,240.20842101945377,-221.66361723869082
1094,229.79331894267352,-232.44327330622133
1095,218.89495795052292,-242.73409756323647
1096,207.5362574652748,-252.5144482466442
1097,195.7411050102997,-261.76375712719823
1098,183.534305974232,-270.4625727648041
1099,170.9415314448537,-278.5926014151993
1100,157.98926422239845,-286.1367455019805
1101,144.70474312581152,-293.0791395730732
1102,131.11590570909112,-299.4051836660226
1103,117.25132950817826,-305.10157401194215
1104,103.14017194195601,-310.15633101354507
1105,88.81210899374491,-314.55882443842387
1106,74.29727280224888,-318.299795774594
1107,59.62618829320152,-321.3713777012876
1108,44.829708984971916,-323.7671106340524
1109,29.938952103137492,-325.4819563093568
1110,14.98523314047673,-326.5123083801368
1111,4.002831541821073e-14,-326.856
1112,-14.985233140476502,-326.5123083801368
1113,-29.93895210313741,-325.4819563093568
1114,-44.82970898497169,-323.7671106340524
1115,-59.626188293201295,-321.3713777012877
1116,-74.29727280224894,-318.2997957745939
1117,-88.8121089937447,-314.5588244384239
1118,-103.1401719419558,-310.1563310135451
1119,-117.25132950817819,-305.10157401194215
1120,-131.11590570909092,-299.4051836660227
1121,-144.70474312581132,-293.07913957307323
1122,-157.98926422239836,-286.13674550198056
1123,-170.9415314448535,-278.5926014151994
1124,-183.53430597423184,-270.4625727648043
1125,-195.74110501029952,-261.76375712719835
1126,-207.53625746527473,-252.51444824664426
1127,-218.89495795052272,-242.73409756323665
1128,-229.79331894267335,-232.44327330622153
1129,-240.20842101945385,-221.66361723869076
1130,-250.11836105958815,-210.4177991446196
1131,-259.50229830540303,-198.72946915395718
1132,-268.3404981912622,-186.62320800603874
1133,-276.61437384566625,-174.12447535590735
1134,-284.30652517973084,-161.25955623226506
1135,-291.4007754798434,-148.05550575965046
1136,-297.8822054275435,-134.5400922610905
1137,-303.73718447508094,-120.74173886088701
1138,-308.95339951066853,-106.68946371034606
1139,-313.51988075314813,-92.4128189621536
1140,-317.42702482161,-77.94182862174178
1141,-320.6666149314522,-63.30692540633877
1142,-323.23183817440605,-48.53888674449169
1143,-325.1172998461878,-33.66877005065732
1144,-326.31903479164544,-18.72784741097852
1145,-326.83451574354183,-3.7475398176000496
1146,-326.6626586374366,11.240648910164284
1147,-325.8038248914904,26.205198378853055
1148,-324.2598206463974,41.11463790873292
1149,-322.03389296704273,55.937612717126925
1150,-319.1307230138752,70.64294985800969
1151,-315.55641619835393,85.19972377919562
1152,-311.3184893431734,99.5773213592554
1153,-306.4258548742686,113.74550628738552
1154,-300.88880207784524,127.67448265083844
1155,-294.7189754618512,141.33495759618978
1156,-287.92935026739497,154.69820293266423
1157,-280.53420518161323,167.73611554796577
1158,-272.5490923093696,180.421276509559
1159,-263.99080446693654,192.72700872711033
1160,-254.8773398664439,204.627433054821
1161,-245.22786426535697,216.09752271567496
1162,-235.0626706605929,227.1131559331375
1163,-224.40313661203274,237.65116665962606
1164,-213.27167928518125,247.68939329506784
1165,-201.69170830752057,257.20672529308797
1166,-189.68757653769936,266.18314755681746
1167,-177.28452885109442,274.5997825309508
1168,-164.50864904944487,282.4389299015392
1169,-151.38680500621277,289.6841038200248
1170,-137.9465921630293,296.3200675732355
1171,-124.21627549605111,302.33286562643025
1172,-110.22473007427811,307.70985297200434
1173,-96.00138033483462,312.43972172213705
1174,-81.57613820292238,316.5125248894547
1175,-66.97934018657722,319.9196973057001
1176,-52.241683578521396,322.6540736344137
1177,-37.39416189928144,324.7099034397478
1178,-22.467999717333313,326.08286327972206
1179,-7.494586983349851,326.77006579848927
1180,0.0,348.488
1181,14.992731935282816,348.16534022374594
1182,29.957700782415248,347.1979583866116
1183,44.86719486409498,345.58764585706376
1184,59.693605229514766,343.33738456320606
1185,74.40947677978365,340.4513414709345
1186,88.98755910844979,336.9348608676759
1187,103.40085696298007,332.7944544659982
1188,117.62268023375336,328.0377893454171
1189,131.62669337799932,322.6736737547303
1190,145.38696418716108,316.7120408011687
1191,158.87801180737577,310.1639300565676
1192,172.07485392415015,303.04146711462175
1193,184.95305302385583,295.35784113707695
1194,197.48876164637903,287.12728043043853
1195,209.6587665451268,278.3650260984235
1196,221.44053167261615,269.08730381894475
1197,232.81223991204584,259.31129379789076
1198,243.7528334775744,249.05509895533933
1199,254.2420529084919,238.33771140311725
1200,264.2604745850773,227.17897727578074
1201,273.789546696671,215.5995599801433
1202,282.8116235953572,203.62090193140287
1203,291.30999847164196,191.26518484672522
1204,299.26893429161805,178.55528866981007
1205,306.6736929383295,165.5147492025022
1206,313.510562503371,152.1677145219048
1207,319.766882678186,138.53890026369933
1208,325.4310681980436,124.65354385447823
1209,330.49263029528163,110.53735777784037
1210,334.94219612209037,96.21648196079072
1211,338.7715261068683,81.71743536861295
1212,341.9735292120126,67.0670668978506
1213,344.5422760648878,52.29250565833133
1214,346.4730099376595,37.42111073630087
1215,347.7621555556588,22.48042053169328
1216,348.4073257179682,7.498101763354144
1217,348.4073257179682,-7.498101763354256
1218,347.7621555556588,-22.480420531693394
1219,346.4730099376595,-37.4211107363009
1220,344.5422760648878,-52.29250565833137
1221,341.9735292120126,-67.06706689785055
1222,338.7715261068683,-81.71743536861291
1223,334.94219612209037,-96.21648196079067
1224,330.4926302952817,-110.53735777784033
1225,325.4310681980436,-124.65354385447826
1226,319.766882678186,-138.53890026369936
1227,313.510562503371,-152.1677145219048
1228,306.67369293832945,-165.51474920250223
1229,299.26893429161805,-178.5552886698101
1230,291.3099984716419,-191.26518484672525
1231,282.8116235953572,-203.62090193140287
1232,273.789546696671,-215.5995599801433
1233,264.2604745850773,-227.17897727578082
1234,254.24205290849184,-238.3377114031173
1235,243.75283347757437,-249.05509895533936
1236,232.81223991204584,-259.31129379789076
1237,221.44053167261615,-269.08730381894475
1238,209.6587665451268,-278.3650260984235
1239,197.4887616463789,-287.12728043043865
1240,184.95305302385583,-295.35784113707695
1241,172.07485392415003,-303.04146711462187
1242,158.8780118073758,-310.1639300565676
1243,145.38696418716094,-316.7120408011687
1244,131.62669337799932,-322.6736737547303
1245,117.62268023375337,-328.0377893454171
1246,103.40085696298009,-332.7944544659982
1247,88.98755910844982,-336.9348608676759
1248,74.40947677978367,-340.4513414709345
1249,59.693605229514795,-343.33738456320606
1250,44.86719486409485,-345.5876458570638
1251,29.957700782415287,-347.1979583866116
1252,14.992731935282702,-348.16534022374594
1253,4.2677471374126285e-14,-348.488
1254,-14.992731935282924,-348.16534022374594
1255,-29.9577007824152,-347.1979583866116
1256,-44.86719486409508,-345.58764585706376
1257,-59.693605229514716,-343.33738456320606
1258,-74.40947677978374,-340.45134147093444
1259,-88.98755910844973,-336.934860867676
1260,-103.40085696298016,-332.7944544659982
1261,-117.62268023375343,-328.037789345417
1262,-131.62669337799923,-322.6736737547304
1263,-145.38696418716114,-316.71204080116865
1264,-158.8780118073757,-310.16393005656766
1265,-172.07485392415023,-303.04146711462175
1266,-184.95305302385574,-295.35784113707695
1267,-197.48876164637903,-287.1272804304385
1268,-209.65876654512675,-278.3650260984236
1269,-221.44053167261623,-269.0873038189447
1270,-232.8122399120459,-259.31129379789064
1271,-243.75283347757443,-249.05509895533933
1272,-254.2420529084919,-238.33771140311725
1273,-264.2604745850774,-227.1789772757806
1274,-273.78954669667104,-215.59955998014323
1275,-282.81162359535733,-203.6209019314027
1276,-291.30999847164196,-191.2651848467252
1277,-299.268934291618,-178.55528866981018
1278,-306.6736929383295,-165.51474920250217
1279,-313.5105625033709,-152.16771452190488
1280,-319.76688267818605,-138.5389002636993
1281,-325.4310681980436,-124.65354385447834
1282,-330.4926302952817,-110.53735777784036
1283,-334.9421961220903,-96.21648196079083
1284,-338.7715261068683,-81.71743536861291
1285,-341.97352921201264,-67.06706689785041
1286,-344.5422760648878,-52.2925056583313
1287,-346.47300993765947,-37.42111073630098
1288,-347.7621555556588,-22.48042053169332
1289,-348.4073257179682,-7.498101763354033
1290,-348.4073257179682,7.498101763354215
1291,-347.7621555556588,22.480420531693504
1292,-346.4730099376595,37.421110736300854
1293,-344.54227606488786,52.292505658331166
1294,-341.9735292120126,67.0670668978506
1295,-338.7715261068683,81.7174353686131
1296,-334.94219612209037,96.21648196079072
1297,-330.4926302952817,110.53735777784021
1298,-325.4310681980434,124.65354385447851
1299,-319.76688267818594,138.53890026369945
1300,-313.510562503371,152.16771452190477
1301,-306.67369293832957,165.51474920250206
1302,-299.2689342916179,178.55528866981032
1303,-291.30999847164185,191.26518484672533
1304,-282.8116235953573,203.6209019314028
1305,-273.7895466966711,215.59955998014314
1306,-264.26047458507713,227.178977275781
1307,-254.24205290849176,238.33771140311737
1308,-243.7528334775744,249.05509895533933
1309,-232.812239912046,259.3112937978906
1310,-221.4405316726162,269.0873038189447
1311,-209.6587665451267,278.36502609842364
1312,-197.48876164637903,287.12728043043853
1313,-184.95305302385572,295.357841137077
1314,-172.0748539241502,303.04146711462175
1315,-158.87801180737569,310.16393005656766
1316,-145.3869641871611,316.71204080116865
1317,-131.6266933779992,322.6736737547304
1318,-117.62268023375341,328.037789345417
1319,-103.40085696297999,332.79445446599823
1320,-88.98755910844956,336.93486086767604
1321,-74.40947677978356,340.4513414709345
1322,-59.69360522951484,343.33738456320606
1323,-44.8671948640949,345.5876458570638
1324,-29.95770078241502,347.1979583866116
1325,-14.992731935282743,348.16534022374594
1326,7.466738802612213,370.7208133186665
1327,22.388105330193977,370.1195028037892
1328,37.27315826905998,368.9178571018887
1329,52.09775400891083,367.1178252866878
1330,66.83784700124498,364.7223270163731
1331,81.46952876132642,361.735247797899
1332,95.96906664783428,358.16143268468136
1333,110.31294235729382,354.00667841790266
1334,124.47789007085078,349.277724024177
1335,138.4409341915145,343.9822398848242
1336,152.17942661066039,338.12881529448305
1337,165.6710834433448,331.72694452924424
1338,178.89402117284803,324.7870114468997
1339,191.82679214581842,317.3202726442875
1340,204.4484193604444,309.33883919905026
1341,216.7384304912283,300.85565702542306
1342,228.67689109517326,291.88448587591336
1343,240.2444369455222,282.43987702293214
1344,251.42230544060513,272.5371496565763
1345,262.19236603684703,262.19236603684715
1346,272.5371496565762,251.4223054406052
1347,282.439877022932,240.24443694552224
1348,291.88448587591336,228.67689109517326
1349,300.855657025423,216.73843049122834
1350,309.33883919905026,204.4484193604444
1351,317.3202726442875,191.82679214581842
1352,324.7870114468997,178.8940211728481
1353,331.7269445292442,165.67108344334488
1354,338.12881529448305,152.17942661066039
1355,343.98223988482425,138.4409341915145
1356,349.277724024177,124.47789007085082
1357,354.00667841790266,110.31294235729385
1358,358.16143268468136,95.96906664783428
1359,361.735247797899,81.46952876132642
1360,364.722327016373,66.83784700124504
1361,367.1178252866878,52.09775400891086
1362,368.9178571018887,37.273158269060005
1363,370.1195028037892,22.388105330194065
1364,370.7208133186665,7.466738802612284
1365,370.7208133186665,-7.466738802612157
1366,370.1195028037892,-22.388105330193937
1367,368.9178571018887,-37.27315826906004
1368,367.1178252866878,-52.097754008910826
1369,364.7223270163731,-66.83784700124498
1370,361.735247797899,-81.46952876132644
1371,358.16143268468136,-95.96906664783432
1372,354.0066784179027,-110.3129423572938
1373,349.277724024177,-124.47789007085078
1374,343.9822398848242,-138.44093419151451
1375,338.12881529448305,-152.17942661066033
1376,331.72694452924424,-165.67108344334483
1377,324.7870114468998,-178.89402117284803
1378,317.3202726442876,-191.8267921458183
1379,309.33883919905026,-204.44841936044438
1380,300.8556570254231,-216.73843049122826
1381,291.88448587591347,-228.67689109517312
1382,282.43987702293214,-240.2444369455222
1383,272.53714965657633,-251.42230544060507
1384,262.1923660368471,-262.19236603684703
1385,251.42230544060521,-272.53714965657616
1386,240.24443694552224,-282.439877022932
1387,228.6768910951733,-291.8844858759133
1388,216.7384304912283,-300.85565702542306
1389,204.44841936044457,-309.3388391990501
1390,191.8267921458185,-317.3202726442875
1391,178.89402117284808,-324.7870114468997
1392,165.6710834433449,-331.7269445292442
1393,152.17942661066039,-338.12881529448305
1394,138.44093419151457,-343.9822398848242
1395,124.47789007085075,-349.277724024177
1396,110.31294235729386,-354.00667841790266
1397,95.96906664783438,-358.1614326846813
1398,81.46952876132659,-361.735247797899
1399,66.83784700124505,-364.722327016373
1400,52.09775400891097,-367.1178252866877
1401,37.273158269060026,-368.9178571018887
1402,22.388105330194087,-370.1195028037892
1403,7.466738802612224,-370.7208133186665
1404,-7.4667388026121335,-370.7208133186665
1405,-22.38810533019383,-370.1195028037892
1406,-37.27315826905977,-368.9178571018888
1407,-52.09775400891072,-367.1178252866878
1408,-66.83784700124497,-364.7223270163731
1409,-81.46952876132634,-361.735247797899
1410,-95.9690666478343,-358.16143268468136
1411,-110.31294235729378,-354.0066784179027
1412,-124.47789007085083,-349.277724024177
1413,-138.44093419151434,-343.98223988482425
1414,-152.1794266106603,-338.12881529448305
1415,-165.67108344334468,-331.7269445292443
1416,-178.894021172848,-324.7870114468998
1417,-191.8267921458183,-317.3202726442876
1418,-204.44841936044438,-309.33883919905026
1419,-216.73843049122823,-300.8556570254231
1420,-228.67689109517326,-291.88448587591336
1421,-240.24443694552204,-282.4398770229322
1422,-251.42230544060507,-272.53714965657633
1423,-262.19236603684703,-262.19236603684715
1424,-272.53714965657616,-251.42230544060527
1425,-282.4398770229319,-240.2444369455224
1426,-291.8844858759132,-228.67689109517346
1427,-300.855657025423,-216.73843049122834
1428,-309.3388391990502,-204.44841936044446
1429,-317.32027264428746,-191.82679214581856
1430,-324.7870114468996,-178.89402117284826
1431,-331.72694452924424,-165.67108344334477
1432,-338.1288152944829,-152.17942661066073
1433,-343.9822398848242,-138.4409341915146
1434,-349.277724024177,-124.47789007085093
1435,-354.0066784179026,-110.31294235729405
1436,-358.1614326846813,-95.96906664783457
1437,-361.7352477978989,-81.46952876132677
1438,-364.722327016373,-66.83784700124508
1439,-367.1178252866877,-52.09775400891098
1440,-368.91785710188867,-37.27315826906054
1441,-370.1195028037892,-22.388105330194275
1442,-370.7208133186665,-7.466738802612577
1443,-370.7208133186665,7.466738802612111
1444,-370.11950280378926,22.388105330193483
1445,-368.9178571018888,37.27315826905975
1446,-367.11782528668783,52.097754008910535
1447,-364.7223270163731,66.83784700124495
1448,-361.7352477978991,81.469528761326
1449,-358.1614326846815,95.96906664783378
1450,-354.0066784179027,110.3129423572936
1451,-349.2777240241772,124.4778900708505
1452,-343.98223988482437,138.44093419151417
1453,-338.1288152944832,152.17942661066
1454,-331.7269445292443,165.67108344334466
1455,-324.7870114468999,178.89402117284783
1456,-317.3202726442877,191.82679214581813
1457,-309.3388391990504,204.44841936044403
1458,-300.85565702542334,216.73843049122797
1459,-291.88448587591347,228.6768910951731
1460,-282.4398770229322,240.24443694552204
1461,-272.5371496565765,251.42230544060493
1462,-262.1923660368474,262.1923660368468
1463,-251.42230544060553,272.53714965657593
1464,-240.2444369455224,282.4398770229319
1465,-228.67689109517374,291.884485875913
1466,-216.73843049122863,300.85565702542283
1467,-204.44841936044475,309.33883919905
1468,-191.82679214581856,317.32027264428746
1469,-178.89402117284854,324.78701144689944
1470,-165.6710834433454,331.72694452924395
1471,-152.17942661066076,338.1288152944829
1472,-138.4409341915149,343.982239884824
1473,-124.47789007085096,349.277724024177
1474,-110.31294235729438,354.0066784179025
1475,-95.96906664783458,358.1614326846813
1476,-81.4695287613268,361.7352477978989
1477,-66.8378470012451,364.722327016373
1478,-52.09775400891134,367.1178252866877
1479,-37.273158269060566,368.91785710188867
1480,-22.388105330194296,370.1195028037892
1481,-7.466738802612599,370.7208133186665
1482,0.0,393.78
1483,14.991483581076375,393.49452832287045
1484,29.961230944160214,392.63852719812235
1485,44.88753738669708,391.2132377455521
1486,59.74876119131432,389.2207264986068
1487,74.52335500424232,386.66388240810863
1488,89.18989707691748,383.54641265355207
1489,103.72712232546976,379.87283726804816
1490,118.11395316306124,375.64848258470863
1491,132.32953006037204,370.879473513972
1492,146.35324178992377,365.5727246630691
1493,160.16475531038859,359.73593031050336
1494,173.74404524755568,353.3775532500831
1495,187.07142292920906,346.506812520679
1496,200.1275649318203,339.13367003949935
1497,212.89354109766518,331.2688161582625
1498,225.3508419817426,322.92365416320877
1499,237.48140568870042,314.1102837414256
1500,249.26764406085692,304.8414834374579
1501,260.69246817934805,295.13069212564045
1502,271.739313141426,284.9919895250145
1503,282.3921620779846,274.44007578508143
1504,292.63556937648826,263.4902501719912
1505,302.45468307563357,252.15838888606896
1506,311.83526639927345,240.46092204284284
1507,320.7637183983811,228.41480985094643
1508,329.22709367112645,216.0375180214383
1509,337.2131211324707,203.34699244419042
1510,344.71022180606656,190.36163316806352
1511,351.7075256126672,177.10026772259548
1512,358.1948871307022,163.58212381988284
1513,364.16290030616807,149.82680147623748
1514,369.6029120905082,135.85424459403555
1515,374.5070349867055,121.6847120449668
1516,378.86815848539936,107.33874829660667
1517,382.6799593744442,92.83715362490227
1518,385.9369109069626,78.20095395576176
1519,388.6342908146002,63.45137037947048
1520,390.76818815436286,48.60978838214016
1521,392.33550897911056,33.697726838797635
1522,393.33398082348486,18.736806813073283
1523,393.76215599876616,3.7487202087265357
1524,393.61941369188435,-11.244801681541663
1525,392.905960865538,-26.222019684385316
1526,391.62283195811864,-41.16121826553661
1527,389.7718873838736,-56.040737015254166
1528,387.3558108354837,-70.83900205384721
1529,384.37810539296464,-85.53455731173788
1530,380.84308844453665,-100.10609563871121
1531,376.75588542682414,-114.53248969724598
1532,372.12242239346216,-128.7928225951342
1533,366.9494174228857,-142.86641821297533
1534,361.2443708777579,-156.73287118257252
1535,355.01555453016135,-170.37207647276594
1536,348.2719995683193,-183.76425853980578
1537,341.0234835022363,-196.8899999999999
1538,333.2805159872429,-209.73026978306467
1539,325.05432358600115,-222.26645072535626
1540,316.3568334910609,-234.4803665629793
1541,307.20065623157143,-246.3543082856313
1542,297.5990673892198,-257.8710598129743
1543,287.5659883499065,-269.01392295630603
1544,277.115966119067,-279.76674162933676
1545,266.2641522299034,-290.1139252729706
1546,255.02628077511162,-300.0404714601247
1547,243.41864559395,-309.53198764781473
1548,231.4580766477301,-318.57471204496676
1549,219.16191561798246,-327.1555335656977
1550,206.54799076267543,-335.2620108391372
1551,193.63459106694597,-342.88239024822576
1552,180.44043972581972,-350.0056229713357
1553,166.98466699736795,-356.6213810020063
1554,153.2867824656626,-362.72007212356556
1555,139.36664675374337,-368.29285381692824
1556,125.24444272761463,-373.331646081402
1557,110.94064623301833,-377.8291431499167
1558,96.47599640741484,-381.77882408168796
1559,81.87146561021726,-385.17496221695797
1560,67.14822901487484,-388.01263348010445
1561,52.3276339068948,-390.28772351908015
1562,37.43116873232113,-391.9969336708292
1563,22.48043194154078,-393.1377857440337
1564,7.497100673595946,-393.70862561225397
1565,-7.497100673595674,-393.70862561225397
1566,-22.480431941540676,-393.1377857440337
1567,-37.431168732320856,-391.99693367082926
1568,-52.327633906894526,-390.2877235190802
1569,-67.14822901487457,-388.0126334801045
1570,-81.87146561021733,-385.17496221695785
1571,-96.47599640741458,-381.778824081688
1572,-110.94064623301806,-377.8291431499168
1573,-125.24444272761451,-373.3316460814021
1574,-139.3666467537431,-368.29285381692836
1575,-153.28678246566238,-362.72007212356567
1576,-166.98466699736784,-356.62138100200633
1577,-180.44043972581946,-350.0056229713358
1578,-193.63459106694572,-342.88239024822593
1579,-206.5479907626752,-335.2620108391373
1580,-219.1619156179822,-327.1555335656978
1581,-231.45807664772988,-318.57471204496693
1582,-243.4186455939498,-309.53198764781496
1583,-255.02628077511156,-300.04047146012476
1584,-266.26415222990323,-290.1139252729708
1585,-277.11596611906685,-279.76674162933693
1586,-287.5659883499065,-269.01392295630615
1587,-297.5990673892196,-257.8710598129745
1588,-307.20065623157126,-246.3543082856315
1589,-316.35683349106074,-234.48036656297953
1590,-325.05432358600103,-222.26645072535635
1591,-333.280515987243,-209.73026978306459
1592,-341.02348350223616,-196.89000000000016
1593,-348.27199956831925,-183.76425853980587
1594,-355.01555453016135,-170.37207647276603
1595,-361.2443708777578,-156.73287118257286
1596,-366.94941742288563,-142.8664182129756
1597,-372.1224223934621,-128.79282259513437
1598,-376.755885426824,-114.53248969724639
1599,-380.8430884445366,-100.10609563871157
1600,-384.3781053929646,-85.53455731173814
1601,-387.3558108354836,-70.8390020538474
1602,-389.7718873838736,-56.04073701525425
1603,-391.6228319581187,-41.16121826553654
1604,-392.905960865538,-26.222019684385234
1605,-393.61941369188435,-11.244801681542196
1606,-393.76215599876616,3.74872020872609
1607,-393.33398082348486,18.736806813072924
1608,-392.3355089791106,33.69772683879728
1609,-390.76818815436286,48.60978838213998
1610,-388.6342908146002,63.45137037947038
1611,-385.9369109069627,78.20095395576166
1612,-382.6799593744443,92.837153624902
1613,-378.8681584853995,107.3387482966064
1614,-374.5070349867055,121.68471204496672
1615,-369.6029120905082,135.85424459403555
1616,-364.1629003061682,149.82680147623716
1617,-358.1948871307023,163.58212381988267
1618,-351.7075256126675,177.100267722595
1619,-344.71022180606667,190.36163316806324
1620,-337.21312113247086,203.34699244419016
1621,-329.22709367112657,216.03751802143813
1622,-320.76371839838123,228.4148098509463
1623,-311.83526639927345,240.4609220428428
1624,-302.45468307563357,252.15838888606905
1625,-292.63556937648843,263.490250171991
1626,-282.39216207798495,274.4400757850811
1627,-271.7393131414263,284.9919895250142
1628,-260.69246817934834,295.1306921256402
1629,-249.26764406085715,304.8414834374577
1630,-237.48140568870056,314.11028374142546
1631,-225.35084198174266,322.9236541632087
1632,-212.89354109766546,331.2688161582623
1633,-200.12756493182053,339.13367003949924
1634,-187.07142292920918,346.5068125206789
1635,-173.74404524755573,353.37755325008305
1636,-160.16475531038859,359.73593031050336
1637,-146.35324178992397,365.5727246630689
1638,-132.32953006037252,370.87947351397185
1639,-118.11395316306164,375.6484825847085
1640,-103.72712232547009,379.8728372680481
1641,-89.18989707691773,383.546412653552
1642,-74.52335500424249,386.6638824081086
1643,-59.74876119131441,389.2207264986068
1644,-44.88753738669708,391.2132377455521
1645,-29.961230944160484,392.63852719812235
1646,-14.991483581076555,393.49452832287045
1647,7.493462851077711,417.37273702830606
1648,22.470729833958792,416.834763306432
1649,37.41903310864928,415.7595092853726
1650,52.31910501908316,414.14836091671566
1651,67.15174007714226,412.0033948945226
1652,81.89781971762228,409.32737597856783
1653,96.53833694115922,406.12375343069414
1654,111.05442081335286,402.39665656887695
1655,125.42736078850878,398.15088944472956
1656,139.63863082664713,393.3919246513067
1657,153.66991327269196,388.1258962691917
1658,167.50312246706258,382.3595919599562
1659,181.12042805723343,376.10044421718584
1660,194.5042779802155,369.35652078634683
1661,207.63742108633534,362.136514265844
1662,220.50292937515152,354.4497309026725
1663,233.08421981484634,346.3060785971052
1664,245.36507571696998,337.7160541318781
1665,257.3296676389851,328.69072964233334
1666,268.9625737876697,319.24173834496065
1667,280.24879989707904,309.3812595427314
1668,291.173798555446,299.1220029265526
1669,301.7234879561063,288.4771921930768
1670,311.88427004828196,277.46054799998205
1671,321.6430480643254,266.0862702806931
1672,330.98724340083385,254.36901994133868
1673,339.90481183187416,242.32389996353692
1674,348.38425903342056,229.96643593736567
1675,356.41465539899485,217.312556049612
1676,363.98565012741227,204.37857055309152
1677,371.0874845644749,191.18115074350456
1678,377.7110047814152,177.73730747092392
1679,383.8476733738775,164.064369213614
1680,389.4895804662287,150.1799597424408
1681,394.6294539070136,136.1019754046656
1682,399.2606686424143,121.84856205639942
1683,403.37725525563155,107.43809167345191
1684,406.9739076611804,92.88913867072401
1685,410.04598994418376,78.22045596066502
1686,412.5895423358473,63.45095078165541
1687,414.6012863174142,48.59966032747077
1688,416.0786288460208,33.68572720923889
1689,417.01966569700636,18.72837478151907
1690,417.4231839183684,3.7468823643078295
1691,417.2886633942007,-11.23943960709342
1692,416.6162775150977,-26.2112744723164
1693,415.40689295466285,-41.14932424418792
1694,413.66206855240677,-56.03433448292207
1695,411.384053304477,-70.84711911418312
1696,408.57578346480847,-85.56858515902847
1697,405.240878760431,-100.17975734385503
1698,401.3836377258119,-114.66180255862967
1699,397.00903216224896,-128.9960541318779
1700,392.1227007294531,-143.16403589114054
1701,386.730941677583,-157.14748597788602
1702,380.8407047290983,-170.92838038618316
1703,374.45958212089624,-184.48895619479168
1704,367.5957988182768,-197.81173446272837
1705,360.25820191335174,-210.8795427587956
1706,352.4562492215612,-223.67553729603227
1707,344.19999709099693,-236.18322464255945
1708,335.5000874402445,-248.38648298083427
1709,326.3677340414545,-260.26958288790956
1710,316.81470806631927,-271.8172076099174
1711,306.8533229135906,-283.01447280463884
1712,296.49641833768976,-293.8469457267196
1713,285.75734389887185,-304.30066383079395
1714,274.6499417562737,-314.36215276854733
1715,263.1885288260253,-324.0184437565128
1716,251.3878783274222,-333.2570902922204
1717,239.2632007409437,-342.0661841971505
1718,226.8301242026636,-350.43437096581175
1719,214.1046743603215,-358.350864401163
1720,201.10325371702015,-365.80546051751037
1721,187.84262048917512,-372.7885506929628
1722,174.33986700596643,-379.2911340544911
1723,160.6123976781342,-385.3048290796274
1724,146.67790656451572,-390.8218843998519
1725,132.5543545652414,-395.83518879173977
1726,118.25994627098301,-400.33828034299216
1727,103.813106498097,-404.32535478153574
1728,89.23245653990837,-407.79127295695446
1729,74.53679016474311,-410.73156746461194
1730,59.745049391649694,-413.1424484039244
1731,44.876300075033605,-415.0208082633635
1732,29.949707329670364,-416.36422592589184
1733,14.984510827779925,-417.17096978966805
1734,5.112165598360711e-14,-417.44
1735,-14.98451082777982,-417.17096978966805
1736,-29.94970732967008,-416.36422592589184
1737,-44.87630007503332,-415.0208082633635
1738,-59.74504939164977,-413.1424484039244
1739,-74.53679016474283,-410.73156746461194
1740,-89.2324565399081,-407.7912729569546
1741,-103.81310649809707,-404.32535478153574
1742,-118.25994627098291,-400.3382803429922
1743,-132.55435456524128,-395.83518879173977
1744,-146.67790656451564,-390.82188439985197
1745,-160.61239767813393,-385.30482907962744
1746,-174.3398670059663,-379.2911340544911
1747,-187.84262048917503,-372.7885506929629
1748,-201.1032537170199,-365.8054605175105
1749,-214.1046743603214,-358.35086440116305
1750,-226.8301242026637,-350.43437096581175
1751,-239.2632007409436,-342.0661841971505
1752,-251.38787832742196,-333.25709029222065
1753,-263.18852882602516,-324.0184437565129
1754,-274.64994175627356,-314.36215276854733
1755,-285.7573438988717,-304.3006638307942
1756,-296.4964183376897,-293.84694572671964
1757,-306.8533229135906,-283.0144728046389
1758,-316.81470806631916,-271.81720760991743
1759,-326.3677340414543,-260.2695828879098
1760,-335.50008744024444,-248.3864829808344
1761,-344.19999709099665,-236.18322464255982
1762,-352.45624922156105,-223.67553729603256
1763,-360.25820191335157,-210.87954275879582
1764,-367.59579881827665,-197.81173446272862
1765,-374.4595821208962,-184.48895619479177
1766,-380.8407047290983,-170.92838038618316
1767,-386.73094167758285,-157.14748597788642
1768,-392.12270072945296,-143.1640358911408
1769,-397.0090321622489,-128.9960541318781
1770,-401.3836377258119,-114.66180255862979
1771,-405.2408787604309,-100.1797573438554
1772,-408.57578346480847,-85.56858515902884
1773,-411.3840533044769,-70.84711911418339
1774,-413.6620685524066,-56.034334482922546
1775,-415.4068929546628,-41.14932424418839
1776,-416.6162775150977,-26.211274472316877
1777,-417.2886633942007,-11.239439607094079
1778,-417.4231839183684,3.746882364307635
1779,-417.0196656970064,18.728374781518504
1780,-416.0786288460209,33.68572720923833
1781,-414.60128631741424,48.599660327470396
1782,-412.58954233584745,63.45095078165476
1783,-410.04598994418393,78.22045596066438
1784,-406.9739076611805,92.88913867072381
1785,-403.37725525563167,107.43809167345147
1786,-399.26066864241443,121.84856205639905
1787,-394.6294539070137,136.10197540466538
1788,-389.489580466229,150.1799597424402
1789,-383.8476733738777,164.06436921361345
1790,-377.71100478141534,177.73730747092358
1791,-371.08748456447506,191.18115074350425
1792,-363.98565012741244,204.3785705530913
1793,-356.41465539899514,217.3125560496115
1794,-348.3842590334208,229.9664359373653
1795,-339.90481183187467,242.3238999635362
1796,-330.9872434008341,254.3690199413384
1797,-321.6430480643256,266.08627028069293
1798,-311.88427004828236,277.4605479999816
1799,-301.7234879561067,288.47719219307646
1800,-291.1737985554463,299.12200292655234
1801,-280.2487998970796,309.38125954273096
1802,-268.9625737876699,319.2417383449605
1803,-257.32966763898526,328.6907296423332
1804,-245.36507571697035,337.7160541318778
1805,-233.08421981484662,346.306078597105
1806,-220.50292937515212,354.4497309026721
1807,-207.6374210863356,362.13651426584386
1808,-194.50427798021568,369.3565207863467
1809,-181.12042805723388,376.10044421718567
1810,-167.50312246706295,382.3595919599561
1811,-153.6699132726926,388.1258962691914
1812,-139.63863082664767,393.39192465130645
1813,-125.42736078850896,398.1508894447295
1814,-111.0544208133533,402.3966565688769
1815,-96.53833694115961,406.123753430694
1816,-81.89781971762261,409.3273759785678
1817,-67.15174007714288,412.0033948945225
1818,-52.3191050190837,414.14836091671555
1819,-37.41903310864938,415.75950928537253
1820,-22.470729833959194,416.834763306432
1821,-7.493462851078036,417.37273702830606
1822,0.0,441.776
1823,14.92060530471103,441.5239627849671
1824,29.82418592810119,440.76813871890295
1825,44.69373661431983,439.5093902107779
1826,59.51229093629196,437.7491535154741
1827,74.26294065471926,435.48943709499275
1828,88.92885501068788,432.732819326762
1829,103.49329992986976,429.4824455616621
1830,117.93965711640483,425.74202453512254
1831,132.2514430146782,421.51582413538796
1832,146.41232761735603,416.80866653378024
1833,160.4061530982203,411.62592268251313
1834,174.21695224854142,405.973506186339
1835,187.82896669595323,399.8578665550179
1836,201.22666488504154,393.28598184431036
1837,214.39475979913087,386.265350693889
1838,227.3182264030475,378.8039837712545
1839,239.9823187869575,370.91039463141914
1840,252.37258699171701,362.5935900027857
1841,264.4748934965378,353.86305951030687
1842,276.2754293501555,344.72876484765135
1843,287.7607299270925,335.2011284107304
1844,298.9176902910407,325.2910214055554
1845,309.73358014783145,315.009751443994
1846,320.1960583709317,304.36904964158055
1847,330.29318708289367,293.38105723209975
1848,340.0134452766894,282.05831171421937
1849,349.34574196138874,270.41373254597636
1850,358.2794288171814,258.4606064034406
1851,366.8043123453028,246.21257202037745
1852,374.9106654990011,233.68360462620413
1853,382.58923878227415,220.88800000000006
1854,389.83127080371213,207.84035815876297
1855,396.628498273404,194.55556669852544
1856,402.97316543150123,181.0487838073372
1857,408.8580328976807,167.33542096949776
1858,414.27638593140864,153.43112538077324
1859,419.22204209358154,139.3517620946623
1860,423.6893583008015,125.1133959200816
1861,427.67323726423626,110.73227309112852
1862,431.1691333057189,96.22480272983262
1863,434.1730575444485,81.60753812304978
1864,436.68158244837576,66.89715783486177
1865,438.69184574507926,52.11044667603213
1866,440.2015536876702,37.264276552232246
1867,441.208983671999,22.375587212891173
1868,441.71298620217834,7.461366922634419
1869,441.71298620217834,-7.461366922634463
1870,441.208983671999,-22.375587212891116
1871,440.2015536876702,-37.26427655223219
1872,438.69184574507926,-52.110446676032176
1873,436.68158244837576,-66.89715783486191
1874,434.17305754444845,-81.60753812304992
1875,431.1691333057189,-96.22480272983256
1876,427.67323726423626,-110.73227309112848
1877,423.6893583008015,-125.11339592008156
1878,419.2220420935816,-139.35176209466223
1879,414.2763859314086,-153.43112538077338
1880,408.8580328976807,-167.3354209694979
1881,402.97316543150123,-181.04878380733726
1882,396.6284982734039,-194.5555666985255
1883,389.8312708037122,-207.8403581587629
1884,382.5892387822742,-220.88799999999992
1885,374.9106654990011,-233.6836046262042
1886,366.8043123453028,-246.21257202037745
1887,358.2794288171814,-258.4606064034407
1888,349.34574196138874,-270.41373254597636
1889,340.01344527668925,-282.05831171421954
1890,330.2931870828936,-293.38105723209986
1891,320.19605837093167,-304.3690496415805
1892,309.7335801478314,-315.0097514439941
1893,298.9176902910407,-325.2910214055554
1894,287.76072992709226,-335.2011284107305
1895,276.27542935015555,-344.7287648476513
1896,264.4748934965379,-353.86305951030675
1897,252.372586991717,-362.5935900027857
1898,239.98231878695756,-370.91039463141914
1899,227.31822640304745,-378.80398377125454
1900,214.39475979913087,-386.265350693889
1901,201.22666488504163,-393.2859818443103
1902,187.82896669595317,-399.85786655501795
1903,174.21695224854145,-405.973506186339
1904,160.4061530982202,-411.6259226825132
1905,146.41232761735603,-416.80866653378024
1906,132.25144301467802,-421.515824135388
1907,117.93965711640473,-425.74202453512254
1908,103.49329992986974,-429.4824455616621
1909,88.92885501068774,-432.73281932676207
1910,74.26294065471936,-435.48943709499275
1911,59.51229093629213,-437.7491535154741
1912,44.69373661431988,-439.5093902107779
1913,29.824185928101308,-440.76813871890295
1914,14.920605304711017,-441.5239627849671
1915,5.410195643401211e-14,-441.776
1916,-14.920605304711104,-441.5239627849671
1917,-29.824185928101198,-440.76813871890295
1918,-44.69373661431978,-439.5093902107779
1919,-59.51229093629203,-437.7491535154741
1920,-74.26294065471926,-435.48943709499275
1921,-88.92885501068803,-432.732819326762
1922,-103.49329992986982,-429.4824455616621
1923,-117.93965711640483,-425.74202453512254
1924,-132.2514430146783,-421.51582413538796
1925,-146.41232761735608,-416.8086665337802
1926,-160.40615309822047,-411.62592268251313
1927,-174.21695224854136,-405.9735061863391
1928,-187.82896669595308,-399.857866555018
1929,-201.22666488504152,-393.28598184431036
1930,-214.39475979913075,-386.265350693889
1931,-227.31822640304756,-378.8039837712545
1932,-239.98231878695748,-370.9103946314192
1933,-252.37258699171701,-362.5935900027857
1934,-264.47489349653785,-353.86305951030687
1935,-276.2754293501554,-344.72876484765135
1936,-287.76072992709254,-335.20112841073035
1937,-298.91769029104074,-325.29102140555534
1938,-309.73358014783156,-315.0097514439939
1939,-320.1960583709318,-304.36904964158043
1940,-330.29318708289367,-293.38105723209975
1941,-340.0134452766895,-282.05831171421937
1942,-349.34574196138874,-270.41373254597625
1943,-358.2794288171814,-258.4606064034406
1944,-366.8043123453028,-246.21257202037754
1945,-374.910665499001,-233.6836046262043
1946,-382.5892387822741,-220.8880000000002
1947,-389.8312708037122,-207.84035815876285
1948,-396.628498273404,-194.5555666985254
1949,-402.97316543150123,-181.04878380733726
1950,-408.8580328976807,-167.33542096949793
1951,-414.2763859314086,-153.43112538077347
1952,-419.2220420935816,-139.35176209466204
1953,-423.68935830080153,-125.11339592008146
1954,-427.67323726423626,-110.7322730911285
1955,-431.1691333057189,-96.22480272983267
1956,-434.17305754444857,-81.60753812304954
1957,-436.6815824483758,-66.89715783486164
1958,-438.6918457450793,-52.11044667603199
1959,-440.2015536876702,-37.264276552232104
1960,-441.208983671999,-22.375587212891126
1961,-441.71298620217834,-7.46136692263408
1962,-441.71298620217834,7.461366922634702
1963,-441.208983671999,22.375587212891357
1964,-440.2015536876702,37.26427655223233
1965,-438.69184574507926,52.11044667603222
1966,-436.6815824483757,66.89715783486226
1967,-434.1730575444485,81.60753812304978
1968,-431.1691333057189,96.22480272983252
1969,-427.6732372642363,110.73227309112832
1970,-423.68935830080153,125.1133959200813
1971,-419.22204209358154,139.35176209466226
1972,-414.2763859314086,153.43112538077332
1973,-408.8580328976807,167.33542096949776
1974,-402.9731654315013,181.04878380733712
1975,-396.6284982734041,194.55556669852527
1976,-389.8312708037121,207.84035815876305
1977,-382.58923878227415,220.88800000000006
1978,-374.9106654990011,233.68360462620413
1979,-366.80431234530283,246.2125720203774
1980,-358.2794288171815,258.4606064034405
1981,-349.3457419613886,270.4137325459764
1982,-340.0134452766893,282.0583117142195
1983,-330.29318708289367,293.3810572320998
1984,-320.1960583709317,304.3690496415805
1985,-309.7335801478315,315.0097514439939
1986,-298.91769029104057,325.29102140555545
1987,-287.7607299270923,335.20112841073046
1988,-276.2754293501554,344.7287648476514
1989,-264.4748934965378,353.86305951030687
1990,-252.37258699171667,362.5935900027859
1991,-239.98231878695728,370.91039463141936
1992,-227.31822640304736,378.8039837712546
1993,-214.39475979913075,386.265350693889
1994,-201.2266648850415,393.28598184431036
1995,-187.82896669595286,399.85786655501806
1996,-174.21695224854116,405.97350618633914
1997,-160.40615309822007,411.62592268251325
1998,-146.41232761735623,416.8086665337801
1999,-132.25144301467842,421.5158241353879
2000,-117.93965711640517,425.7420245351224
2001,-103.49329992986979,429.4824455616621
2002,-88.92885501068798,432.732819326762
2003,-74.26294065471942,435.48943709499275
2004,-59.51229093629219,437.7491535154741
2005,-44.69373661431975,439.5093902107779
2006,-29.824185928101166,440.76813871890295
2007,-14.92060530471107,441.5239627849671
2008,7.481606939593542,466.7280391208583
2009,22.43713296190386,466.24844451048824
2010,37.36960331337651,465.2897481056303
2011,52.26367387131087,463.852935031647
2012,67.10403997139001,461.9394817110983
2013,81.87545213425778,459.551354346618
2014,96.56273173538968,456.69100690050726
2015,111.15078660215562,453.3613785731226
2016,125.62462652204759,449.5658907826483
2017,139.96937864613625,445.3084436493592
2018,154.17030277192853,440.5934119879823
2019,168.21280648992231,435.42564081227914
2020,182.0824601782934,429.81044035646715
2021,195.76501183030746,423.7535806185944
2022,209.24640169922043,417.26128543147695
2023,222.51277674561854,410.34022606728985
2024,235.55050487235292,402.99751438238377
2025,248.34618893244098,395.2406955093723
2026,260.8866804955401,387.0777401039977
2027,273.1590933588494,378.51703615474344
2028,285.15081678855364,369.56738036360935
2029,296.84952847820466,360.23796910690515
2030,308.24320721072456,350.5383889853525
2031,319.3201452110189,340.47860697320453
2032,330.06896017650615,330.06896017650615
2033,340.47860697320453,319.32014521101877
2034,350.53838898535247,308.24320721072456
2035,360.2379691069051,296.8495284782047
2036,369.56738036360935,285.15081678855364
2037,378.51703615474344,273.1590933588495
2038,387.07774010399766,260.8866804955402
2039,395.2406955093723,248.34618893244092
2040,402.9975143823838,235.55050487235292
2041,410.3402260672898,222.51277674561857
2042,417.26128543147695,209.24640169922043
2043,423.7535806185944,195.76501183030743
2044,429.81044035646715,182.0824601782934
2045,435.42564081227914,168.2128064899223
2046,440.5934119879823,154.17030277192848
2047,445.3084436493592,139.96937864613622
2048,449.5658907826483,125.62462652204752
2049,453.3613785731226,111.1507866021556
2050,456.69100690050726,96.5627317353897
2051,459.551354346618,81.87545213425769
2052,461.9394817110983,67.10403997139
2053,463.852935031647,52.26367387131079
2054,465.2897481056303,37.36960331337648
2055,466.24844451048824,22.4371329619039
2056,466.7280391208583,7.481606939593438
2057,466.7280391208583,-7.481606939593587
2058,466.24844451048824,-22.43713296190395
2059,465.2897481056303,-37.36960331337653
2060,463.852935031647,-52.26367387131084
2061,461.93948171109827,-67.10403997139014
2062,459.551354346618,-81.87545213425783
2063,456.69100690050726,-96.56273173538966
2064,453.36137857312247,-111.15078660215565
2065,449.5658907826483,-125.62462652204756
2066,445.30844364935916,-139.96937864613636
2067,440.5934119879822,-154.1703027719286
2068,435.42564081227914,-168.21280648992231
2069,429.8104403564671,-182.08246017829345
2070,423.7535806185944,-195.76501183030746
2071,417.26128543147695,-209.24640169922054
2072,410.3402260672898,-222.51277674561862
2073,402.99751438238377,-235.55050487235297
2074,395.24069550937224,-248.3461889324411
2075,387.0777401039976,-260.8866804955402
2076,378.51703615474344,-273.15909335884953
2077,369.56738036360935,-285.15081678855364
2078,360.2379691069052,-296.84952847820466
2079,350.5383889853526,-308.24320721072456
2080,340.47860697320465,-319.32014521101866
2081,330.06896017650615,-330.06896017650615
2082,319.3201452110189,-340.4786069732045
2083,308.24320721072473,-350.53838898535236
2084,296.8495284782047,-360.23796910690515
2085,285.1508167885535,-369.56738036360946
2086,273.1590933588496,-378.5170361547434
2087,260.88668049554013,-387.0777401039977
2088,248.34618893244098,-395.2406955093723
2089,235.55050487235303,-402.9975143823837
2090,222.51277674561868,-410.34022606728973
2091,209.24640169922043,-417.26128543147695
2092,195.76501183030754,-423.75358061859436
2093,182.08246017829353,-429.8104403564671
2094,168.21280648992231,-435.42564081227914
2095,154.1703027719288,-440.59341198798217
2096,139.96937864613636,-445.30844364935916
2097,125.62462652204755,-449.5658907826483
2098,111.15078660215563,-453.3613785731226
2099,96.56273173538973,-456.69100690050726
2100,81.87545213425791,-459.551354346618
2101,67.10403997139001,-461.9394817110983
2102,52.26367387131093,-463.852935031647
2103,37.36960331337661,-465.2897481056303
2104,22.43713296190382,-466.24844451048824
2105,7.481606939593777,-466.7280391208583
2106,-7.481606939593456,-466.7280391208583
2107,-22.43713296190392,-466.24844451048824
2108,-37.3696033133765,-465.2897481056303
2109,-52.26367387131081,-463.852935031647
2110,-67.1040399713899,-461.9394817110983
2111,-81.8754521342578,-459.551354346618
2112,-96.56273173538942,-456.6910069005073
2113,-111.15078660215553,-453.3613785731226
2114,-125.62462652204765,-449.5658907826483
2115,-139.96937864613605,-445.3084436493593
2116,-154.17030277192848,-440.5934119879823
2117,-168.2128064899222,-435.4256408122792
2118,-182.08246017829325,-429.8104403564672
2119,-195.76501183030743,-423.7535806185944
2120,-209.24640169922034,-417.261285431477
2121,-222.5127767456186,-410.3402260672898
2122,-235.55050487235278,-402.99751438238394
2123,-248.3461889324409,-395.24069550937236
2124,-260.8866804955402,-387.07774010399766
2125,-273.1590933588493,-378.51703615474355
2126,-285.1508167885536,-369.5673803636094
2127,-296.8495284782046,-360.2379691069052
2128,-308.2432072107245,-350.53838898535264
2129,-319.3201452110189,-340.47860697320453
2130,-330.06896017650615,-330.0689601765062
2131,-340.4786069732046,-319.32014521101877
2132,-350.53838898535236,-308.2432072107248
2133,-360.237969106905,-296.8495284782049
2134,-369.56738036360946,-285.1508167885535
2135,-378.5170361547435,-273.1590933588494
2136,-387.0777401039977,-260.88668049554013
2137,-395.2406955093723,-248.34618893244098
2138,-402.9975143823837,-235.5505048723531
2139,-410.34022606728973,-222.5127767456187
2140,-417.261285431477,-209.24640169922029
2141,-423.75358061859424,-195.76501183030777
2142,-429.81044035646715,-182.08246017829336
2143,-435.42564081227914,-168.21280648992231
2144,-440.5934119879822,-154.1703027719286
2145,-445.30844364935916,-139.96937864613636
2146,-449.56589078264824,-125.62462652204778
2147,-453.3613785731226,-111.15078660215546
2148,-456.6910069005074,-96.56273173538916
2149,-459.551354346618,-81.87545213425774
2150,-461.93948171109827,-67.10403997139004
2151,-463.852935031647,-52.26367387131054
2152,-465.2897481056303,-37.36960331337623
2153,-466.24844451048824,-22.437132961904062
2154,-466.7280391208583,-7.481606939593392
2155,-466.7280391208583,7.481606939593634
2156,-466.24844451048824,22.43713296190389
2157,-465.2897481056302,37.369603313376885
2158,-463.852935031647,52.263673871310786
2159,-461.9394817110983,67.10403997138987
2160,-459.5513543466179,81.87545213425798
2161,-456.6910069005072,96.5627317353898
2162,-453.36137857312235,111.1507866021561
2163,-449.5658907826483,125.62462652204762
2164,-445.3084436493592,139.9693786461362
2165,-440.59341198798217,154.17030277192882
2166,-435.4256408122791,168.21280648992257
2167,-429.8104403564671,182.0824601782936
2168,-423.75358061859436,195.7650118303076
2169,-417.26128543147695,209.24640169922048
2170,-410.3402260672898,222.51277674561857
2171,-402.99751438238366,235.5505048723533
2172,-395.24069550937213,248.34618893244118
2173,-387.07774010399777,260.88668049553996
2174,-378.5170361547434,273.1590933588496
2175,-369.5673803636093,285.1508167885537
2176,-360.2379691069051,296.8495284782048
2177,-350.5383889853522,308.24320721072496
2178,-340.47860697320453,319.32014521101877
2179,-330.0689601765062,330.0689601765061
2180,-319.3201452110186,340.47860697320465
2181,-308.2432072107245,350.53838898535264
2182,-296.8495284782046,360.2379691069052
2183,-285.1508167885536,369.5673803636094
2184,-273.1590933588495,378.51703615474344
2185,-260.88668049553985,387.0777401039979
2186,-248.34618893244067,395.24069550937253
2187,-235.55050487235272,402.99751438238394
2188,-222.51277674561837,410.3402260672899
2189,-209.2464016992203,417.261285431477
2190,-195.7650118303074,423.75358061859447
2191,-182.082460178293,429.8104403564673
2192,-168.21280648992197,435.4256408122793
2193,-154.17030277192865,440.5934119879822
2194,-139.969378646136,445.3084436493593
2195,-125.62462652204741,449.56589078264835
2196,-111.15078660215549,453.3613785731226
2197,-96.56273173538919,456.6910069005074
2198,-81.87545213425777,459.551354346618
2199,-67.10403997139007,461.93948171109827
2200,-52.26367387131057,463.852935031647
2201,-37.36960331337625,465.2897481056303
2202,-22.43713296190409,466.24844451048824
2203,-7.481606939593419,466.7280391208583
2204,0.0,492.476
2205,14.946100662018084,492.24914895914327
2206,29.878431968811025,491.5688048270406
2207,44.7832372504117,490.4355943825584
2208,59.64678519568254,488.85056161553103
2209,74.4553825025247,486.8151667649671
2210,89.19538649307091,484.3312849737788
2211,103.85321768223972,481.40120456127374
2212,118.41537228807232,478.02762491500135
2213,132.86843467232669,474.2136540038948
2214,147.19908969986753,469.9628055150007
2215,161.39413500546627,465.2789956164337
2216,175.44049315670966,460.1665393495387
2217,189.32522370181172,454.6301466535836
2218,203.03553509123034,448.6749180266463
2219,216.55879646210448,442.3063398266916
2220,229.88254927465655,435.5302792171689
2221,242.9945187898388,428.35297876178555
2222,255.88262537765019,420.7810506734365
2223,268.5349956457055,412.8214707225884
2224,280.93997337780513,404.4815718107293
2225,293.08613027242626,395.76903721480585
2226,304.96227647124505,386.69189350887075
2227,316.5574708679881,377.2585031694618
2228,327.8610311881168,367.4775568715248
2229,338.8625438300585,357.35806548197803
2230,349.5518734589186,346.9093517582946
2231,359.9191723438334,336.1410417597499
2232,369.9548894303643,325.06305597924677
2233,379.6497791395719,313.6856002038893
2234,388.9949098856672,302.0191561127235
2235,397.9816723043901,290.07447162030826
2236,406.60178718453597,277.86255097501237
2237,414.8473130953228,265.39464462115893
2238,422.7106537025728,252.68223883435812
2239,430.18456476696736,239.73704513957554
2240,437.26216081792813,226.57098952168693
2241,443.93692149697716,213.19620143845606
2242,450.2026975647302,199.62500264606152
2243,456.0537165659903,185.86989584746465
2244,461.4845881477232,171.94355317407604
2245,466.4903090250129,157.85880451133525
2246,471.066267590426,143.62862567895442
2247,475.20824816253423,129.26612647671965
2248,478.9124348696851,114.7845386068595
2249,482.17541516543963,100.19720348410885
2250,484.99418297244017,85.51755994469923
2251,487.36614145181153,70.75913186559625
2252,489.28910539554386,55.935515705393684
2253,490.7613032396538,41.0603679783385
2254,491.7813786962682,26.14739267303049
2255,492.34839200312825,11.210328627383491
2256,492.46182078936175,-3.737063128517282
2257,492.12156055672625,-18.681012050003876
2258,491.32792477588,-33.607750764179656
2259,490.0816445975915,-48.50352775335074
2260,488.3838681791542,-63.35462002385108
2261,486.23615962662683,-78.14734574858872
2262,483.6404975538732,-92.86807687166765
2263,480.59927325972984,-107.50325166347066
2264,477.11528852498043,-122.03938721463933
2265,473.19175303116646,-136.46309185743812
2266,468.8322814036121,-150.76107750306193
2267,464.04088988138824,-164.92017188351858
2268,458.82199261728186,-178.92733068680974
2269,453.1803976111811,-192.76964957423087
2270,447.12130228062216,-206.4343760687171
2271,440.6502886725773,-219.90892130328484
2272,433.77331832089743,-233.1808716187445
2273,426.49672675414524,-246.2379999999999
2274,418.8272176588793,-259.06827734039877
2275,410.7718567037662,-271.65988352375575
2276,402.3380650302105,-284.00121831384126
2277,393.5336124154985,-296.0809120413003
2278,384.36661011475724,-307.8878360781572
2279,374.8455033883173,-319.4111130902602
2280,364.97906372137237,-330.64012705821165
2281,354.77638074309397,-341.56453305756315
2282,344.2468538526539,-352.1742667892553
2283,333.4001835598623,-362.45955385152996
2284,322.246362548407,-372.4109187447659
2285,310.79566646991714,-382.0191936009499
2286,299.0586444773426,-391.2755266297324
2287,287.0461095063611,-400.17139027329546
2288,274.7691283137755,-408.69858906251187
2289,262.2390112820696,-416.84926716716507
2290,249.4673019995229,-424.61591563326834
2291,236.4657666254783,-431.9913793008199
2292,223.2463830505627,-438.9688633956188
2293,209.82132986184877,-445.5419397890677
2294,196.20297512311757,-451.7045529201995
2295,182.40386498056665,-457.451025374467
2296,168.4367121044521,-462.776063114161
2297,154.314383977323,-467.67476035563357
2298,140.04989103962657,-472.14260408883746
2299,125.65637470361567,-476.1754782350143
2300,111.14709524659261,-479.76966743870423
2301,96.5354195946488,-482.92186049058193
2302,81.83480900815127,-485.62915337796534
2303,67.05880668032316,-487.889051960188
2304,52.22102526034015,-489.69947426636975
2305,37.335134312441404,-491.0587524134683
2306,22.41484772260536,-491.9656341428458
2307,7.47391106439455,-492.41928397393366
2308,-7.473911064394649,-492.41928397393366
2309,-22.414847722605234,-491.9656341428458
2310,-37.33513431244128,-491.0587524134683
2311,-52.22102526034003,-489.69947426636975
2312,-67.05880668032304,-487.889051960188
2313,-81.83480900815115,-485.6291533779654
2314,-96.53541959464846,-482.92186049058205
2315,-111.14709524659249,-479.7696674387043
2316,-125.65637470361555,-476.1754782350143
2317,-140.04989103962663,-472.14260408883746
2318,-154.31438397732268,-467.6747603556337
2319,-168.436712104452,-462.77606311416105
2320,-182.4038649805663,-457.45102537446706
2321,-196.20297512311765,-451.70455292019943
2322,-209.82132986184848,-445.54193978906784
2323,-223.2463830505626,-438.9688633956189
2324,-236.465766625478,-431.9913793008201
2325,-249.46730199952302,-424.6159156332683
2326,-262.2390112820695,-416.8492671671652
2327,-274.7691283137754,-408.6985890625119
2328,-287.046109506361,-400.1713902732955
2329,-299.0586444773425,-391.27552662973244
2330,-310.79566646991714,-382.01919360094985
2331,-322.24636254840686,-372.41091874476604
2332,-333.4001835598623,-362.45955385152996
2333,-344.2468538526536,-352.1742667892555
2334,-354.776380743094,-341.56453305756315
2335,-364.9790637213722,-330.64012705821193
2336,-374.84550338831735,-319.4111130902601
2337,-384.36661011475684,-307.88783607815765
2338,-393.53361241549857,-296.08091204130017
2339,-402.33806503021043,-284.0012183138413
2340,-410.77185670376616,-271.65988352375587
2341,-418.82721765887925,-259.0682773403989
2342,-426.49672675414513,-246.23800000000023
2343,-433.77331832089726,-233.18087161874482
2344,-440.65028867257735,-219.90892130328476
2345,-447.1213022806222,-206.43437606871706
2346,-453.1803976111811,-192.76964957423087
2347,-458.8219926172818,-178.92733068680982
2348,-464.0408898813882,-164.9201718835187
2349,-468.83228140361206,-150.76107750306218
2350,-473.1917530311665,-136.463091857438
2351,-477.1152885249803,-122.03938721463966
2352,-480.5992732597298,-107.5032516634711
2353,-483.6404975538732,-92.86807687166767
2354,-486.23615962662683,-78.14734574858882
2355,-488.3838681791541,-63.354620023851645
2356,-490.08164459759143,-48.503527753350966
2357,-491.32792477588,-33.60775076417989
2358,-492.1215605567263,-18.68101205000367
2359,-492.46182078936175,-3.737063128517512
2360,-492.34839200312825,11.210328627383152
2361,-491.7813786962682,26.147392673030485
2362,-490.7613032396538,41.06036797833848
2363,-489.2891053955439,55.93551570539356
2364,-487.36614145181153,70.75913186559613
2365,-484.9941829724402,85.517559944699
2366,-482.17541516543963,100.19720348410907
2367,-478.91243486968517,114.78453860685917
2368,-475.20824816253435,129.2661264767193
2369,-471.066267590426,143.62862567895442
2370,-466.49030902501295,157.85880451133514
2371,-461.48458814772323,171.94355317407596
2372,-456.0537165659904,185.86989584746442
2373,-450.2026975647303,199.62500264606132
2374,-443.93692149697716,213.19620143845611
2375,-437.2621608179283,226.5709895216866
2376,-430.1845647669673,239.73704513957566
2377,-422.7106537025728,252.68223883435812
2378,-414.847313095323,265.39464462115853
2379,-406.60178718453597,277.8625509750123
2380,-397.98167230439014,290.07447162030815
2381,-388.9949098856671,302.01915611272364
2382,-379.64977913957205,313.6856002038891
2383,-369.9548894303645,325.06305597924654
2384,-359.9191723438334,336.1410417597499
2385,-349.5518734589185,346.90935175829463
2386,-338.8625438300588,357.35806548197763
2387,-327.8610311881169,367.4775568715247
2388,-316.5574708679883,377.25850316946173
2389,-304.96227647124493,386.6918935088709
2390,-293.08613027242654,395.7690372148057
2391,-280.9399733778054,404.4815718107291
2392,-268.5349956457054,412.8214707225884
2393,-255.88262537765019,420.7810506734365
2394,-242.99451878983885,428.3529787617855
2395,-229.88254927465667,435.53027921716887
2396,-216.55879646210465,442.30633982669156
2397,-203.0355350912305,448.67491802664625
2398,-189.32522370181198,454.6301466535835
2399,-175.44049315670995,460.16653934953854
2400,-161.39413500546624,465.27899561643375
2401,-147.19908969986795,469.9628055150005
2402,-132.86843467232674,474.21365400389476
2403,-118.41537228807243,478.02762491500135
2404,-103.85321768223989,481.40120456127374
2405,-89.19538649307114,484.33128497377874
2406,-74.45538250252498,486.81516676496705
2407,-59.64678519568245,488.85056161553103
2408,-44.783237250411666,490.4355943825584
2409,-29.878431968811473,491.5688048270406
2410,-14.946100662018148,492.24914895914327
2411,7.476731719383768,518.7861255689057
2412,22.42398463074476,518.3551972472931
2413,37.352611118644255,517.4936985535373
2414,52.250210759016646,516.2023450892473
2415,67.10440890016505,514.482209513759
2416,81.90286694173307,512.3347206531339
2417,96.63329258373032,509.76166231330814
2418,111.28345003709909,506.76517179837896
2419,125.84117018733998,503.34773813525874
2420,140.29436070275472,499.5122000061714
2421,154.63101607890945,495.26174339070855
2422,168.83922761097512,490.599898919404
2423,182.90719328566175,485.53053894102436
2424,196.82322758452943,480.05787430601384
2425,210.57577119053337,474.18645086876126
2426,224.1534005897398,467.92114571159925
2427,237.5448375602379,461.2671630936677
2428,250.7389585403645,454.2300301280106
2429,263.72480386846183,446.8155921904935
2430,276.4915868864905,439.03000806435807
2431,289.02870289993933,430.87974482444474
2432,301.32573798658626,422.37157246533434
2433,313.3724776467956,413.51255827786974
2434,325.15891528816456,404.3100609787299
2435,336.67526053747343,394.77172459793064
2436,347.91194737303283,384.90547212933217
2437,358.8596420706739,374.7194989494246
2438,369.50925095678264,364.22226600986033
2439,379.85192796193456,353.4224928093871
2440,389.87908196885974,342.32915015101935
2441,399.5823839486312,330.9514526904644
2442,408.953773879151,319.298851281993
2443,417.9854674401859,307.38102512811247
2444,426.6699624793927,295.2078737395628
2445,435.00004524396104,282.78950871231393
2446,442.9687963726982,270.13624532839555
2447,450.56959664357777,257.2585939875355
2448,457.79613247197966,244.1672514767239
2449,464.6424011550514,230.8730920849555
2450,471.1027158578386,217.3871585705297
2451,477.1717103370382,203.72065298841386
2452,482.84434339845495,189.88492738528487
2453,488.11590308445597,175.89147436998206
2454,492.98201058794535,161.75191756720207
2455,497.4386238896096,147.47800196236582
2456,501.4820411154093,133.0815841456774
2457,505.10890361153156,118.5746224634789
2458,508.316198734247,103.96916708508128
2459,511.1012623523538,89.27734999332387
2460,513.4617810601317,74.51137490717433
2461,515.3957940989658,59.68350714474208
2462,516.9016949860463,44.80606343512423
2463,517.9782328487885,29.891401687547102
2464,518.624513463867,14.951910726301863
2465,518.84,-8.343583555582262e-14
2466,518.624513463867,-14.95191072630203
2467,517.9782328487885,-29.891401687547383
2468,516.9016949860463,-44.80606343512451
2469,515.3957940989658,-59.683507144742364
2470,513.4617810601316,-74.5113749071746
2471,511.10126235235373,-89.27734999332402
2472,508.31619873424694,-103.96916708508144
2473,505.1089036115315,-118.57462246347906
2474,501.4820411154092,-133.08158414567768
2475,497.4386238896095,-147.4780019623661
2476,492.9820105879453,-161.75191756720236
2477,488.11590308445585,-175.89147436998232
2478,482.8443433984549,-189.88492738528504
2479,477.1717103370381,-203.72065298841403
2480,471.1027158578385,-217.38715857052983
2481,464.64240115505146,-230.87309208495543
2482,457.79613247197955,-244.16725147672403
2483,450.56959664357777,-257.25859398753556
2484,442.96879637269814,-270.13624532839566
2485,435.00004524396104,-282.78950871231393
2486,426.66996247939267,-295.20787373956284
2487,417.98546744018586,-307.3810251281125
2488,408.953773879151,-319.298851281993
2489,399.58238394863116,-330.95145269046446
2490,389.87908196885974,-342.3291501510194
2491,379.85192796193445,-353.4224928093873
2492,369.5092509567826,-364.2222660098604
2493,358.8596420706738,-374.7194989494247
2494,347.9119473730327,-384.9054721293322
2495,336.67526053747326,-394.7717245979308
2496,325.1589152881645,-404.31006097872995
2497,313.37247764679535,-413.51255827786997
2498,301.32573798658615,-422.3715724653344
2499,289.02870289993905,-430.8797448244449
2500,276.4915868864903,-439.0300080643581
2501,263.72480386846155,-446.81559219049365
2502,250.73895854036456,-454.2300301280106
2503,237.54483756023777,-461.26716309366776
2504,224.1534005897398,-467.92114571159925
2505,210.57577119053323,-474.18645086876137
2506,196.82322758452943,-480.05787430601384
2507,182.9071932856616,-485.5305389410244
2508,168.83922761097506,-490.599898919404
2509,154.63101607890928,-495.2617433907086
2510,140.29436070275466,-499.51220000617144
2511,125.84117018733978,-503.3477381352588
2512,111.28345003709897,-506.76517179837896
2513,96.63329258373007,-509.76166231330814
2514,81.90286694173292,-512.334720653134
2515,67.1044089001648,-514.4822095137591
2516,52.2502107590167,-516.2023450892473
2517,37.352611118644184,-517.4936985535373
2518,22.423984630744783,-518.3551972472931
2519,7.4767317193836655,-518.7861255689057
2520,-7.476731719383769,-518.7861255689057
2521,-22.42398463074489,-518.3551972472931
2522,-37.35261111864428,-517.4936985535373
2523,-52.2502107590168,-516.2023450892473
2524,-67.10440890016513,-514.482209513759
2525,-81.90286694173324,-512.3347206531339
2526,-96.6332925837304,-509.7616623133081
2527,-111.2834500370993,-506.7651717983789
2528,-125.8411701873401,-503.3477381352586
2529,-140.29436070275497,-499.5122000061713
2530,-154.63101607890937,-495.2617433907086
2531,-168.83922761097517,-490.5998989194039
2532,-182.9071932856617,-485.5305389410244
2533,-196.82322758452952,-480.05787430601384
2534,-210.57577119053335,-474.18645086876126
2535,-224.1534005897399,-467.9211457115992
2536,-237.5448375602379,-461.2671630936677
2537,-250.73895854036465,-454.2300301280105
2538,-263.72480386846183,-446.8155921904935
2539,-276.4915868864906,-439.03000806435796
2540,-289.0287028999396,-430.8797448244446
2541,-301.32573798658643,-422.3715724653342
2542,-313.37247764679586,-413.5125582778696
2543,-325.15891528816474,-404.3100609787297
2544,-336.6752605374737,-394.7717245979304
2545,-347.91194737303283,-384.90547212933217
2546,-358.859642070674,-374.71949894942446
2547,-369.5092509567827,-364.22226600986033
2548,-379.8519279619346,-353.422492809387
2549,-389.8790819688598,-342.32915015101935
2550,-399.5823839486315,-330.9514526904641
2551,-408.9537738791511,-319.2988512819929
2552,-417.985467440186,-307.3810251281123
2553,-426.66996247939267,-295.20787373956284
2554,-435.0000452439611,-282.7895087123139
2555,-442.9687963726983,-270.1362453283954
2556,-450.56959664357794,-257.2585939875353
2557,-457.7961324719796,-244.16725147672395
2558,-464.64240115505146,-230.87309208495532
2559,-471.1027158578387,-217.38715857052955
2560,-477.1717103370383,-203.7206529884136
2561,-482.84434339845495,-189.88492738528493
2562,-488.11590308445597,-175.891474369982
2563,-492.9820105879454,-161.75191756720193
2564,-497.43862388960963,-147.47800196236557
2565,-501.48204111540923,-133.08158414567745
2566,-505.1089036115315,-118.57462246347919
2567,-508.31619873424694,-103.96916708508145
2568,-511.1012623523537,-89.27734999332438
2569,-513.4617810601316,-74.51137490717473
2570,-515.3957940989658,-59.68350714474238
2571,-516.9016949860463,-44.80606343512441
2572,-517.9782328487885,-29.891401687547624
2573,-518.624513463867,-14.951910726302158
2574,-518.84,-9.530936179044192e-14
2575,-518.624513463867,14.951910726301968
2576,-517.9782328487885,29.891401687546974
2577,-516.9016949860463,44.806063435124216
2578,-515.3957940989658,59.683507144742194
2579,-513.4617810601316,74.51137490717454
2580,-511.1012623523538,89.27734999332374
2581,-508.316198734247,103.96916708508127
2582,-505.1089036115315,118.574622463479
2583,-501.4820411154092,133.08158414567774
2584,-497.4386238896096,147.47800196236582
2585,-492.98201058794535,161.75191756720218
2586,-488.11590308445585,175.89147436998226
2587,-482.84434339845484,189.88492738528518
2588,-477.17171033703823,203.72065298841386
2589,-471.1027158578386,217.38715857052978
2590,-464.64240115505135,230.87309208495557
2591,-457.7961324719795,244.1672514767242
2592,-450.56959664357805,257.2585939875351
2593,-442.96879637269836,270.1362453283952
2594,-435.00004524396127,282.7895087123137
2595,-426.6699624793928,295.2078737395627
2596,-417.98546744018614,307.3810251281121
2597,-408.9537738791512,319.29885128199277
2598,-399.58238394863133,330.95145269046424
2599,-389.8790819688598,342.32915015101935
2600,-379.8519279619348,353.4224928093869
2601,-369.5092509567828,364.22226600986016
2602,-358.859642070674,374.7194989494245
2603,-347.9119473730327,384.90547212933217
2604,-336.6752605374733,394.77172459793076
2605,-325.15891528816474,404.3100609787298
2606,-313.3724776467956,413.51255827786974
2607,-301.3257379865862,422.3715724653344
2608,-289.0287028999391,430.87974482444486
2609,-276.49158688649055,439.03000806435796
2610,-263.72480386846183,446.8155921904935
2611,-250.73895854036442,454.23003012801064
2612,-237.54483756023762,461.2671630936678
2613,-224.15340058973985,467.9211457115992
2614,-210.5757711905333,474.18645086876126
2615,-196.82322758452923,480.0578743060139
2616,-182.90719328566146,485.5305389410245
2617,-168.83922761097514,490.599898919404
2618,-154.63101607890934,495.2617433907086
2619,-140.2943607027545,499.5122000061715
2620,-125.84117018733963,503.3477381352588
2621,-111.28345003709948,506.76517179837884
2622,-96.63329258373058,509.7616623133081
2623,-81.90286694173321,512.3347206531339
2624,-67.10440890016508,514.482209513759
2625,-52.250210759016994,516.2023450892473
2626,-37.352611118644475,517.4936985535373
2627,-22.423984630744847,518.3551972472931
2628,-7.4767317193837295,518.7861255689057
2629,0.0,545.88
2630,160.90095460742438,521.6280832225385
2631,307.50515329577,451.0272221236153
2632,426.7861696496481,340.3506130386455
2633,508.1453619098982,199.4323583811277
2634,544.3536088052626,40.79366348695735
2635,532.1936487018139,-121.46972742807287
2636,472.7459474178494,-272.9399999999999
2637,371.29269409438945,-400.1583557944656
2638,236.84845550949268,-491.8208856105725
2639,81.35919226025025,-539.7829714197732
2640,-81.35919226024987,-539.7829714197732
2641,-236.84845550949257,-491.82088561057253
2642,-371.2926940943895,-400.15835579446554
2643,-472.74594741784927,-272.9400000000002
2644,-532.1936487018138,-121.46972742807347
2645,-544.3536088052626,40.79366348695733
2646,-508.14536190989816,199.4323583811279
2647,-426.7861696496482,340.35061303864535
2648,-307.50515329576996,451.0272221236153
2649,-160.90095460742467,521.6280832225384
