heliostat_id,x (m),y (m)
0,5.828740425604062,179.90560242819268
1,17.461773513836654,179.1510158099905
2,29.02156585555677,177.64500757210033
3,40.45963166437129,175.3938944364467
4,51.727995717269074,172.4071183538377
5,62.77939457937882,168.69720690114184
6,73.5674748432401,164.27972073627723
7,84.0469875511033,159.17318833140425
8,94.17397798478342,153.39902825807448
9,103.90597002702351,146.98145935029797
10,113.20214432109202,139.94739912233686
11,122.02350948135059,132.32635086729607
12,130.33306563667588,124.15027991005876
13,138.0959596207775,115.45347953360519
14,145.27963115848968,106.27242714106609
15,151.85394943488083,96.64563125681708
16,157.7913394743626,86.61347000834489
17,163.0668977997204,76.21802176634826
18,167.6584968859516,65.50288865342777
19,171.54687797079495,54.513013661631156
20,174.71573183267265,43.29449214592567
21,177.15176719723337,31.89437848426011
22,178.84476648557597,20.360488715151185
23,179.78762867032634,8.741199980600694
24,179.9763990598138,-2.91475238445022
25,179.4102858854225,-14.5584792650527
26,178.09166362254408,-26.141142824188208
27,176.0260630312027,-37.61416134562948
28,173.22214795812545,-48.92941300254168
29,169.69167899755817,-60.03943769714767
30,165.4494641632462,-70.89763612487167
31,160.51329677847858,-81.45846522801699
32,154.90388084470652,-91.67762921917736
33,148.64474420176617,-101.51226537316319
34,141.76213984394178,-110.92112380816693
35,134.28493580578427,-119.86474050210262
36,126.24449407954184,-128.3056028184293
37,117.67453907206543,-136.20830684718516
38,108.6110161529264,-143.53970590128978
39,99.0919408870446,-150.26904954526884
40,89.15723958419773,-156.3681125732672
41,78.84858183420278,-161.81131339537117
42,68.20920573017517,-166.57582133568675
43,57.283736512939846,-170.6416523921287
44,46.11799939726298,-173.99175305627003
45,34.75882736497577,-176.61207184168302
46,23.253864731173095,-178.49161822075652
47,11.65136730739838,-179.6225087227881
48,2.2043642384652358e-14,-180.0
49,-11.651367307398498,-179.6225087227881
50,-23.253864731173135,-178.49161822075652
51,-34.758827364975886,-176.61207184168302
52,-46.11799939726302,-173.99175305627003
53,-57.28373651293996,-170.64165239212866
54,-68.20920573017519,-166.57582133568675
55,-78.84858183420289,-161.81131339537112
56,-89.15723958419775,-156.36811257326718
57,-99.0919408870447,-150.26904954526876
58,-108.61101615292644,-143.53970590128975
59,-117.67453907206551,-136.20830684718507
60,-126.24449407954185,-128.30560281842926
61,-134.28493580578436,-119.86474050210252
62,-141.7621398439418,-110.92112380816688
63,-148.6447442017662,-101.51226537316316
64,-154.90388084470655,-91.67762921917732
65,-160.5132967784786,-81.45846522801696
66,-165.4494641632462,-70.89763612487167
67,-169.69167899755817,-60.039437697147676
68,-173.22214795812545,-48.92941300254168
69,-176.0260630312027,-37.61416134562948
70,-178.09166362254408,-26.141142824188215
71,-179.4102858854225,-14.558479265052705
72,-179.9763990598138,-2.914752384450224
73,-179.7876286703263,8.74119998060073
74,-178.84476648557597,20.360488715151224
75,-177.15176719723337,31.894378484260148
76,-174.71573183267265,43.29449214592571
77,-171.54687797079492,54.5130136616312
78,-167.6584968859516,65.5028886534278
79,-163.0668977997204,76.21802176634829
80,-157.79133947436256,86.61347000834496
81,-151.85394943488086,96.64563125681701
82,-145.27963115848962,106.27242714106615
83,-138.09595962077745,115.45347953360525
84,-130.33306563667583,124.15027991005881
85,-122.02350948135063,132.32635086729601
86,-113.20214432109194,139.94739912233695
87,-103.90597002702343,146.98145935029802
88,-94.17397798478333,153.3990282580745
89,-84.04698755110337,159.17318833140422
90,-73.56747484324002,164.27972073627726
91,-62.77939457937872,168.6972069011419
92,-51.727995717268975,172.40711835383772
93,-40.459631664371344,175.3938944364467
94,-29.02156585555666,177.64500757210035
95,-17.461773513836544,179.15101580999053
96,-5.828740425604107,179.90560242819268
97,0.0,191.622
98,11.5698484330533,191.27239605138055
99,23.09747974388552,190.2248598724173
100,34.54083085597625,188.48321380902556
101,45.8581462221104,186.05381293881496
102,57.0081301858417,182.94552188210054
103,67.95009766486477,179.16968245586457
104,78.64412260646817,174.7400722886963
105,89.05118367337103,169.6728545477194
106,99.13330662835095,163.986518960948
107,108.85370289811753,157.70181435027425
108,118.17690381082669,150.84167292126742
109,127.06889001741767,143.43112658604275
110,135.49721562452862,135.49721562452862
111,143.43112658604275,127.06889001741767
112,150.84167292126742,118.17690381082667
113,157.70181435027425,108.85370289811755
114,163.986518960948,99.13330662835095
115,169.6728545477194,89.05118367337104
116,174.74007228869633,78.64412260646816
117,179.16968245586457,67.95009766486478
118,182.94552188210054,57.00813018584171
119,186.05381293881496,45.85814622211037
120,188.48321380902556,34.540830855976274
121,190.2248598724173,23.097479743885508
122,191.27239605138055,11.569848433053258
123,191.622,1.1733463447310707e-14
124,191.27239605138055,-11.56984843305332
125,190.2248598724173,-23.097479743885525
126,188.48321380902556,-34.540830855976246
127,186.05381293881496,-45.85814622211043
128,182.94552188210056,-57.00813018584169
129,179.16968245586457,-67.95009766486477
130,174.74007228869627,-78.6441226064682
131,169.6728545477194,-89.05118367337101
132,163.986518960948,-99.13330662835098
133,157.70181435027425,-108.85370289811753
134,150.84167292126736,-118.17690381082676
135,143.43112658604272,-127.06889001741769
136,135.49721562452862,-135.49721562452862
137,127.06889001741771,-143.4311265860427
138,118.17690381082664,-150.84167292126745
139,108.85370289811755,-157.70181435027422
140,99.133306628351,-163.98651896094796
141,89.05118367337096,-169.67285454771942
142,78.64412260646816,-174.7400722886963
143,67.95009766486481,-179.16968245586457
144,57.008130185841644,-182.94552188210056
145,45.858146222110385,-186.05381293881496
146,34.54083085597628,-188.48321380902556
147,23.097479743885437,-190.22485987241734
148,11.56984843305327,-191.27239605138055
149,2.3466926894621415e-14,-191.622
150,-11.569848433053393,-191.27239605138055
151,-23.097479743885557,-190.2248598724173
152,-34.54083085597623,-188.48321380902556
153,-45.85814622211042,-186.05381293881496
154,-57.008130185841765,-182.94552188210054
155,-67.95009766486477,-179.16968245586457
156,-78.64412260646812,-174.74007228869633
157,-89.05118367337109,-169.67285454771937
158,-99.13330662835095,-163.986518960948
159,-108.8537028981175,-157.70181435027428
160,-118.17690381082676,-150.8416729212674
161,-127.06889001741769,-143.43112658604272
162,-135.49721562452862,-135.49721562452865
163,-143.4311265860428,-127.0688900174176
164,-150.84167292126745,-118.17690381082667
165,-157.70181435027422,-108.85370289811758
166,-163.98651896094805,-99.13330662835087
167,-169.67285454771942,-89.05118367337099
168,-174.7400722886963,-78.64412260646817
169,-179.16968245586457,-67.95009766486481
170,-182.94552188210056,-57.00813018584166
171,-186.05381293881499,-45.85814622211023
172,-188.48321380902559,-34.54083085597613
173,-190.22485987241734,-23.097479743885447
174,-191.27239605138055,-11.56984843305328
175,-191.622,-3.520039034193212e-14
176,-191.27239605138055,11.56984843305321
177,-190.22485987241734,23.097479743885376
178,-188.48321380902553,34.540830855976395
179,-186.05381293881493,45.85814622211049
180,-182.94552188210054,57.00813018584175
181,-179.16968245586457,67.95009766486476
182,-174.74007228869633,78.64412260646812
183,-169.67285454771945,89.05118367337091
184,-163.9865189609479,99.13330662835111
185,-157.70181435027416,108.85370289811763
186,-150.8416729212674,118.17690381082673
187,-143.43112658604275,127.06889001741767
188,-135.49721562452865,135.4972156245286
189,-127.06889001741773,143.43112658604267
190,-118.17690381082653,150.84167292126753
191,-108.85370289811742,157.7018143502743
192,-99.13330662835087,163.98651896094802
193,-89.051183673371,169.67285454771942
194,-78.64412260646819,174.7400722886963
195,-67.95009766486483,179.16968245586457
196,-57.00813018584183,182.9455218821005
197,-45.858146222110236,186.05381293881499
198,-34.54083085597614,188.48321380902559
199,-23.097479743885458,190.22485987241734
200,-11.569848433053293,191.27239605138055
201,5.8204399086302185,203.74197866242497
202,17.44233466070036,203.07741467626116
203,29.007336142536175,201.75045437352532
204,40.47772172311574,199.76542602291323
205,51.8160773888209,197.1288043743119
206,62.985419780173096,193.84918953951131
207,73.94931682386496,189.9372789404272
208,84.67200656661082,185.40583241633425
209,95.11851382320528,180.26963060392262
210,105.25476425830759,174.54542672593317
211,115.0476955298411,168.25189194562714
212,124.46536513148115,161.40955446533235
213,133.4770545824711,154.04073256771417
214,142.05336962492206,146.16946181817622
215,150.16633610177203,137.82141666584204
216,157.78949120267205,129.0238266988384
217,164.89796978017313,119.80538782703857
218,171.46858545466878,110.19616868196896
219,177.4799062435463,100.22751253918267
220,182.912324467859,89.9319350830097
221,187.74812070849964,79.34301834715293
222,191.97152160326252,68.49530117707434
223,195.5687512962723,57.424166571460084
224,198.52807637196287,46.16572627023314
225,200.83984412703964,34.75670296556379
226,202.4965140555918,23.234310520080395
227,203.492682444655,11.636132582984759
228,203.82510000000005,-3.2777575988260545e-14
229,203.492682444655,-11.636132582984779
230,202.4965140555918,-23.23431052008046
231,200.83984412703964,-34.75670296556386
232,198.52807637196284,-46.16572627023324
233,195.5687512962723,-57.42416657146014
234,191.9715216032625,-68.4953011770744
235,187.74812070849964,-79.34301834715299
236,182.912324467859,-89.93193508300969
237,177.4799062435463,-100.2275125391827
238,171.46858545466878,-110.19616868196894
239,164.89796978017307,-119.80538782703863
240,157.78949120267202,-129.02382669883843
241,150.1663361017721,-137.821416665842
242,142.05336962492206,-146.16946181817622
243,133.47705458247117,-154.04073256771412
244,124.46536513148111,-161.40955446533235
245,115.04769552984119,-168.25189194562708
246,105.25476425830759,-174.54542672593317
247,95.11851382320523,-180.26963060392265
248,84.67200656661079,-185.40583241633428
249,73.94931682386495,-189.9372789404272
250,62.98541978017312,-193.84918953951131
251,51.81607738882086,-197.1288043743119
252,40.477721723115806,-199.7654260229132
253,29.00733614253618,-201.75045437352532
254,17.442334660700393,-203.07741467626116
255,5.820439908630186,-203.74197866242497
256,-5.820439908630136,-203.74197866242497
257,-17.442334660700343,-203.07741467626118
258,-29.00733614253622,-201.75045437352532
259,-40.477721723115756,-199.7654260229132
260,-51.8160773888209,-197.1288043743119
261,-62.985419780173075,-193.84918953951134
262,-73.94931682386498,-189.9372789404272
263,-84.67200656661082,-185.40583241633425
264,-95.11851382320526,-180.26963060392265
265,-105.25476425830755,-174.54542672593317
266,-115.04769552984115,-168.2518919456271
267,-124.46536513148108,-161.40955446533238
268,-133.4770545824711,-154.04073256771417
269,-142.05336962492208,-146.1694618181762
270,-150.16633610177203,-137.82141666584204
271,-157.789491202672,-129.02382669883846
272,-164.8979697801731,-119.8053878270386
273,-171.46858545466884,-110.1961686819689
274,-177.47990624354637,-100.22751253918258
275,-182.912324467859,-89.93193508300973
276,-187.74812070849967,-79.34301834715292
277,-191.9715216032625,-68.49530117707444
278,-195.5687512962723,-57.424166571460106
279,-198.52807637196287,-46.16572627023311
280,-200.83984412703964,-34.75670296556386
281,-202.4965140555918,-23.23431052008042
282,-203.492682444655,-11.636132582984693
283,-203.82510000000005,-3.744206344513338e-14
284,-203.49268244465503,11.636132582984619
285,-202.49651405559177,23.234310520080527
286,-200.83984412703964,34.75670296556378
287,-198.52807637196284,46.165726270233215
288,-195.5687512962723,57.424166571460205
289,-191.97152160326252,68.49530117707437
290,-187.74812070849964,79.343018347153
291,-182.91232446785904,89.93193508300966
292,-177.4799062435463,100.22751253918267
293,-171.46858545466876,110.196168681969
294,-164.89796978017313,119.80538782703853
295,-157.78949120267205,129.02382669883843
296,-150.16633610177198,137.82141666584212
297,-142.05336962492208,146.16946181817622
298,-133.4770545824711,154.04073256771417
299,-124.46536513148108,161.4095544653324
300,-115.04769552984112,168.2518919456271
301,-105.25476425830755,174.54542672593317
302,-95.11851382320532,180.2696306039226
303,-84.67200656661082,185.40583241633425
304,-73.94931682386489,189.93727894042723
305,-62.98541978017315,193.84918953951131
306,-51.81607738882088,197.1288043743119
307,-40.47772172311566,199.76542602291323
308,-29.00733614253621,201.75045437352532
309,-17.44233466070033,203.07741467626118
310,-5.820439908630121,203.74197866242497
311,0.0,216.60930000000002
312,11.626857186352376,216.29702965703936
313,23.220191133572023,215.36111898439418
314,34.74657525870285,213.80426645481447
315,46.172776012457255,211.63096087716812
316,57.46584870014199,208.8474684540428
317,68.59323246974131,205.46181471466184
318,79.52284419328255,201.48376137520592
319,90.22317097079939,196.92477819325813
320,100.66336099018028,191.79800989752385
321,110.81331248092947,186.118238288175
322,120.64376050536372,179.90183961709354
323,130.12636133700366,173.166737370898
324,139.2337741828745,165.93235059289165
325,147.93974001409006,158.2195378929336
326,156.21915727743055,150.05053730666688
327,164.0481542696188,141.4489021775049
328,171.40415796562056,132.43943324624507
329,178.26595910251882,123.04810714411296
330,184.61377333130972,113.30200149540963
331,190.4292982603021,103.22921684571148
332,195.6957662256507,92.8587956407226
333,200.3979926368719,82.22063848938566
334,204.52241975794865,71.34541795268608
335,208.05715579779343,60.26449010671804
336,210.99200919736018,49.00980413500035
337,213.3185180145473,37.61381021070943
338,215.02997432216765,26.10936593442934
339,216.1214435486386,14.529641597183913
340,216.58977870562987,2.9080245419005912
341,216.43362946164498,-8.721977100942334
342,215.65344603537707,-20.326831025930108
343,214.25147789761147,-31.873077435028442
344,212.23176728541918,-43.327425510843376
345,209.60013754734118,-54.65684940266553
346,206.36417635316687,-65.82868344854731
347,202.53321381671785,-76.81071635886273
348,198.1182955947145,-87.57128408979358
349,193.1321510392884,-98.07936113896494
350,187.58915649596463,-108.30464999999997
351,181.50529385293603,-118.21766851807453
352,174.8981044611425,-127.78983489460066
353,167.786638558015,-136.99355009595175
354,160.19140034070958,-145.80227742862084
355,152.1342888471992,-154.19061905137735
356,143.63853481567782,-162.13438920381859
357,134.72863370432893,-169.61068394017747
358,125.43027506457771,-176.59794716732802
359,115.77026847146468,-183.07603279658153
360,105.77646622470037,-189.0262628300756
361,95.47768304327481,-194.43148121427754
362,84.90361298516399,-199.27610330532738
363,74.08474383167281,-203.54616080360105
364,63.05226918327006,-207.22934202793402
365,51.83799852036287,-210.31502741338494
366,40.474265488329834,-212.79432013019098
367,28.993834671251268,-214.6600717356308
368,17.429807123131937,-215.90690278483555
369,5.815524928992334,-216.53121834112113
370,-5.815524928992377,-216.53121834112113
371,-17.429807123131884,-215.90690278483555
372,-28.993834671251406,-214.6600717356308
373,-40.47426548832988,-212.79432013019098
374,-51.837998520362916,-210.31502741338494
375,-63.0522691832701,-207.22934202793402
376,-74.08474383167277,-203.54616080360108
377,-84.90361298516402,-199.27610330532735
378,-95.47768304327494,-194.43148121427748
379,-105.7764662247005,-189.02626283007555
380,-115.7702684714647,-183.07603279658153
381,-125.43027506457769,-176.59794716732807
382,-134.72863370432896,-169.61068394017744
383,-143.63853481567793,-162.13438920381847
384,-152.1342888471993,-154.19061905137724
385,-160.1914003407097,-145.80227742862073
386,-167.78663855801503,-136.99355009595172
387,-174.89810446114257,-127.78983489460053
388,-181.50529385293606,-118.21766851807448
389,-187.58915649596457,-108.30465000000011
390,-193.1321510392884,-98.07936113896488
391,-198.11829559471454,-87.5712840897935
392,-202.5332138167179,-76.81071635886259
393,-206.36417635316687,-65.82868344854731
394,-209.60013754734123,-54.656849402665394
395,-212.23176728541918,-43.327425510843376
396,-214.25147789761147,-31.8730774350284
397,-215.65344603537707,-20.32683102592997
398,-216.43362946164498,-8.721977100942338
399,-216.58977870562987,2.9080245419006823
400,-216.1214435486386,14.5296415971841
401,-215.0299743221676,26.109365934429576
402,-213.31851801454732,37.61381021070934
403,-210.99200919736015,49.009804135000394
404,-208.05715579779343,60.26449010671813
405,-204.52241975794868,71.34541795268602
406,-200.3979926368719,82.2206384893857
407,-195.69576622565066,92.85879564072269
408,-190.4292982603021,103.22921684571148
409,-184.61377333130966,113.3020014954097
410,-178.2659591025187,123.04810714411306
411,-171.4041579656204,132.43943324624527
412,-164.04815426961878,141.44890217750498
413,-156.21915727743055,150.05053730666685
414,-147.93974001409,158.21953789293363
415,-139.23377418287458,165.93235059289162
416,-130.12636133700366,173.16673737089803
417,-120.64376050536364,179.9018396170936
418,-110.81331248092948,186.11823828817498
419,-100.66336099018025,191.79800989752388
420,-90.22317097079927,196.9247781932582
421,-79.52284419328255,201.48376137520592
422,-68.59323246974124,205.46181471466187
423,-57.465848700141834,208.84746845404283
424,-46.17277601245704,211.63096087716818
425,-34.74657525870293,213.80426645481447
426,-23.220191133572037,215.36111898439418
427,-11.626857186352312,216.2970296570394
428,5.825880841089668,229.9007954696665
429,17.46268757070533,229.31064342495733
430,29.054667831778698,228.1318542473738
431,40.572065177233,226.3674538718284
432,51.98531461326618,224.02197148877994
433,63.265118492266,221.10142791786657
434,74.38252171945119,217.61332015254806
435,85.30898608018451,213.56660211543118
436,96.01646349716049,208.97166167367874
437,106.47746802941752,203.8402939735036
438,116.66514642835413,198.18567116219754
439,126.55334706963298,192.02230857541792
440,136.1166870840256,185.36602747652944
441,145.3306175148734,178.23391444364785
442,154.1714863349076,170.64427750863902
443,162.6165991606638,162.6165991606638
444,170.64427750863905,154.17148633490757
445,178.23391444364788,145.33061751487338
446,185.36602747652947,136.11668708402559
447,192.02230857541792,126.55334706963298
448,198.18567116219754,116.66514642835413
449,203.8402939735036,106.47746802941754
450,208.97166167367877,96.01646349716046
451,213.56660211543118,85.30898608018448
452,217.61332015254806,74.38252171945115
453,221.10142791786657,63.265118492266026
454,224.02197148877994,51.98531461326617
455,226.36745387182842,40.57206517723298
456,228.1318542473738,29.054667831778676
457,229.31064342495736,17.462687570705306
458,229.9007954696665,5.825880841089655
459,229.9007954696665,-5.8258808410896785
460,229.31064342495733,-17.462687570705334
461,228.1318542473738,-29.054667831778698
462,226.3674538718284,-40.57206517723306
463,224.02197148877994,-51.98531461326619
464,221.10142791786657,-63.265118492266
465,217.61332015254806,-74.38252171945118
466,213.56660211543118,-85.3089860801845
467,208.9716616736787,-96.01646349716052
468,203.8402939735036,-106.47746802941751
469,198.1856711621975,-116.66514642835416
470,192.02230857541792,-126.55334706963298
471,185.3660274765294,-136.1166870840256
472,178.23391444364788,-145.33061751487338
473,170.64427750863908,-154.1714863349075
474,162.6165991606638,-162.61659916066378
475,154.17148633490754,-170.64427750863905
476,145.3306175148734,-178.23391444364785
477,136.11668708402567,-185.36602747652938
478,126.553347069633,-192.02230857541792
479,116.66514642835418,-198.18567116219748
480,106.47746802941754,-203.8402939735036
481,96.01646349716056,-208.9716616736787
482,85.30898608018452,-213.56660211543115
483,74.38252171945116,-217.61332015254806
484,63.26511849226604,-221.10142791786654
485,51.98531461326618,-224.02197148877994
486,40.57206517723294,-226.36745387182842
487,29.054667831778794,-228.13185424737378
488,17.462687570705377,-229.31064342495733
489,5.825880841089772,-229.9007954696665
490,-5.825880841089614,-229.9007954696665
491,-17.46268757070532,-229.31064342495736
492,-29.054667831778634,-228.1318542473738
493,-40.57206517723299,-226.36745387182842
494,-51.98531461326613,-224.02197148877997
495,-63.26511849226599,-221.10142791786657
496,-74.3825217194512,-217.61332015254803
497,-85.30898608018448,-213.56660211543118
498,-96.01646349716042,-208.97166167367877
499,-106.4774680294174,-203.84029397350366
500,-116.66514642835405,-198.18567116219756
501,-126.55334706963298,-192.02230857541795
502,-136.11668708402553,-185.3660274765295
503,-145.33061751487338,-178.23391444364788
504,-154.1714863349076,-170.64427750863902
505,-162.61659916066378,-162.61659916066384
506,-170.64427750863905,-154.17148633490757
507,-178.23391444364788,-145.33061751487335
508,-185.36602747652933,-136.11668708402573
509,-192.0223085754179,-126.55334706963303
510,-198.18567116219748,-116.6651464283542
511,-203.84029397350355,-106.47746802941765
512,-208.97166167367874,-96.01646349716047
513,-213.56660211543115,-85.30898608018454
514,-217.61332015254803,-74.38252171945128
515,-221.10142791786657,-63.26511849226596
516,-224.02197148877994,-51.9853146132662
517,-226.3674538718284,-40.57206517723306
518,-228.1318542473738,-29.054667831778602
519,-229.31064342495733,-17.46268757070549
520,-229.9007954696665,-5.825880841089684
521,-229.9007954696665,5.8258808410896
522,-229.31064342495733,17.46268757070541
523,-228.1318542473738,29.054667831778723
524,-226.36745387182842,40.57206517723298
525,-224.02197148877997,51.98531461326611
526,-221.1014279178666,63.26511849226587
527,-217.61332015254803,74.38252171945119
528,-213.56660211543118,85.30898608018447
529,-208.97166167367865,96.01646349716059
530,-203.8402939735037,106.47746802941738
531,-198.18567116219754,116.66514642835413
532,-192.02230857541795,126.55334706963295
533,-185.36602747652938,136.11668708402567
534,-178.23391444364782,145.3306175148734
535,-170.64427750863916,154.17148633490743
536,-162.61659916066384,162.61659916066375
537,-154.17148633490766,170.64427750863896
538,-145.33061751487335,178.23391444364788
539,-136.11668708402559,185.36602747652944
540,-126.55334706963303,192.0223085754179
541,-116.6651464283542,198.18567116219748
542,-106.47746802941747,203.84029397350363
543,-96.01646349716049,208.97166167367874
544,-85.30898608018438,213.56660211543124
545,-74.38252171945129,217.61332015254803
546,-63.26511849226617,221.1014279178665
547,-51.98531461326621,224.02197148877994
548,-40.57206517723308,226.3674538718284
549,-29.05466783177862,228.1318542473738
550,-17.462687570705505,229.31064342495733
551,-5.825880841089698,229.9007954696665
552,0.0,243.92100000000002
553,11.606228489643044,243.6447202408585
554,23.18616513879954,242.81650682594938
555,34.71357766645799,241.438235925039
556,46.16235277563562,239.5130297650167
557,57.506555308394994,237.04524955704662
558,68.72048699731837,234.04048561702183
559,79.77874468034881,230.50554470170067
560,90.65627784712275,226.4484345892135
561,101.32844538643313,221.8783459388695
562,111.77107140627167,216.8056314713576
563,121.9605,211.2417825165041
564,131.87364883458682,205.19940298171457
565,141.48806143951623,198.69218080006996
566,150.78195807791624,191.73485692275548
567,159.73428508466787,184.34319192606506
568,168.32476255972824,176.53393030862685
569,176.53393030862682,168.32476255972827
570,184.34319192606506,159.7342850846679
571,191.73485692275545,150.78195807791627
572,198.69218080006993,141.48806143951626
573,205.19940298171454,131.87364883458685
574,211.24178251650406,121.96050000000004
575,216.8056314713576,111.7710714062717
576,221.87834593886947,101.32844538643315
577,226.44843458921346,90.6562778471228
578,230.50554470170067,79.77874468034884
579,234.04048561702183,68.72048699731839
580,237.04524955704662,57.506555308395015
581,239.5130297650167,46.162352775635675
582,241.438235925039,34.713577666458036
583,242.81650682594938,23.186165138799577
584,243.6447202408585,11.606228489643073
585,243.92100000000002,1.4935853594741077e-14
586,243.6447202408585,-11.606228489642989
587,242.81650682594938,-23.18616513879955
588,241.43823592503904,-34.71357766645796
589,239.5130297650167,-46.1623527756356
590,237.04524955704665,-57.50655530839494
591,234.04048561702183,-68.72048699731837
592,230.5055447017007,-79.77874468034877
593,226.4484345892135,-90.65627784712272
594,221.87834593886953,-101.32844538643309
595,216.8056314713576,-111.77107140627167
596,211.2417825165041,-121.96049999999995
597,205.19940298171454,-131.87364883458682
598,198.69218080006996,-141.4880614395162
599,191.7348569227555,-150.7819580779162
600,184.34319192606506,-159.73428508466787
601,176.53393030862688,-168.3247625597282
602,168.32476255972833,-176.53393030862676
603,159.73428508466793,-184.343191926065
604,150.78195807791633,-191.73485692275543
605,141.48806143951634,-198.69218080006988
606,131.87364883458687,-205.19940298171454
607,121.9605,-211.2417825165041
608,111.77107140627172,-216.80563147135757
609,101.32844538643322,-221.87834593886944
610,90.65627784712287,-226.44843458921343
611,79.77874468034885,-230.50554470170067
612,68.72048699731847,-234.0404856170218
613,57.506555308395136,-237.0452495570466
614,46.16235277563569,-239.51302976501668
615,34.713577666457994,-241.438235925039
616,23.186165138799595,-242.81650682594938
617,11.606228489643142,-243.6447202408585
618,2.9871707189482154e-14,-243.92100000000002
619,-11.606228489642973,-243.6447202408585
620,-23.186165138799424,-242.8165068259494
621,-34.71357766645783,-241.43823592503904
622,-46.16235277563564,-239.5130297650167
623,-57.50655530839498,-237.04524955704665
624,-68.7204869973183,-234.04048561702186
625,-79.77874468034871,-230.50554470170073
626,-90.65627784712271,-226.4484345892135
627,-101.32844538643307,-221.87834593886953
628,-111.77107140627156,-216.80563147135766
629,-121.96049999999985,-211.24178251650417
630,-131.87364883458682,-205.19940298171457
631,-141.4880614395162,-198.69218080007
632,-150.7819580779162,-191.73485692275554
633,-159.73428508466787,-184.34319192606506
634,-168.3247625597282,-176.53393030862688
635,-176.53393030862676,-168.32476255972833
636,-184.34319192606495,-159.73428508466802
637,-191.73485692275543,-150.78195807791633
638,-198.69218080006993,-141.48806143951626
639,-205.19940298171446,-131.873648834587
640,-211.24178251650403,-121.96050000000012
641,-216.80563147135757,-111.77107140627173
642,-221.8783459388695,-101.32844538643313
643,-226.44843458921343,-90.65627784712288
644,-230.50554470170064,-79.77874468034886
645,-234.04048561702183,-68.72048699731839
646,-237.0452495570466,-57.50655530839515
647,-239.51302976501668,-46.16235277563571
648,-241.438235925039,-34.71357766645801
649,-242.81650682594938,-23.186165138799716
650,-243.6447202408585,-11.606228489643156
651,-243.92100000000002,-4.4807560784223234e-14
652,-243.6447202408585,11.60622848964285
653,-242.8165068259494,23.18616513879941
654,-241.43823592503904,34.71357766645792
655,-239.51302976501674,46.1623527756354
656,-237.04524955704667,57.50655530839485
657,-234.04048561702191,68.72048699731809
658,-230.50554470170076,79.77874468034858
659,-226.44843458921346,90.6562778471228
660,-221.87834593886953,101.32844538643306
661,-216.80563147135763,111.77107140627164
662,-211.24178251650406,121.96050000000004
663,-205.19940298171463,131.8736488345867
664,-198.69218080007,141.48806143951617
665,-191.73485692275548,150.78195807791624
666,-184.34319192606515,159.73428508466776
667,-176.5339303086269,168.32476255972819
668,-168.3247625597284,176.53393030862665
669,-159.73428508466802,184.34319192606495
670,-150.78195807791636,191.7348569227554
671,-141.48806143951646,198.6921808000698
672,-131.873648834587,205.19940298171446
673,-121.96050000000012,211.241782516504
674,-111.77107140627193,216.8056314713575
675,-101.32844538643315,221.87834593886947
676,-90.6562778471229,226.4484345892134
677,-79.77874468034888,230.50554470170064
678,-68.72048699731839,234.04048561702183
679,-57.506555308395164,237.0452495570466
680,-46.162352775635725,239.51302976501668
681,-34.71357766645803,241.438235925039
682,-23.18616513879973,242.81650682594935
683,-11.606228489643172,243.6447202408585
684,5.799084060154343,258.3834316985384
685,17.385573596923233,257.86308185344404
686,28.937050902185764,256.82343007859373
687,40.43025283795012,255.2665700943025
688,51.84203362506319,253.1956372093876
689,63.14941145572951,250.6148020070742
690,74.32961477581372,247.52926194599527
691,85.36012814372,243.94523089320217
692,96.21873757349513,239.86992661026287
693,106.88357527083983,235.311556217651
694,117.33316367193626,230.27929966669743
695,127.54645869640336,224.78329125238977
696,137.502892127274,218.83459920425122
697,147.18241303264668,212.44520339639917
698,156.5655281455941,205.627971221673
699,165.63334112100856,198.39663167841746
700,174.36759059032573,190.765747722107
701,182.75068693749145,182.75068693749145
702,190.765747722107,174.36759059032573
703,198.3966316784175,165.63334112100853
704,205.627971221673,156.56552814559416
705,212.44520339639917,147.18241303264668
706,218.83459920425122,137.50289212727398
707,224.78329125238974,127.54645869640336
708,230.27929966669743,117.33316367193623
709,235.31155621765103,106.88357527083977
710,239.86992661026287,96.21873757349509
711,243.94523089320217,85.36012814371996
712,247.5292619459953,74.32961477581368
713,250.61480200707422,63.149411455729414
714,253.1956372093876,51.84203362506314
715,255.2665700943025,40.43025283795007
716,256.82343007859373,28.93705090218572
717,257.86308185344404,17.38557359692319
718,258.3834316985384,5.799084060154302
719,258.3834316985384,-5.799084060154384
720,257.86308185344404,-17.38557359692333
721,256.82343007859373,-28.937050902185803
722,255.26657009430247,-40.43025283795016
723,253.1956372093876,-51.842033625063216
724,250.6148020070742,-63.14941145572955
725,247.52926194599527,-74.32961477581375
726,243.94523089320214,-85.3601281437201
727,239.86992661026284,-96.21873757349522
728,235.311556217651,-106.88357527083986
729,230.27929966669737,-117.33316367193636
730,224.78329125238972,-127.54645869640345
731,218.8345992042512,-137.50289212727407
732,212.4452033963991,-147.18241303264676
733,205.62797122167294,-156.56552814559421
734,198.3966316784175,-165.63334112100853
735,190.765747722107,-174.36759059032573
736,182.75068693749145,-182.75068693749142
737,174.36759059032568,-190.76574772210705
738,165.63334112100856,-198.39663167841746
739,156.56552814559416,-205.62797122167296
740,147.1824130326467,-212.44520339639914
741,137.502892127274,-218.83459920425122
742,127.54645869640329,-224.7832912523898
743,117.33316367193629,-230.2792996666974
744,106.88357527083974,-235.31155621765106
745,96.21873757349516,-239.86992661026284
746,85.36012814372005,-243.94523089320217
747,74.32961477581375,-247.52926194599527
748,63.14941145572954,-250.6148020070742
749,51.842033625063095,-253.1956372093876
750,40.43025283795014,-255.26657009430247
751,28.937050902185682,-256.82343007859373
752,17.385573596923262,-257.86308185344404
753,5.7990840601543745,-258.3834316985384
754,-5.799084060154311,-258.3834316985384
755,-17.385573596923198,-257.86308185344404
756,-28.937050902185845,-256.82343007859373
757,-40.43025283795008,-255.2665700943025
758,-51.84203362506326,-253.1956372093876
759,-63.149411455729485,-250.6148020070742
760,-74.32961477581368,-247.5292619459953
761,-85.36012814372009,-243.94523089320214
762,-96.2187375734951,-239.86992661026287
763,-106.88357527083988,-235.31155621765097
764,-117.33316367193623,-230.27929966669743
765,-127.54645869640343,-224.78329125238972
766,-137.50289212727395,-218.83459920425125
767,-147.18241303264676,-212.4452033963991
768,-156.56552814559421,-205.62797122167294
769,-165.6333411210085,-198.3966316784175
770,-174.3675905903258,-190.76574772210694
771,-182.75068693749142,-182.75068693749148
772,-190.76574772210702,-174.36759059032568
773,-198.39663167841744,-165.63334112100856
774,-205.62797122167296,-156.5655281455942
775,-212.44520339639928,-147.18241303264654
776,-218.83459920425122,-137.502892127274
777,-224.78329125238974,-127.54645869640339
778,-230.2792996666974,-117.3331636719363
779,-235.311556217651,-106.88357527083986
780,-239.86992661026292,-96.21873757349496
781,-243.94523089320214,-85.36012814372006
782,-247.52926194599533,-74.32961477581354
783,-250.61480200707416,-63.149411455729556
784,-253.1956372093876,-51.84203362506322
785,-255.26657009430247,-40.43025283795016
786,-256.82343007859373,-28.93705090218581
787,-257.86308185344404,-17.385573596923052
788,-258.3834316985384,-5.7990840601543905
789,-258.3834316985384,5.799084060154295
790,-257.86308185344404,17.385573596923415
791,-256.82343007859373,28.937050902185717
792,-255.2665700943025,40.430252837950064
793,-253.19563720938757,51.84203362506336
794,-250.61480200707413,63.149411455729684
795,-247.5292619459953,74.32961477581367
796,-243.94523089320217,85.36012814371995
797,-239.8699266102628,96.21873757349529
798,-235.31155621765103,106.88357527083977
799,-230.27929966669745,117.33316367193623
800,-224.7832912523897,127.54645869640352
801,-218.83459920425113,137.50289212727412
802,-212.4452033963992,147.18241303264665
803,-205.62797122167302,156.5655281455941
804,-198.39663167841735,165.63334112100867
805,-190.76574772210702,174.3675905903257
806,-182.75068693749148,182.75068693749137
807,-174.36759059032562,190.7657477221071
808,-165.63334112100839,198.39663167841758
809,-156.5655281455942,205.62797122167296
810,-147.18241303264674,212.44520339639914
811,-137.50289212727384,218.83459920425133
812,-127.5464586964034,224.78329125238974
813,-117.33316367193632,230.2792996666974
814,-106.88357527083967,235.3115562176511
815,-96.21873757349498,239.86992661026292
816,-85.36012814372008,243.94523089320214
817,-74.32961477581378,247.52926194599527
818,-63.14941145572935,250.61480200707422
819,-51.84203362506324,253.1956372093876
820,-40.430252837950164,255.26657009430247
821,-28.937050902185597,256.82343007859373
822,-17.385573596923066,257.86308185344404
823,-5.799084060154406,258.3834316985384
824,0.0,273.55710000000005
825,11.610092466849062,273.31061580795074
826,23.19926276233932,272.57160741297685
827,34.74662641827889,271.34140655815617
828,46.23137430486611,269.62223014857915
829,57.6328101301479,267.4171762563362
830,68.93038773613684,264.7302185375819
831,80.10374812437644,261.5661990717388
832,91.13275614423253,257.9308196357424
833,101.99753677779566,253.830631429054
834,112.67851095600673,249.27302326795632
835,123.15643084146276,244.26620827040736
836,133.4124145143208,238.8192090554465
837,143.427979998794,232.94184148382524
838,153.1850785689208,226.6446969691627
839,162.66612727358938,219.93912339150222
840,171.85404062220377,212.83720464766483
841,180.7322613738929,205.35173887525008
842,189.28479037477751,197.4962153895273
843,197.4962153895273,189.28479037477754
844,205.35173887525008,180.7322613738929
845,212.83720464766483,171.8540406222038
846,219.93912339150225,162.66612727358938
847,226.64469696916268,153.18507856892083
848,232.94184148382524,143.427979998794
849,238.81920905544655,133.4124145143208
850,244.26620827040736,123.15643084146275
851,249.27302326795632,112.67851095600673
852,253.830631429054,101.99753677779567
853,257.9308196357424,91.13275614423252
854,261.5661990717388,80.10374812437645
855,264.7302185375819,68.93038773613682
856,267.4171762563361,57.632810130147945
857,269.62223014857915,46.23137430486611
858,271.34140655815617,34.746626418278865
859,272.57160741297685,23.199262762339327
860,273.3106158079507,11.610092466849107
861,273.55710000000005,1.6750541344951625e-14
862,273.3106158079507,-11.610092466849073
863,272.57160741297685,-23.199262762339355
864,271.34140655815617,-34.74662641827883
865,269.62223014857915,-46.23137430486608
866,267.4171762563362,-57.6328101301479
867,264.7302185375819,-68.93038773613685
868,261.56619907173877,-80.10374812437648
869,257.9308196357424,-91.13275614423253
870,253.830631429054,-101.99753677779564
871,249.27302326795632,-112.67851095600675
872,244.26620827040736,-123.15643084146278
873,238.81920905544646,-133.4124145143209
874,232.94184148382521,-143.42797999879406
875,226.6446969691627,-153.1850785689208
876,219.93912339150222,-162.6661272735894
877,212.8372046476648,-171.8540406222038
878,205.35173887525005,-180.73226137389292
879,197.4962153895273,-189.28479037477751
880,189.28479037477754,-197.49621538952726
881,180.73226137389287,-205.35173887525008
882,171.85404062220374,-212.83720464766486
883,162.66612727358944,-219.9391233915022
884,153.18507856892083,-226.64469696916268
885,143.427979998794,-232.94184148382524
886,133.4124145143208,-238.8192090554465
887,123.15643084146271,-244.2662082704074
888,112.67851095600679,-249.27302326795626
889,101.9975367777957,-253.83063142905397
890,91.13275614423253,-257.9308196357424
891,80.10374812437652,-261.56619907173877
892,68.9303877361368,-264.7302185375819
893,57.63281013014796,-267.4171762563361
894,46.23137430486612,-269.62223014857915
895,34.74662641827888,-271.34140655815617
896,23.199262762339405,-272.57160741297685
897,11.610092466849002,-273.31061580795074
898,3.350108268990325e-14,-273.55710000000005
899,-11.610092466848934,-273.31061580795074
900,-23.199262762339337,-272.57160741297685
901,-34.746626418278815,-271.34140655815617
902,-46.23137430486617,-269.62223014857915
903,-57.63281013014789,-267.4171762563362
904,-68.93038773613672,-264.73021853758195
905,-80.10374812437647,-261.5661990717388
906,-91.13275614423247,-257.9308196357424
907,-101.99753677779576,-253.83063142905397
908,-112.67851095600673,-249.27302326795632
909,-123.15643084146276,-244.26620827040736
910,-133.41241451432086,-238.8192090554465
911,-143.42797999879394,-232.94184148382527
912,-153.18507856892091,-226.64469696916265
913,-162.66612727358938,-219.93912339150222
914,-171.8540406222038,-212.83720464766483
915,-180.73226137389292,-205.35173887525008
916,-189.28479037477751,-197.49621538952732
917,-197.49621538952726,-189.28479037477757
918,-205.35173887525008,-180.7322613738929
919,-212.83720464766483,-171.85404062220377
920,-219.93912339150225,-162.66612727358935
921,-226.64469696916257,-153.18507856892094
922,-232.9418414838253,-143.42797999879392
923,-238.81920905544644,-133.41241451432094
924,-244.26620827040742,-123.15643084146262
925,-249.27302326795626,-112.6785109560068
926,-253.83063142905397,-101.99753677779572
927,-257.9308196357424,-91.13275614423254
928,-261.5661990717388,-80.10374812437642
929,-264.7302185375819,-68.93038773613681
930,-267.4171762563362,-57.63281013014785
931,-269.62223014857915,-46.23137430486626
932,-271.34140655815617,-34.74662641827878
933,-272.57160741297685,-23.199262762339178
934,-273.3106158079507,-11.610092466849139
935,-273.55710000000005,-5.025162403485487e-14
936,-273.31061580795074,11.61009246684904
937,-272.57160741297685,23.19926276233908
938,-271.34140655815617,34.746626418278915
939,-269.62223014857915,46.23137430486616
940,-267.4171762563361,57.632810130148
941,-264.73021853758195,68.93038773613671
942,-261.5661990717388,80.10374812437632
943,-257.93081963574235,91.13275614423269
944,-253.83063142905402,101.99753677779562
945,-249.27302326795635,112.67851095600672
946,-244.26620827040736,123.15643084146275
947,-238.81920905544663,133.41241451432063
948,-232.94184148382521,143.42797999879403
949,-226.64469696916265,153.18507856892086
950,-219.93912339150216,162.66612727358947
951,-212.8372046476649,171.85404062220366
952,-205.35173887525013,180.7322613738928
953,-197.49621538952715,189.28479037477766
954,-189.28479037477757,197.49621538952724
955,-180.7322613738929,205.35173887525008
956,-171.85404062220377,212.83720464766483
957,-162.66612727358935,219.93912339150225
958,-153.185078568921,226.64469696916257
959,-143.42797999879394,232.9418414838253
960,-133.41241451432074,238.81920905544658
961,-123.15643084146286,244.2662082704073
962,-112.67851095600682,249.27302326795626
963,-101.99753677779573,253.83063142905397
964,-91.13275614423256,257.93081963574235
965,-80.10374812437644,261.5661990717388
966,-68.93038773613682,264.7302185375819
967,-57.63281013014787,267.4171762563362
968,-46.23137430486627,269.62223014857915
969,-34.746626418278794,271.34140655815617
970,-23.199262762339195,272.57160741297685
971,-11.610092466849157,273.3106158079507
972,5.824578218458168,289.1881491327352
973,17.464287168204493,288.7190848973211
974,29.07566898029952,287.7817172503981
975,40.63988995098284,286.3775666057173
976,52.13819287155124,284.5089105007591
977,63.551927452619864,282.17877990255926
978,74.86258057495981,279.390954291469
979,86.05180631784513,276.14995553082406
980,97.10145571620343,272.46104053246626
981,107.99360619830355,268.3301927300127
982,118.71059065623245,263.76411237370496
983,129.23502610200885,258.7702056625784
984,139.5498418628533,253.35657273158057
985,149.6383072698819,247.53199451312238
986,159.48405879531225,241.3059184943739
987,169.0711265941656,234.68844339340544
988,178.38396040741372,227.69030277902988
989,187.40745478455563,220.32284766091504
990,196.12697358471408,212.59802807820418
991,204.5283737165091,204.52837371650918
992,212.59802807820412,196.1269735847141
993,220.32284766091502,187.40745478455565
994,227.69030277902988,178.38396040741372
995,234.6884433934054,169.07112659416563
996,241.3059184943739,159.48405879531225
997,247.53199451312238,149.6383072698819
998,253.3565727315805,139.54984186285338
999,258.77020566257835,129.23502610200893
1000,263.76411237370496,118.71059065623245
1001,268.33019273001275,107.99360619830355
1002,272.46104053246626,97.10145571620346
1003,276.14995553082406,86.05180631784516
1004,279.390954291469,74.86258057495981
1005,282.17877990255926,63.551927452619864
1006,284.5089105007591,52.138192871551276
1007,286.3775666057173,40.63988995098286
1008,287.7817172503981,29.07566898029954
1009,288.7190848973211,17.46428716820456
1010,289.1881491327352,5.824578218458223
1011,289.1881491327352,-5.824578218458123
1012,288.7190848973211,-17.46428716820446
1013,287.7817172503981,-29.075668980299568
1014,286.3775666057173,-40.639889950982834
1015,284.5089105007591,-52.13819287155124
1016,282.17877990255926,-63.551927452619886
1017,279.390954291469,-74.86258057495985
1018,276.14995553082406,-86.0518063178451
1019,272.46104053246626,-97.10145571620343
1020,268.3301927300127,-107.99360619830357
1021,263.76411237370496,-118.71059065623243
1022,258.7702056625784,-129.23502610200887
1023,253.3565727315806,-139.5498418628533
1024,247.53199451312244,-149.6383072698818
1025,241.3059184943739,-159.48405879531222
1026,234.68844339340546,-169.07112659416558
1027,227.69030277902993,-178.3839604074136
1028,220.32284766091504,-187.40745478455563
1029,212.59802807820424,-196.12697358471402
1030,204.52837371650912,-204.5283737165091
1031,196.12697358471416,-212.59802807820412
1032,187.40745478455565,-220.32284766091502
1033,178.38396040741375,-227.69030277902985
1034,169.0711265941656,-234.68844339340544
1035,159.4840587953124,-241.3059184943738
1036,149.63830726988195,-247.53199451312236
1037,139.54984186285333,-253.35657273158057
1038,129.23502610200893,-258.77020566257835
1039,118.71059065623247,-263.76411237370496
1040,107.99360619830361,-268.3301927300127
1041,97.10145571620342,-272.46104053246626
1042,86.05180631784516,-276.14995553082406
1043,74.86258057495989,-279.3909542914689
1044,63.55192745262,-282.1787799025592
1045,52.1381928715513,-284.5089105007591
1046,40.63988995098294,-286.3775666057173
1047,29.075668980299554,-287.7817172503981
1048,17.464287168204578,-288.7190848973211
1049,5.824578218458177,-289.1881491327352
1050,-5.824578218458106,-289.1881491327352
1051,-17.46428716820438,-288.7190848973211
1052,-29.07566898029936,-287.7817172503981
1053,-40.63988995098275,-286.3775666057173
1054,-52.138192871551226,-284.5089105007591
1055,-63.55192745261981,-282.17877990255926
1056,-74.86258057495982,-279.390954291469
1057,-86.05180631784509,-276.14995553082406
1058,-97.10145571620347,-272.46104053246626
1059,-107.99360619830344,-268.33019273001275
1060,-118.71059065623241,-263.76411237370496
1061,-129.23502610200876,-258.77020566257846
1062,-139.54984186285327,-253.3565727315806
1063,-149.6383072698818,-247.53199451312244
1064,-159.48405879531222,-241.30591849437394
1065,-169.07112659416555,-234.68844339340546
1066,-178.38396040741372,-227.69030277902988
1067,-187.4074547845555,-220.32284766091513
1068,-196.12697358471402,-212.59802807820424
1069,-204.5283737165091,-204.52837371650918
1070,-212.59802807820412,-196.1269735847142
1071,-220.3228476609149,-187.4074547845558
1072,-227.69030277902974,-178.38396040741387
1073,-234.6884433934054,-169.07112659416563
1074,-241.30591849437386,-159.4840587953123
1075,-247.53199451312233,-149.63830726988198
1076,-253.35657273158046,-139.54984186285347
1077,-258.7702056625784,-129.23502610200885
1078,-263.76411237370485,-118.71059065623272
1079,-268.3301927300127,-107.99360619830362
1080,-272.4610405324662,-97.10145571620356
1081,-276.149955530824,-86.0518063178453
1082,-279.39095429146886,-74.86258057496003
1083,-282.1787799025592,-63.55192745262015
1084,-284.5089105007591,-52.13819287155131
1085,-286.3775666057173,-40.63988995098296
1086,-287.78171725039806,-29.075668980299955
1087,-288.7190848973211,-17.464287168204724
1088,-289.1881491327352,-5.824578218458452
1089,-289.1881491327352,5.824578218458089
1090,-288.7190848973212,17.464287168204105
1091,-287.7817172503981,29.075668980299337
1092,-286.37756660571733,40.63988995098261
1093,-284.5089105007591,52.138192871551205
1094,-282.1787799025593,63.551927452619545
1095,-279.39095429146903,74.86258057495942
1096,-276.1499555308241,86.05180631784495
1097,-272.46104053246637,97.10145571620322
1098,-268.3301927300128,107.9936061983033
1099,-263.7641123737051,118.71059065623216
1100,-258.77020566257846,129.23502610200873
1101,-253.35657273158066,139.54984186285316
1102,-247.53199451312253,149.63830726988166
1103,-241.30591849437405,159.48405879531197
1104,-234.68844339340563,169.07112659416535
1105,-227.69030277902996,178.38396040741358
1106,-220.32284766091513,187.4074547845555
1107,-212.59802807820438,196.12697358471394
1108,-204.52837371650935,204.5283737165089
1109,-196.1269735847144,212.59802807820392
1110,-187.4074547845558,220.3228476609149
1111,-178.3839604074141,227.6903027790296
1112,-169.07112659416586,234.68844339340524
1113,-159.48405879531254,241.30591849437374
1114,-149.63830726988198,247.53199451312233
1115,-139.5498418628537,253.35657273158034
1116,-129.23502610200933,258.7702056625782
1117,-118.71059065623274,263.7641123737048
1118,-107.9936061983039,268.3301927300126
1119,-97.10145571620357,272.4610405324662
1120,-86.05180631784556,276.14995553082395
1121,-74.86258057496005,279.39095429146886
1122,-63.55192745262016,282.1787799025592
1123,-52.138192871551325,284.5089105007591
1124,-40.63988995098323,286.3775666057172
1125,-29.075668980299977,287.78171725039806
1126,-17.46428716820474,288.7190848973211
1127,-5.824578218458469,289.1881491327352
1128,0.0,305.5176000000001
1129,11.631271481867694,305.2961143438861
1130,23.24567873204725,304.631978508571
1131,34.82638197037424,303.5261554275243
1132,46.356590284279285,301.98024843849555
1133,57.81958597400607,299.9964989588288
1134,69.19874879167772,297.57778323562115
1135,80.47758003906738,294.7276081754398
1136,91.63972648913327,291.4501062596425
1137,102.6690040966345,287.7500295526749
1138,113.5494214634497,283.6327428120314
1139,124.26520302457513,279.10421570986915
1140,134.800811921186,274.17101417755504
1141,145.14097252759646,268.84029088569207
1142,155.27069259945637,263.1197748734313
1143,165.1752850110723,257.01776034210377
1144,174.8403890503359,250.54309462942143
1145,184.25199124038326,243.70516538168366
1146,193.39644565779696,236.51388694258702
1147,202.26049371789023,228.97968597837524
1148,210.83128339838734,221.11348636016965
1149,219.09638787362715,212.92669332540052
1150,227.0438235322724,204.43117694130316
1151,234.66206735240038,195.63925489445504
1152,241.94007360878334,186.563674631308
1153,248.86728988813368,177.21759487560956
1154,255.43367238909488,167.6145665495114
1155,261.6297004847929,157.76851312602778
1156,267.44639052683516,147.69371044133067
1157,272.87530887074166,137.4047659961523
1158,277.90858410392366,126.91659777630517
1159,282.53891845847875,116.24441262302948
1160,286.7595983922573,105.4036841845262
1161,290.5645043228563,94.41013048064747
1162,293.9481195004289,83.27969111326975
1163,296.90553800644454,72.02850415539501
1164,299.43247186680145,60.672882752488306
1165,301.5252572689795,49.229291469975415
1166,303.1808598742176,37.714322421198005
1167,304.39687921701545,26.144671210434872
1168,305.1715521855786,14.537112725871806
1169,305.5037555781621,2.908476817618037
1170,305.3930077316057,-8.72437610396814
1171,304.83946921969914,-20.344579514262183
1172,303.843942620366,-31.93528522922168
1173,302.40787135200213,-43.47968783364219
1174,300.53333758065673,-54.961049047403314
1175,298.2230592010911,-66.36272199437406
1176,295.48038589609075,-77.66817533879204
1177,292.30929427974587,-88.86101725411989
1178,288.7143821317407,-99.92501918962667
1179,284.7008617310129,-110.84413940023497
1180,280.27455229844713,-121.60254620551764
1181,275.4418715595613,-132.1846409441209
1182,270.2098264394179,-142.57508059033213
1183,264.5860029032527,-152.75879999999998
1184,258.57855495755024,-162.7210337535539
1185,252.19619282751407,-172.44733756445
1186,245.448170328073,-181.92360922200646
1187,238.34427144673364,-191.13610903826049
1188,230.8947961577346,-200.07147976920206
1189,223.11054548806806,-208.71676598150123
1190,215.00280585702347,-217.05943283664757
1191,206.58333271195787,-225.08738426526833
1192,197.8643334840222,-232.78898050527152
1193,188.8584498885525,-240.15305497838904
1194,179.57873959579098,-247.16893048064748
1195,170.03865729851321,-253.82643466329276
1196,160.2520352040093,-260.1159147817238
1197,150.23306297870585,-266.02825169104926
1198,139.99626717450636,-271.5548730679755
1199,129.55649016667957,-276.68776583985624
1200,118.92886863383447,-281.4194878028815
1201,108.12881161118258,-285.7431784125623
1202,97.17197814891128,-289.6525687308634
1203,86.07425460805732,-293.1419905155646
1204,74.85173162680181,-296.2063844386702
1205,63.52068079058388,-298.8413074219506
1206,52.0975310398571,-301.04293907898114
1207,40.59884484969559,-302.80808725433735
1208,29.041294215790032,-304.1341926519147
1209,17.441636481646807,-305.0193325456636
1210,5.816690042042302,-305.46222356735836
1211,-5.81669004204209,-305.46222356735836
1212,-17.441636481646732,-305.0193325456636
1213,-29.04129421578982,-304.13419265191476
1214,-40.59884484969537,-302.8080872543374
1215,-52.097531039856904,-301.0429390789812
1216,-63.52068079058394,-298.8413074219506
1217,-74.85173162680161,-296.2063844386702
1218,-86.0742546080571,-293.14199051556466
1219,-97.1719781489112,-289.65256873086344
1220,-108.1288116111824,-285.7431784125624
1221,-118.92886863383428,-281.4194878028816
1222,-129.55649016667948,-276.68776583985624
1223,-139.99626717450616,-271.55487306797556
1224,-150.23306297870565,-266.0282516910494
1225,-160.25203520400913,-260.1159147817239
1226,-170.03865729851304,-253.82643466329284
1227,-179.5787395957908,-247.16893048064762
1228,-188.85844988855234,-240.15305497838918
1229,-197.86433348402215,-232.7889805052716
1230,-206.58333271195772,-225.08738426526844
1231,-215.0028058570233,-217.05943283664772
1232,-223.110545488068,-208.7167659815013
1233,-230.89479615773445,-200.07147976920223
1234,-238.3442714467335,-191.13610903826066
1235,-245.44817032807285,-181.92360922200663
1236,-252.19619282751404,-172.4473375644501
1237,-258.57855495755024,-162.72103375355385
1238,-264.5860029032526,-152.75880000000018
1239,-270.20982643941784,-142.5750805903322
1240,-275.4418715595613,-132.18464094412096
1241,-280.274552298447,-121.6025462055179
1242,-284.7008617310128,-110.84413940023516
1243,-288.71438213174065,-99.9250191896268
1244,-292.30929427974576,-88.8610172541202
1245,-295.4803858960907,-77.66817533879231
1246,-298.223059201091,-66.36272199437427
1247,-300.5333375806567,-54.961049047403456
1248,-302.40787135200213,-43.47968783364226
1249,-303.8439426203661,-31.93528522922162
1250,-304.83946921969914,-20.34457951426212
1251,-305.3930077316057,-8.724376103968552
1252,-305.5037555781621,2.9084768176176907
1253,-305.1715521855786,14.537112725871527
1254,-304.3968792170155,26.144671210434595
1255,-303.1808598742176,37.71432242119786
1256,-301.5252572689795,49.22929146997534
1257,-299.4324718668015,60.672882752488235
1258,-296.9055380064446,72.02850415539481
1259,-293.94811950042896,83.27969111326955
1260,-290.5645043228563,94.4101304806474
1261,-286.7595983922573,105.4036841845262
1262,-282.53891845847886,116.24441262302922
1263,-277.9085841039237,126.91659777630505
1264,-272.8753088707419,137.40476599615192
1265,-267.4463905268353,147.6937104413304
1266,-261.62970048479303,157.76851312602756
1267,-255.43367238909497,167.61456654951127
1268,-248.86728988813374,177.21759487560945
1269,-241.94007360878334,186.56367463130798
1270,-234.66206735240038,195.63925489445504
1271,-227.0438235322725,204.43117694130302
1272,-219.0963878736274,212.92669332540027
1273,-210.83128339838757,221.11348636016942
1274,-202.26049371789043,228.97968597837507
1275,-193.39644565779713,236.51388694258688
1276,-184.25199124038338,243.70516538168354
1277,-174.84038905033592,250.5430946294214
1278,-165.1752850110725,257.0177603421036
1279,-155.27069259945654,263.1197748734312
1280,-145.14097252759657,268.840290885692
1281,-134.80081192118607,274.171014177555
1282,-124.26520302457511,279.10421570986915
1283,-113.54942146344987,283.63274281203127
1284,-102.66900409663488,287.7500295526748
1285,-91.63972648913355,291.4501062596424
1286,-80.47758003906763,294.7276081754397
1287,-69.19874879167791,297.5777832356211
1288,-57.8195859740062,299.99649895882874
1289,-46.356590284279356,301.98024843849555
1290,-34.82638197037424,303.5261554275243
1291,-23.245678732047455,304.631978508571
1292,-11.631271481867834,305.296114343886
1293,5.820107066828547,322.31695717721817
1294,17.452732891226763,321.89671735647994
1295,29.062603681555917,321.0567856275566
1296,40.634582381229094,319.79825710118115
1297,52.1535813377165,318.1227726584506
1298,63.60458197396609,316.03251681143047
1299,74.9726543697627,313.5302148549676
1300,86.24297672749569,310.6191293134257
1301,97.40085469695539,307.30305568697594
1302,108.43174053396243,303.5863175029888
1303,119.32125206785057,299.4737606789792
1304,130.05519145307363,294.9707472044548
1305,140.61956368048726,290.0831481499045
1306,151.00059482417103,284.81733601204223
1307,161.18475000000004,279.1801764052876
1308,171.15875101255153,273.17901911031424
1309,180.90959366733858,266.8216884913378
1310,190.4245647257988,260.11647329463796
1311,199.69125848093205,253.07211584161465
1312,208.6975929319754,245.69780063046866
1313,217.4318255370275,238.0031423613682
1314,225.88256852308243,229.99817340071425
1315,234.03880373351382,221.69333070084866
1316,241.8898969936484,213.0994421922596
1317,249.42561197570166,204.22771266602575
1318,256.6361235449956,195.0897091649065
1319,263.51203057006074,185.69734590212488
1320,270.0443681799175,176.06286872750655
1321,276.22461945255776,166.1988391612279
1322,282.0447265193863,156.11811801599023
1323,287.49710107114424,145.83384862897333
1324,292.57463425161666,135.35943972543174
1325,297.27070592622465,124.70854793627466
1326,301.57919331341816,113.89505999242482
1327,305.4944789676145,102.93307461917081
1328,309.0114581032765,91.83688415411888
1329,312.12554525057806,80.62095591271147
1330,314.83268023398284,69.29991332560772
1331,317.12933346593786,57.88851687252012
1332,319.0125105487826,46.401644837364614
1333,320.4797561788724,34.85427390981693
1334,321.5291573478258,23.261459658566714
1335,322.15934583672254,11.63831690172804
1336,322.3695000000001,1.973943881588664e-14
1337,322.15934583672254,-11.638316901727999
1338,321.5291573478258,-23.261459658566746
1339,320.4797561788724,-34.8542739098169
1340,319.0125105487826,-46.40164483736457
1341,317.12933346593786,-57.88851687252015
1342,314.8326802339829,-69.29991332560768
1343,312.12554525057806,-80.62095591271144
1344,309.0114581032765,-91.83688415411892
1345,305.4944789676145,-102.93307461917078
1346,301.57919331341816,-113.89505999242478
1347,297.27070592622465,-124.70854793627463
1348,292.57463425161666,-135.35943972543177
1349,287.49710107114424,-145.83384862897336
1350,282.04472651938624,-156.11811801599032
1351,276.2246194525577,-166.198839161228
1352,270.0443681799175,-176.06286872750655
1353,263.51203057006074,-185.69734590212485
1354,256.6361235449956,-195.08970916490645
1355,249.4256119757016,-204.2277126660258
1356,241.88989699364834,-213.09944219225972
1357,234.03880373351376,-221.69333070084875
1358,225.88256852308243,-229.99817340071425
1359,217.43182553702738,-238.00314236136828
1360,208.69759293197538,-245.69780063046872
1361,199.69125848093202,-253.0721158416147
1362,190.4245647257988,-260.11647329463796
1363,180.90959366733847,-266.82168849133785
1364,171.15875101255148,-273.1790191103143
1365,161.1847499999999,-279.18017640528774
1366,151.00059482417092,-284.8173360120423
1367,140.61956368048703,-290.0831481499046
1368,130.05519145307358,-294.9707472044549
1369,119.32125206785057,-299.4737606789792
1370,108.43174053396233,-303.5863175029888
1371,97.40085469695534,-307.30305568697594
1372,86.24297672749555,-310.6191293134258
1373,74.9726543697626,-313.5302148549676
1374,63.60458197396589,-316.03251681143047
1375,52.15358133771648,-318.1227726584506
1376,40.63458238122897,-319.79825710118115
1377,29.06260368155585,-321.0567856275566
1378,17.452732891226592,-321.89671735648
1379,5.82010706682842,-322.31695717721817
1380,-5.820107066828627,-322.31695717721817
1381,-17.45273289122694,-321.89671735647994
1382,-29.062603681555913,-321.0567856275566
1383,-40.63458238122917,-319.79825710118115
1384,-52.153581337716545,-318.1227726584506
1385,-63.60458197396623,-316.0325168114304
1386,-74.97265436976278,-313.5302148549676
1387,-86.24297672749586,-310.6191293134257
1388,-97.4008546969554,-307.3030556869759
1389,-108.43174053396253,-303.5863175029887
1390,-119.32125206785062,-299.47376067897915
1391,-130.05519145307363,-294.9707472044548
1392,-140.61956368048735,-290.08314814990445
1393,-151.00059482417112,-284.81733601204223
1394,-161.1847500000002,-279.18017640528757
1395,-171.1587510125515,-273.17901911031424
1396,-180.90959366733864,-266.82168849133774
1397,-190.42456472579886,-260.11647329463796
1398,-199.69125848093216,-253.07211584161456
1399,-208.69759293197552,-245.69780063046858
1400,-217.43182553702752,-238.00314236136813
1401,-225.88256852308257,-229.9981734007141
1402,-234.0388037335138,-221.6933307008487
1403,-241.88989699364848,-213.09944219225957
1404,-249.42561197570174,-204.22771266602564
1405,-256.6361235449957,-195.08970916490642
1406,-263.5120305700608,-185.69734590212482
1407,-270.0443681799175,-176.06286872750653
1408,-276.22461945255776,-166.1988391612279
1409,-282.0447265193864,-156.11811801599
1410,-287.49710107114436,-145.83384862897316
1411,-292.5746342516167,-135.35943972543163
1412,-297.2707059262247,-124.7085479362745
1413,-301.57919331341816,-113.8950599924247
1414,-305.4944789676145,-102.93307461917078
1415,-309.0114581032765,-91.83688415411892
1416,-312.12554525057817,-80.62095591271124
1417,-314.8326802339829,-69.29991332560755
1418,-317.12933346593786,-57.88851687251994
1419,-319.01251054878264,-46.40164483736416
1420,-320.4797561788724,-34.85427390981683
1421,-321.5291573478258,-23.261459658566682
1422,-322.1593458367226,-11.638316901727721
1423,-322.3695000000001,-5.921831644765991e-14
1424,-322.15934583672254,11.638316901728176
1425,-321.5291573478258,23.26145965856685
1426,-320.4797561788724,34.854273909816996
1427,-319.0125105487826,46.40164483736461
1428,-317.12933346593786,57.888516872520114
1429,-314.83268023398284,69.29991332560799
1430,-312.12554525057806,80.6209559127117
1431,-309.0114581032764,91.83688415411908
1432,-305.4944789676145,102.93307461917094
1433,-301.57919331341816,113.89505999242488
1434,-297.27070592622465,124.70854793627466
1435,-292.57463425161666,135.35943972543174
1436,-287.49710107114413,145.83384862897358
1437,-282.0447265193862,156.1181180159904
1438,-276.22461945255765,166.19883916122808
1439,-270.0443681799174,176.06286872750667
1440,-263.5120305700607,185.69734590212497
1441,-256.6361235449954,195.08970916490676
1442,-249.42561197570166,204.22771266602578
1443,-241.88989699364825,213.09944219225983
1444,-234.03880373351367,221.6933307008488
1445,-225.88256852308234,229.99817340071434
1446,-217.43182553702738,238.00314236136825
1447,-208.69759293197538,245.6978006304687
1448,-199.69125848093182,253.07211584161485
1449,-190.42456472579886,260.11647329463796
1450,-180.90959366733838,266.8216884913379
1451,-171.15875101255136,273.17901911031436
1452,-161.18474999999967,279.18017640528785
1453,-151.00059482417097,284.8173360120423
1454,-140.6195636804872,290.0831481499045
1455,-130.05519145307335,294.97074720445505
1456,-119.3212520678506,299.4737606789792
1457,-108.43174053396224,303.58631750298883
1458,-97.40085469695525,307.303055686976
1459,-86.24297672749529,310.6191293134258
1460,-74.97265436976262,313.5302148549676
1461,-63.60458197396607,316.03251681143047
1462,-52.15358133771624,318.12277265845063
1463,-40.634582381228874,319.79825710118115
1464,-29.06260368155575,321.0567856275566
1465,-17.452732891226628,321.89671735648
1466,-5.820107066828173,322.31695717721817
1467,0.0,339.80250000000007
1468,11.601234593967359,339.6044027425819
1469,23.188942667348613,339.01034194286825
1470,34.749613470875595,338.02101024917783
1471,46.26976777952734,336.63756117801034
1472,57.73597360870352,334.8616077690979
1473,69.13486187531761,332.6952207046726
1474,80.45314198554979,330.14092589514405
1475,91.67761733108476,327.2017015340007
1476,102.79520067576678,323.88097462536894
1477,113.79292941473155,320.1826169882806
1478,124.65798068822366,316.11094074230414
1479,135.3776863324775,311.67069327980676
1480,145.93954765022943,306.8670517307071
1481,156.33124998363985,301.70561692617315
1482,166.54067707263323,296.19240686830403
1483,176.55592518191546,290.33384971340826
1484,186.36531698019667,284.1367762770615
1485,195.9574151554372,277.60841206968075
1486,205.32103575024175,270.75636887190296
1487,214.4452612018536,263.58863585958863
1488,223.31945307154413,256.11357028880064
1489,231.9332644485567,248.33988775161734
1490,240.27665201414192,240.27665201414192
1491,248.33988775161734,231.9332644485567
1492,256.11357028880064,223.31945307154413
1493,263.58863585958863,214.44526120185358
1494,270.75636887190296,205.32103575024175
1495,277.60841206968075,195.95741515543716
1496,284.1367762770614,186.36531698019667
1497,290.33384971340826,176.55592518191546
1498,296.19240686830403,166.5406770726332
1499,301.70561692617315,156.3312499836399
1500,306.86705173070703,145.93954765022949
1501,311.67069327980676,135.37768633247754
1502,316.11094074230414,124.65798068822366
1503,320.1826169882806,113.7929294147315
1504,323.88097462536894,102.79520067576671
1505,327.2017015340006,91.67761733108482
1506,330.14092589514405,80.4531419855498
1507,332.6952207046726,69.1348618753176
1508,334.8616077690979,57.735973608703546
1509,336.63756117801034,46.26976777952734
1510,338.02101024917783,34.749613470875566
1511,339.01034194286825,23.188942667348623
1512,339.6044027425819,11.60123459396741
1513,339.80250000000007,2.0806902198363427e-14
1514,339.6044027425819,-11.60123459396737
1515,339.01034194286825,-23.188942667348655
1516,338.02101024917783,-34.749613470875595
1517,336.63756117801034,-46.26976777952729
1518,334.8616077690979,-57.7359736087035
1519,332.6952207046726,-69.13486187531763
1520,330.14092589514405,-80.45314198554976
1521,327.2017015340006,-91.67761733108478
1522,323.88097462536894,-102.79520067576682
1523,320.1826169882806,-113.79292941473155
1524,316.11094074230414,-124.65798068822363
1525,311.67069327980676,-135.37768633247748
1526,306.8670517307071,-145.93954765022937
1527,301.70561692617315,-156.33124998363985
1528,296.192406868304,-166.54067707263326
1529,290.3338497134082,-176.55592518191548
1530,284.1367762770615,-186.36531698019658
1531,277.6084120696808,-195.95741515543716
1532,270.75636887190296,-205.32103575024175
1533,263.58863585958875,-214.4452612018535
1534,256.11357028880076,-223.31945307154407
1535,248.33988775161737,-231.93326444855668
1536,240.27665201414192,-240.27665201414183
1537,231.9332644485567,-248.33988775161734
1538,223.3194530715441,-256.1135702888007
1539,214.44526120185355,-263.5886358595887
1540,205.32103575024166,-270.7563688719031
1541,195.95741515543708,-277.60841206968087
1542,186.36531698019667,-284.1367762770614
1543,176.55592518191557,-290.33384971340814
1544,166.5406770726333,-296.192406868304
1545,156.3312499836399,-301.70561692617315
1546,145.93954765022943,-306.8670517307071
1547,135.37768633247748,-311.67069327980676
1548,124.6579806882236,-316.11094074230414
1549,113.7929294147316,-320.18261698828053
1550,102.79520067576681,-323.88097462536894
1551,91.67761733108476,-327.2017015340006
1552,80.45314198554975,-330.1409258951441
1553,69.13486187531754,-332.6952207046726
1554,57.73597360870342,-334.8616077690979
1555,46.26976777952736,-336.63756117801034
1556,34.74961347087558,-338.02101024917783
1557,23.188942667348723,-339.01034194286825
1558,11.601234593967432,-339.6044027425819
1559,4.1613804396726854e-14,-339.80250000000007
1560,-11.601234593967348,-339.6044027425819
1561,-23.188942667348638,-339.01034194286825
1562,-34.74961347087565,-338.02101024917783
1563,-46.26976777952743,-336.63756117801034
1564,-57.73597360870363,-334.8616077690978
1565,-69.13486187531761,-332.6952207046726
1566,-80.45314198554968,-330.1409258951441
1567,-91.67761733108469,-327.2017015340007
1568,-102.79520067576672,-323.88097462536894
1569,-113.79292941473153,-320.1826169882806
1570,-124.65798068822369,-316.11094074230414
1571,-135.37768633247754,-311.67069327980676
1572,-145.93954765022937,-306.86705173070715
1573,-156.33124998363982,-301.7056169261732
1574,-166.5406770726332,-296.19240686830403
1575,-176.55592518191548,-290.33384971340826
1576,-186.3653169801967,-284.1367762770614
1577,-195.95741515543725,-277.60841206968075
1578,-205.32103575024175,-270.75636887190296
1579,-214.44526120185358,-263.58863585958863
1580,-223.31945307154407,-256.11357028880076
1581,-231.93326444855668,-248.33988775161737
1582,-240.27665201414183,-240.27665201414192
1583,-248.33988775161728,-231.93326444855677
1584,-256.11357028880064,-223.31945307154413
1585,-263.5886358595886,-214.4452612018537
1586,-270.756368871903,-205.32103575024172
1587,-277.60841206968075,-195.9574151554372
1588,-284.13677627706153,-186.36531698019655
1589,-290.33384971340826,-176.55592518191546
1590,-296.1924068683039,-166.54067707263331
1591,-301.7056169261732,-156.33124998363976
1592,-306.86705173070703,-145.93954765022946
1593,-311.6706932798067,-135.37768633247762
1594,-316.11094074230414,-124.65798068822363
1595,-320.18261698828053,-113.79292941473162
1596,-323.880974625369,-102.79520067576667
1597,-327.2017015340006,-91.67761733108478
1598,-330.14092589514405,-80.45314198554992
1599,-332.6952207046725,-69.13486187531785
1600,-334.8616077690979,-57.73597360870359
1601,-336.6375611780103,-46.26976777952753
1602,-338.02101024917783,-34.7496134708756
1603,-339.01034194286825,-23.18894266734874
1604,-339.6044027425819,-11.601234593967302
1605,-339.80250000000007,-6.242070659509029e-14
1606,-339.6044027425819,11.601234593967478
1607,-339.01034194286825,23.188942667348613
1608,-338.02101024917783,34.74961347087548
1609,-336.63756117801034,46.269767779527406
1610,-334.8616077690979,57.73597360870346
1611,-332.6952207046726,69.13486187531774
1612,-330.14092589514405,80.45314198554979
1613,-327.20170153400056,91.67761733108495
1614,-323.88097462536894,102.79520067576684
1615,-320.1826169882805,113.79292941473179
1616,-316.1109407423041,124.65798068822379
1617,-311.67069327980676,135.3776863324775
1618,-306.867051730707,145.93954765022963
1619,-301.70561692617326,156.33124998363968
1620,-296.19240686830403,166.5406770726332
1621,-290.3338497134083,176.55592518191534
1622,-284.1367762770616,186.36531698019647
1623,-277.60841206968087,195.95741515543713
1624,-270.7563688719031,205.3210357502416
1625,-263.58863585958863,214.44526120185358
1626,-256.11357028880076,223.31945307154402
1627,-248.33988775161728,231.93326444855677
1628,-240.27665201414192,240.2766520141418
1629,-231.93326444855663,248.33988775161737
1630,-223.31945307154413,256.11357028880064
1631,-214.4452612018537,263.5886358595886
1632,-205.32103575024172,270.756368871903
1633,-195.95741515543725,277.60841206968075
1634,-186.36531698019655,284.13677627706153
1635,-176.55592518191546,290.33384971340826
1636,-166.54067707263306,296.1924068683041
1637,-156.3312499836398,301.7056169261732
1638,-145.9395476502292,306.8670517307072
1639,-135.37768633247737,311.6706932798068
1640,-124.65798068822365,316.11094074230414
1641,-113.79292941473136,320.1826169882807
1642,-102.79520067576699,323.8809746253689
1643,-91.67761733108479,327.2017015340006
1644,-80.45314198554993,330.14092589514405
1645,-69.13486187531758,332.6952207046726
1646,-57.7359736087036,334.8616077690979
1647,-46.26976777952755,336.6375611780103
1648,-34.74961347087562,338.02101024917783
1649,-23.18894266734876,339.01034194286825
1650,-11.601234593967323,339.6044027425819
1651,5.824167674226686,357.76919697825093
1652,17.466330813578853,357.3900481595293
1653,29.089983866676242,356.63215232813286
1654,40.68280857257986,355.4963126703382
1655,52.23251934094259,353.98373290146833
1656,63.72687627176357,352.09601599024575
1657,75.15369812672186,349.8351624600329
1658,86.5008752383429,347.2035682687617
1659,97.75638234331714,344.20402226979746
1660,108.90829132637084,340.8397032564287
1661,119.9447838611832,337.11417659311525
1662,130.85416393495393,333.0313904370641
1663,141.624870243348,328.5956715541379
1664,152.24548844268213,323.81172073352934
1665,162.70476324636815,318.68460780606165
1666,172.991610352795,313.2197662713942
1667,183.09512819200705,307.4229875398269
1668,193.0046094787322,301.30041479480593
1669,202.70955255951407,294.85853648263543
1670,212.19967254192503,288.10417943629324
1671,221.4649121940646,281.0445016406393
1672,230.49545260279282,273.6869846466831
1673,239.28172357940338,266.0394256429487
1674,247.81441380170907,258.1099291923411
1675,256.08448068179104,249.9068986432696
1676,264.08315994895514,241.43902722413088
1677,271.8019749377392,232.71528883058932
1678,279.2327455711281,223.7449285154184
1679,286.36759702945693,214.53745269098033
1680,293.1989680958154,205.10261905472845
1681,299.7196191691089,195.450426248408
1682,305.9226399362847,185.59110326191373
1683,311.80145669559255,175.53509859303514
1684,317.3498393231185,165.29306917457527
1685,322.56190787520933,154.87586908058012
1686,327.4321388197912,144.2945380236446
1687,331.95537088997696,133.5602896554881
1688,336.1268105537614,122.68449968319484
1689,339.9420370940055,111.67869381371648
1690,343.3970072933275,100.55453553940981
1691,346.4880597189353,89.32381377755625
1692,349.21191860285995,77.99843037696034
1693,351.56569731347713,66.59038750486897
1694,353.54690141463857,55.111774927576796
1695,355.1534313091711,43.57475719819802
1696,356.38358446394204,31.991560765181955
1697,357.2360572141321,20.374461015235312
1698,357.7099461448054,8.735769264380563
1699,357.80474904830993,-2.912180289060929
1700,357.5203654564972,-14.557043635735926
1701,356.8570967471935,-26.186480036924394
1702,355.8156458248124,-37.78816510273698
1703,354.39711637544633,-49.34980385298818
1704,352.60301169722595,-60.859143746901076
1705,350.435233107188,-72.30398766783779
1706,347.8960779263389,-83.67220684929246
1707,344.98823704505,-94.95175372845105
1708,341.71479207136514,-106.13067471369305
1709,338.0792120652407,-117.19712285250876
1710,334.0853498621818,-128.1393703864025
1711,329.73743799016773,-138.94582117948107
1712,325.04008418419687,-149.60502300755235
1713,319.99826650320114,-160.10567969471384
1714,314.6173280545083,-170.43666308456625
1715,308.90297133143986,-180.58702483336862
1716,302.8612521700476,-190.54600801263427
1717,296.49857333139227,-200.3030585088731
1718,289.82167771616486,-209.84783620840008
1719,282.8376412188434,-219.17022595535386
1720,275.5538652289555,-228.26034827131642
1721,267.9780687873961,-237.1085698251702
1722,260.1182804061108,-245.70551364209953
1723,251.98282955981483,-254.04206904091564
1724,243.58033785876472,-262.10940128917554
1725,234.91970991193662,-269.8989609658614
1726,226.01012389029447,-277.40249302169906
1727,216.86102180014788,-284.6120455275142
1728,207.4820994769105,-291.5199781013532
1729,197.88329630985803,-298.1189700054409
1730,188.07478470878098,-304.40202790439116
1731,178.06695932368893,-310.3624932764521
1732,167.87042602899712,-315.9940494699276
1733,157.4959906838641,-321.290728397301
1734,146.95464768059395,-326.2469168599644
1735,136.25756829324084,-330.85736249685124
1736,125.41608883875868,-335.11717935066923
1737,114.44169866324889,-339.0218530458327
1738,103.34602796603068,-342.56724557260935
1739,92.14083547444409,-345.74959967240954
1740,80.83799598244121,-348.565542819572
1741,69.44948776617856,-351.0120907954247
1742,57.98737988994039,-353.08665085083544
1743,46.46381941584939,-354.78702445389877
1744,34.8910185309192,-356.1114096198479
1745,23.281241605089505,-357.05840282072273
1746,11.64679219396063,-357.62700047277013
1747,4.3819895387178886e-14,-357.81660000000005
1748,-11.646792193960543,-357.62700047277013
1749,-23.281241605089257,-357.05840282072273
1750,-34.89101853091895,-356.1114096198479
1751,-46.463819415849144,-354.7870244538988
1752,-57.98737988994016,-353.0866508508355
1753,-69.44948776617848,-351.0120907954247
1754,-80.83799598244097,-348.565542819572
1755,-92.14083547444385,-345.7495996724096
1756,-103.34602796603043,-342.5672455726094
1757,-114.44169866324866,-339.02185304583276
1758,-125.41608883875845,-335.11717935066935
1759,-136.2575682932406,-330.85736249685135
1760,-146.95464768059372,-326.24691685996453
1761,-157.49599068386388,-321.2907283973011
1762,-167.87042602899703,-315.99404946992763
1763,-178.0669593236887,-310.3624932764522
1764,-188.07478470878078,-304.4020279043913
1765,-197.88329630985783,-298.11897000544104
1766,-207.48209947691024,-291.5199781013534
1767,-216.8610218001478,-284.6120455275143
1768,-226.01012389029427,-277.40249302169923
1769,-234.91970991193654,-269.8989609658615
1770,-243.58033785876452,-262.1094012891757
1771,-251.98282955981466,-254.0420690409158
1772,-260.1182804061106,-245.7055136420997
1773,-267.97806878739596,-237.1085698251704
1774,-275.5538652289555,-228.26034827131645
1775,-282.83764121884343,-219.1702259553538
1776,-289.8216777161648,-209.84783620840017
1777,-296.4985733313922,-200.30305850887316
1778,-302.86125217004746,-190.54600801263447
1779,-308.90297133143974,-180.58702483336882
1780,-314.6173280545082,-170.43666308456633
1781,-319.99826650320114,-160.10567969471379
1782,-325.04008418419676,-149.60502300755257
1783,-329.7374379901677,-138.94582117948116
1784,-334.0853498621818,-128.13937038640253
1785,-338.07921206524065,-117.19712285250893
1786,-341.71479207136514,-106.13067471369315
1787,-344.98823704504997,-94.95175372845128
1788,-347.89607792633893,-83.6722068492924
1789,-350.435233107188,-72.30398766783787
1790,-352.6030116972259,-60.859143746901395
1791,-354.39711637544633,-49.34980385298803
1792,-355.8156458248124,-37.78816510273707
1793,-356.85709674719345,-26.186480036924642
1794,-357.5203654564972,-14.557043635735774
1795,-357.80474904830993,-2.912180289060937
1796,-357.7099461448054,8.735769264380556
1797,-357.2360572141322,20.374461015235067
1798,-356.38358446394204,31.99156076518187
1799,-355.1534313091711,43.574757198198014
1800,-353.54690141463857,55.11177492757664
1801,-351.5656973134772,66.59038750486857
1802,-349.21191860285995,77.99843037696033
1803,-346.4880597189354,89.32381377755601
1804,-343.3970072933275,100.55453553940971
1805,-339.9420370940055,111.67869381371648
1806,-336.12681055376146,122.68449968319469
1807,-331.95537088997696,133.56028965548802
1808,-327.4321388197913,144.29453802364438
1809,-322.56190787520944,154.8758690805799
1810,-317.3498393231185,165.29306917457518
1811,-311.80145669559266,175.53509859303486
1812,-305.9226399362846,185.59110326191384
1813,-299.7196191691089,195.45042624840792
1814,-293.19896809581553,205.10261905472822
1815,-286.3675970294569,214.5374526909804
1816,-279.23274557112813,223.7449285154183
1817,-271.8019749377392,232.71528883058934
1818,-264.0831599489553,241.43902722413074
1819,-256.0844806817911,249.90689864326953
1820,-247.81441380170907,258.1099291923411
1821,-239.28172357940358,266.0394256429485
1822,-230.49545260279314,273.6869846466828
1823,-221.4649121940646,281.0445016406393
1824,-212.19967254192517,288.10417943629307
1825,-202.70955255951415,294.8585364826354
1826,-193.0046094787322,301.30041479480593
1827,-183.09512819200728,307.42298753982675
1828,-172.9916103527951,313.2197662713941
1829,-162.7047632463685,318.6846078060615
1830,-152.24548844268205,323.81172073352934
1831,-141.6248702433481,328.5956715541379
1832,-130.85416393495424,333.031390437064
1833,-119.94478386118313,337.11417659311525
1834,-108.90829132637097,340.83970325642866
1835,-97.75638234331747,344.20402226979735
1836,-86.50087523834313,347.2035682687616
1837,-75.153698126722,349.83516246003285
1838,-63.7268762717636,352.0960159902457
1839,-52.23251934094283,353.98373290146833
1840,-40.68280857257999,355.49631267033817
1841,-29.089983866676278,356.63215232813286
1842,-17.4663308135791,357.3900481595293
1843,-5.8241676742265085,357.76919697825093
1844,0.0,376.4118
1845,11.648706824464542,376.231512248187
1846,23.28625502337637,375.69082169548176
1847,34.901496660345614,374.7902462846491
1848,46.483305167068664,373.5306487023323
1849,58.02058600178245,371.9132355526619
1850,69.5022872770396,369.939556201415
1851,80.91741034662395,367.61150129183403
1852,92.25502034146449,364.93130093352636
1853,103.5042566444557,361.90152256617915
1854,114.65434329414963,358.5250685001361
1855,125.6945993073539,354.8051731361928
1856,136.61444891074765,350.7453998672723
1857,147.40343167171358,346.3496376649505
1858,158.051212518682,341.62209735410033
1859,168.54759164138824,336.5673075792238
1860,178.88251426155915,331.1901104663349
1861,189.04608026466926,325.49565698455064
1862,199.02855368354065,319.489402011832
1863,208.82037202470082,313.1770991096021
1864,218.4121554285658,306.5647950112472
1865,227.7947156546725,299.65882382977964
1866,236.95906488335427,292.4658009902121
1867,245.89642432542712,284.9926168924548
1868,254.59823263164026,277.24643031080706
1869,263.05615409383466,269.2346615363645
1870,271.26208662995305,260.96498526891276
1871,279.20816954525395,252.4453232651157
1872,286.8867910622929,243.6838367500404
1873,294.2905956124596,234.68891859928928
1874,301.4124908820847,225.4691852992272
1875,308.2456546063677,216.03346869300577
1876,314.7835411046173,206.3908075202908
1877,321.019887550544,196.55043875879824
1878,326.94871997159817,186.52178877593232
1879,332.56435897160753,176.3144642990013
1880,337.8614251712311,165.93824321266226
1881,342.8348443610188,155.40306519240875
1882,347.4798523621402,144.7190221830748
1883,351.7919995901259,133.8963487314754
1884,355.7671553172506,122.94541218244498
1885,359.40151162947353,111.8767027476651
1886,362.69158707414726,100.70082345679343
1887,365.63422999499954,89.42848000052219
1888,368.22662155119383,78.07047047529498
1889,370.46627841757675,66.637675039504
1890,372.3510551635254,55.14104549107919
1891,373.879146308116,43.59159477645198
1892,375.0490880496451,32.00038644094151
1893,375.8597596678465,20.378524030672413
1894,376.3103845974611,8.73714045617453
1895,376.40053117213057,-2.91261267214783
1896,376.13011303790285,-14.559575726457826
1897,375.4993892359527,-26.19259175160938
1898,374.50896395443954,-37.800517152710164
1899,373.1597859497377,-49.372232369885616
1900,371.45314763759643,-60.89665253001997
1901,369.3906838550983,-72.36273806526977
1902,366.9743702946022,-83.75950528817741
1903,364.206521611172,-95.0760369132565
1904,361.0897892053032,-106.30149251496765
1905,357.6271586830711,-117.42511891206883
1906,353.82194699613456,-128.4362604683918
1907,349.67779926433417,-139.3243693001768
1908,345.198685283929,-150.07901538018885
1909,340.38889572481634,-160.68989652893578
1910,335.25303802037814,-171.1468482834168
1911,329.7960319538898,-181.43985363394927
1912,324.023104945721,-191.5590526197452
1913,317.9397870458418,-201.494751774047
1914,311.55190563643185,-211.23743340977197
1915,304.8655798496658,-220.77776473677568
1916,297.8872147060237,-230.10660680199376
1917,290.62349497874106,-239.2150232439043
1918,283.08137879027544,-248.09428885292098
1919,275.26809094692436,-256.73589792951776
1920,267.1911160179788,-265.1315724320795
1921,258.85819116604296,-273.27326990667115
1922,250.27729873538792,-281.1531911911323
1923,241.45665860543713,-288.7637878861153
1924,232.40472031671317,-296.0977695859095
1925,223.13015497678307,-303.14811086212757
1926,213.641846953959,-309.90805799356235
1927,203.9488853667115,-316.3711354357663
1928,194.0605553769458,-322.5311520241593
1929,183.98632929548185,-328.3822069047203
1930,173.73585750826166,-333.9186951865814
1931,163.31895923197052,-339.1353133111118
1932,152.74561310793177,-344.02706413234705
1933,142.025947643285,-348.5892617038954
1934,131.17023150860248,-352.8175357677388
1935,120.18886370123857,-356.7078359406268
1936,109.09236358383711,-360.2564355940528
1937,97.89136080753693,-363.45993542409684
1938,86.59658512952672,-366.3152667077154
1939,75.21885613470933,-368.8196942423573
1940,63.76907287131456,-370.970818966092
1941,52.258203410392525,-372.76658025573863
1942,40.69727433918898,-374.2052579007954
1943,29.097360198465843,-375.2854737512775
1944,17.469572873884793,-376.0061930378861
1945,5.825050951617924,-376.3667253632434
1946,-5.825050951617999,-376.3667253632434
1947,-17.4695728738847,-376.0061930378861
1948,-29.097360198466085,-375.28547375127744
1949,-40.69727433918922,-374.2052579007954
1950,-52.258203410392426,-372.7665802557387
1951,-63.76907287131447,-370.970818966092
1952,-75.2188561347094,-368.8196942423573
1953,-86.59658512952663,-366.3152667077154
1954,-97.89136080753698,-363.45993542409684
1955,-109.09236358383737,-360.25643559405273
1956,-120.18886370123846,-356.7078359406268
1957,-131.1702315086024,-352.81753576773883
1958,-142.0259476432851,-348.5892617038954
1959,-152.7456131079317,-344.0270641323471
1960,-163.3189592319704,-339.1353133111118
1961,-173.7358575082619,-333.91869518658126
1962,-183.9863292954819,-328.38220690472025
1963,-194.06055537694573,-322.5311520241594
1964,-203.94888536671158,-316.3711354357663
1965,-213.64184695395892,-309.9080579935624
1966,-223.13015497678305,-303.1481108621276
1967,-232.40472031671342,-296.09776958590936
1968,-241.45665860543718,-288.76378788611527
1969,-250.2772987353879,-281.1531911911324
1970,-258.85819116604307,-273.27326990667115
1971,-267.19111601797874,-265.13157243207957
1972,-275.26809094692436,-256.7358979295179
1973,-283.0813787902756,-248.09428885292084
1974,-290.6234949787411,-239.21502324390426
1975,-297.8872147060236,-230.10660680199385
1976,-304.86557984966583,-220.77776473677565
1977,-311.55190563643185,-211.23743340977205
1978,-317.9397870458419,-201.4947517740468
1979,-324.02310494572095,-191.55905261974527
1980,-329.7960319538897,-181.43985363394935
1981,-335.2530380203782,-171.14684828341672
1982,-340.3888957248165,-160.68989652893558
1983,-345.198685283929,-150.0790153801888
1984,-349.67779926433417,-139.3243693001768
1985,-353.82194699613456,-128.43626046839165
1986,-357.6271586830711,-117.42511891206883
1987,-361.0897892053032,-106.30149251496773
1988,-364.206521611172,-95.07603691325642
1989,-366.97437029460224,-83.75950528817717
1990,-369.39068385509836,-72.36273806526961
1991,-371.45314763759643,-60.896652530019985
1992,-373.15978594973774,-49.372232369885374
1993,-374.50896395443954,-37.800517152710086
1994,-375.4993892359527,-26.192591751609477
1995,-376.13011303790285,-14.559575726457666
1996,-376.40053117213057,-2.912612672147839
1997,-376.3103845974611,8.737140456174354
1998,-375.8597596678465,20.378524030672487
1999,-375.0490880496451,32.000386440941334
2000,-373.87914630811605,43.59159477645172
2001,-372.35105516352536,55.14104549107952
2002,-370.46627841757675,66.63767503950407
2003,-368.22662155119383,78.07047047529497
2004,-365.6342299949995,89.42848000052241
2005,-362.69158707414726,100.70082345679343
2006,-359.40151162947353,111.87670274766502
2007,-355.76715531725057,122.94541218244512
2008,-351.791999590126,133.8963487314753
2009,-347.4798523621402,144.71902218307463
2010,-342.8348443610188,155.40306519240883
2011,-337.8614251712311,165.93824321266217
2012,-332.56435897160765,176.31446429900106
2013,-326.94871997159817,186.52178877593224
2014,-321.01988755054396,196.55043875879835
2015,-314.7835411046173,206.3908075202908
2016,-308.24565460636757,216.03346869300594
2017,-301.4124908820846,225.46918529922726
2018,-294.2905956124596,234.6889185992892
2019,-286.8867910622928,243.68383675004048
2020,-279.20816954525395,252.44532326511566
2021,-271.26208662995316,260.9649852689127
2022,-263.0561540938346,269.2346615363645
2023,-254.59823263164037,277.246430310807
2024,-245.8964243254273,284.99261689245463
2025,-236.9590648833543,292.465800990212
2026,-227.79471565467267,299.6588238297795
2027,-218.4121554285658,306.56479501124727
2028,-208.82037202470065,313.17709910960224
2029,-199.02855368354057,319.489402011832
2030,-189.04608026466934,325.49565698455064
2031,-178.88251426155904,331.19011046633494
2032,-168.5475916413883,336.5673075792238
2033,-158.05121251868215,341.62209735410033
2034,-147.40343167171355,346.34963766495054
2035,-136.61444891074777,350.7453998672722
2036,-125.69459930735412,354.8051731361927
2037,-114.65434329414965,358.5250685001361
2038,-103.50425664445586,361.9015225661791
2039,-92.25502034146416,364.9313009335265
2040,-80.91741034662375,367.6115012918341
2041,-69.50228727703954,369.93955620141503
2042,-58.02058600178218,371.91323555266194
2043,-46.483305167068536,373.5306487023323
2044,-34.90149666034563,374.7902462846491
2045,-23.286255023376185,375.6908216954818
2046,-11.648706824464496,376.231512248187
2047,5.807159020240374,395.5454737014743
2048,17.416471361968018,395.2045184292657
2049,29.010770922286323,394.52290178404684
2050,40.58006355936967,393.5012113108771
2051,52.11437668704881,392.1403276942202
2052,63.60376787105601,390.4414239988053
2053,75.03833339927947,388.40596465845965
2054,86.4082168186399,386.03570421378515
2055,97.70361743123033,383.3326857997656
2056,108.91479874239559,380.2992393846108
2057,120.03209685346943,376.9379797613519
2058,131.04592879193495,373.2518042939232
2059,141.9468007718274,369.24389041966987
2060,152.72531637725956,364.91769291043704
2061,163.37218466201506,360.27694089459914
2062,173.87822815822864,355.325634642598
2063,184.23439078724866,350.06804211875925
2064,194.4317456658646,344.50869530236037
2065,204.46150280116893,338.65238628112104
2066,214.31501666742153,332.50416312048316
2067,223.98379365838534,326.0693255122412
2068,233.45949940870906,319.353420206274
2069,242.73396597804634,312.36223622931544
2070,251.7991988917186,305.1017998948856
2071,260.6473840318526,297.5783696086831
2072,269.2708943730528,289.798430473918
2073,277.66229655680235,281.7686887012331
2074,285.81435729892524,273.4960658280341
2075,293.72004962458755,264.9876927522105
2076,301.372558925462,256.2509035853903
2077,308.7652888338356,247.29322933102742
2078,315.89186690859634,238.12239139277034
2079,322.74615012819817,228.74629491870814
2080,329.32223018586905,219.1730219872317
2081,335.6144385824977,209.41082464038226
2082,341.6173515128093,199.4681177706947
2083,347.32579454061835,189.35347186766393
2084,352.7348470591277,179.07560563009093
2085,357.8398465324307,168.6433784506717
2086,362.636392514559,158.06578277931217
2087,367.12035044261233,147.35193637174757
2088,371.28785520069977,136.51107443015107
2089,375.135314451622,125.5525416425042
2090,378.6594117334208,114.48578412759258
2091,381.8571093181286,103.3203412925685
2092,384.7256508302513,92.06583761010141
2093,387.26256362273045,80.73197432220208
2094,389.4656609083335,69.32852107787265
2095,391.3330436446376,57.86530751179145
2096,392.86310217098054,46.35221477128936
2097,394.0545175959679,34.799166998924754
2098,394.90626293434127,23.216122777995785
2099,395.41760399222653,11.613066548365703
2100,395.58810000000005,2.4222785022289158e-14
2101,395.41760399222653,-11.613066548365655
2102,394.90626293434127,-23.216122777995736
2103,394.0545175959679,-34.79916699892461
2104,392.86310217098054,-46.35221477128931
2105,391.3330436446376,-57.86530751179141
2106,389.4656609083335,-69.32852107787268
2107,387.26256362273045,-80.73197432220192
2108,384.7256508302513,-92.06583761010128
2109,381.8571093181286,-103.32034129256844
2110,378.6594117334208,-114.48578412759254
2111,375.135314451622,-125.55254164250424
2112,371.2878552006998,-136.51107443015096
2113,367.1203504426124,-147.35193637174743
2114,362.6363925145591,-158.06578277931212
2115,357.8398465324307,-168.64337845067163
2116,352.7348470591277,-179.0756056300909
2117,347.3257945406184,-189.3534718676639
2118,341.6173515128094,-199.46811777069448
2119,335.6144385824977,-209.4108246403822
2120,329.32223018586905,-219.17302198723164
2121,322.7461501281982,-228.74629491870806
2122,315.89186690859634,-238.1223913927703
2123,308.76528883383565,-247.29322933102736
2124,301.372558925462,-256.2509035853903
2125,293.7200496245875,-264.98769275221053
2126,285.8143572989252,-273.4960658280341
2127,277.6622965568024,-281.76868870123303
2128,269.2708943730528,-289.798430473918
2129,260.64738403185265,-297.57836960868303
2130,251.7991988917186,-305.1017998948855
2131,242.73396597804626,-312.3622362293155
2132,233.45949940870906,-319.353420206274
2133,223.98379365838525,-326.0693255122413
2134,214.31501666742147,-332.50416312048316
2135,204.4615028011688,-338.65238628112115
2136,194.43174566586458,-344.50869530236037
2137,184.2343907872487,-350.0680421187592
2138,173.87822815822858,-355.325634642598
2139,163.37218466201512,-360.27694089459914
2140,152.72531637725967,-364.917692910437
2141,141.9468007718273,-369.2438904196699
2142,131.0459287919349,-373.2518042939232
2143,120.03209685346931,-376.937979761352
2144,108.91479874239555,-380.2992393846108
2145,97.70361743123036,-383.3326857997656
2146,86.40821681863984,-386.03570421378515
2147,75.03833339927948,-388.40596465845965
2148,63.60376787105593,-390.4414239988053
2149,52.11437668704882,-392.1403276942202
2150,40.58006355936977,-393.5012113108771
2151,29.01077092228616,-394.5229017840469
2152,17.416471361967936,-395.2045184292657
2153,5.807159020240205,-395.5454737014743
2154,-5.8071590202404595,-395.5454737014743
2155,-17.416471361968018,-395.2045184292657
2156,-29.01077092228641,-394.52290178404684
2157,-40.58006355936967,-393.5012113108771
2158,-52.11437668704873,-392.1403276942202
2159,-63.60376787105601,-390.4414239988053
2160,-75.03833339927938,-388.40596465845965
2161,-86.4082168186401,-386.03570421378504
2162,-97.70361743123044,-383.3326857997656
2163,-108.9147987423956,-380.2992393846108
2164,-120.03209685346955,-376.9379797613519
2165,-131.04592879193498,-373.2518042939232
2166,-141.94680077182736,-369.24389041966987
2167,-152.72531637725956,-364.91769291043704
2168,-163.37218466201503,-360.27694089459914
2169,-173.87822815822864,-355.325634642598
2170,-184.23439078724863,-350.06804211875925
2171,-194.43174566586464,-344.5086953023603
2172,-204.46150280116902,-338.652386281121
2173,-214.31501666742156,-332.50416312048316
2174,-223.98379365838545,-326.0693255122411
2175,-233.45949940870912,-319.35342020627394
2176,-242.73396597804634,-312.36223622931544
2177,-251.79919889171867,-305.1017998948855
2178,-260.6473840318526,-297.5783696086831
2179,-269.2708943730527,-289.7984304739181
2180,-277.66229655680246,-281.768688701233
2181,-285.8143572989253,-273.49606582803403
2182,-293.7200496245876,-264.98769275221036
2183,-301.37255892546216,-256.25090358539006
2184,-308.7652888338357,-247.29322933102728
2185,-315.8918669085964,-238.12239139277025
2186,-322.74615012819817,-228.74629491870814
2187,-329.322230185869,-219.17302198723172
2188,-335.61443858249754,-209.41082464038243
2189,-341.61735151280936,-199.46811777069456
2190,-347.32579454061835,-189.35347186766398
2191,-352.73484705912773,-179.07560563009068
2192,-357.8398465324308,-168.64337845067155
2193,-362.6363925145591,-158.06578277931206
2194,-367.1203504426124,-147.35193637174754
2195,-371.28785520069977,-136.51107443015113
2196,-375.135314451622,-125.55254164250405
2197,-378.6594117334209,-114.48578412759245
2198,-381.8571093181286,-103.32034129256844
2199,-384.7256508302513,-92.06583761010145
2200,-387.26256362273045,-80.7319743222022
2201,-389.4656609083335,-69.32852107787261
2202,-391.3330436446376,-57.865307511791414
2203,-392.86310217098054,-46.35221477128941
2204,-394.0545175959679,-34.79916699892489
2205,-394.90626293434127,-23.216122777995658
2206,-395.41760399222653,-11.613066548365664
2207,-395.58810000000005,-7.266835506686747e-14
2208,-395.41760399222653,11.61306654836587
2209,-394.90626293434127,23.216122777995512
2210,-394.0545175959679,34.79916699892474
2211,-392.86310217098054,46.35221477128926
2212,-391.3330436446376,57.86530751179161
2213,-389.4656609083335,69.32852107787247
2214,-387.26256362273045,80.73197432220206
2215,-384.72565083025125,92.06583761010165
2216,-381.85710931812866,103.32034129256832
2217,-378.6594117334208,114.48578412759265
2218,-375.135314451622,125.55254164250425
2219,-371.28785520069977,136.51107443015096
2220,-367.1203504426124,147.3519363717474
2221,-362.636392514559,158.06578277931223
2222,-357.83984653243084,168.64337845067143
2223,-352.73484705912773,179.07560563009085
2224,-347.3257945406184,189.35347186766384
2225,-341.61735151280925,199.46811777069476
2226,-335.61443858249766,209.4108246403823
2227,-329.32223018586905,219.1730219872316
2228,-322.74615012819805,228.74629491870832
2229,-315.89186690859646,238.1223913927701
2230,-308.7652888338356,247.29322933102748
2231,-301.372558925462,256.25090358539023
2232,-293.7200496245876,264.98769275221036
2233,-285.81435729892536,273.4960658280339
2234,-277.66229655680223,281.7686887012331
2235,-269.27089437305256,289.7984304739182
2236,-260.64738403185265,297.578369608683
2237,-251.79919889171848,305.10179989488563
2238,-242.7339659780463,312.3622362293155
2239,-233.45949940870906,319.35342020627394
2240,-223.98379365838542,326.0693255122411
2241,-214.3150166674214,332.5041631204832
2242,-204.46150280116916,338.6523862811209
2243,-194.4317456658646,344.50869530236037
2244,-184.23439078724843,350.0680421187593
2245,-173.87822815822878,355.3256346425979
2246,-163.372184662015,360.2769408945992
2247,-152.72531637725953,364.91769291043704
2248,-141.94680077182716,369.24389041967
2249,-131.04592879193513,373.25180429392316
2250,-120.03209685346935,376.937979761352
2251,-108.91479874239559,380.2992393846108
2252,-97.70361743123041,383.3326857997656
2253,-86.40821681864006,386.03570421378504
2254,-75.03833339927935,388.40596465845965
2255,-63.603767871055986,390.4414239988053
2256,-52.114376687048875,392.1403276942202
2257,-40.580063559369464,393.5012113108771
2258,-29.010770922286554,394.52290178404684
2259,-17.416471361967986,395.2045184292657
2260,-5.807159020240429,395.5454737014743
2261,0.0,415.3455000000001
2262,11.59712699646008,415.1835630364936
2263,23.18521090213812,414.69787841954707
2264,34.75521567778225,413.88882487141507
2265,46.298119381702364,412.75703326771753
2266,57.80492120480887,411.303386145502
2267,69.26664848917288,409.5290170150675
2268,80.67436372463489,407.4353094760877
2269,92.01917151800647,405.0238961387214
2270,103.29222552943021,402.2966573505519
2271,114.48473537048945,399.2557197303491
2272,125.58797345868878,395.90345450979555
2273,136.59328182296025,392.24247568447174
2274,147.49207885488892,388.27563797554086
2275,158.27586600039282,384.0060346037231
2276,168.9362343866398,379.4369948772949
2277,179.46487137903378,374.57208159599526
2278,189.85356706315693,369.41508827286066
2279,200.09422064661405,363.9700361761586
2280,210.1788467757869,358.24117119372295
2281,220.09958176257265,352.23296052213885
2282,229.8486897162514,345.9500891833567
2283,239.41856857570093,339.3974563714532
2284,248.80175603725536,332.5801716323872
2285,257.99093537358505,325.50355087972963
2286,266.97894113906057,318.17311224947355
2287,275.75876475715165,310.59457179715804
2288,284.32355998550423,302.77383904065994
2289,292.6666482544343,294.7170123521296
2290,300.78152387467577,286.43037420266364
2291,308.66185911032113,277.9203862634232
2292,316.3015091129997,269.19368436701666
2293,323.69451671344564,260.2570733330776
2294,330.83511706671885,251.11752166207054
2295,337.7177421474583,241.78215610146444
2296,344.33702509166017,232.2582560885091
2297,350.6878043815973,222.55324807394885
2298,356.76512787061534,212.6746997311
2299,362.5642566446678,202.6303140548065
2300,368.0806687175786,192.4279233548765
2301,373.31006255715073,182.0754831486828
2302,378.2483604393721,171.58106595768925
2303,382.89171162810163,160.95285501274194
2304,387.2364953777576,150.19913787303173
2305,391.27932375666626,139.3282999637045
2306,395.01704428886876,128.34881803715976
2307,398.4467424123276,117.26925356313288
2308,401.5657437516135,106.09824605271989
2309,404.37161620330426,94.84450632154535
2310,406.8621718324644,83.51680969733124
2311,409.0354685787321,72.12398917716006
2312,410.88981177067893,60.67492853976906
2313,412.4237554472637,49.1785554182478
2314,413.63610348534957,37.643834338537
2315,414.52591053240474,26.079759729162404
2316,415.09248274365984,14.495348907648665
2317,415.3353783231476,2.899635049086928
2318,415.2544078682015,-8.698339857662825
2319,414.8496345171466,-20.28953206064399
2320,414.1213739000664,-31.864903096847577
2321,413.0701938926832,-43.415426840135204
2322,411.69691417354676,-54.932096539539714
2323,410.00260558487275,-66.40593184245898
2324,407.98858929753254,-77.82798579726519
2325,405.6564357808442,-89.18935182986746
2326,403.00796357796696,-100.48117068879183
2327,400.0452378878568,-111.6946373533579
2328,396.770568954886,-122.82100789956958
2329,393.186510267384,-133.85160631836433
2330,389.29585656650454,-144.777831280903
2331,385.10164166696967,-155.59116284562873
2332,380.6071360913933,-166.28316910185987
2333,375.81584452002517,-176.84551274474094
2334,370.7315030579073,-187.26995757642203
2335,365.35807632157133,-197.5483749283981
2336,359.69975434754963,-207.67274999999995
2337,353.7609493251112,-217.63518810809563
2338,347.54629215576927,-227.42792084312504
2339,341.06062884224286,-237.04331212667427
2340,334.3090167096909,-246.4738641658577
2341,327.2967204621608,-255.71222329987324
2342,320.02920807733165,-264.75118573416444
2343,312.5121465427491,-273.5837031577235
2344,304.7513974368795,-282.2028882391518
2345,296.75301235842653,-290.6020199971941
2346,288.5232282074775,-298.77454904155735
2347,280.0684623221555,-306.71410267992803
2348,271.3953074745723,-314.41448988720674
2349,262.5105267299838,-321.86970613308193
2350,253.42104817315405,-329.0739380641834
2351,244.13395950604348,-336.02156803715974
2352,234.65650252103262,-342.70717849914763
2353,224.99606745398964,-349.12555621221685
2354,215.16018722158748,-355.27169631849574
2355,205.15653154736071,-361.14080624281
2356,194.9929009810872,-366.72830942978754
2357,184.67722081615327,-372.0298489125191
2358,174.2175349096486,-377.0412907099903
2359,163.62199941000833,-381.75872705063506
2360,152.89887639709386,-386.1784794194988
2361,142.05652743967164,-390.29710142663356
2362,131.10340707531265,-394.11138149448936
2363,120.0480562177999,-397.61834536220533
2364,108.89909549717932,-400.8152584048495
2365,97.66521853765184,-403.69962776579666
2366,86.35518517854767,-406.26920430058294
2367,74.97781464366626,-408.5219843307213
2368,63.54197866431189,-410.4562112061093
2369,52.056594561382674,-412.07037667481256
2370,40.53061829191375,-413.3632220591537
2371,28.973037465490695,-414.3337392371919
2372,17.39286433598118,-414.98117142882546
2373,5.799128774052337,-415.30501378590657
2374,-5.799128774052605,-415.30501378590657
2375,-17.392864335981262,-414.98117142882546
2376,-28.973037465490588,-414.3337392371919
2377,-40.53061829191401,-413.3632220591537
2378,-52.05659456138275,-412.07037667481256
2379,-63.54197866431198,-410.4562112061093
2380,-74.97781464366652,-408.52198433072124
2381,-86.35518517854774,-406.26920430058294
2382,-97.66521853765191,-403.6996277657966
2383,-108.89909549717939,-400.8152584048495
2384,-120.04805621780015,-397.6183453622053
2385,-131.1034070753127,-394.1113814944893
2386,-142.05652743967153,-390.2971014266336
2387,-152.89887639709409,-386.17847941949873
2388,-163.62199941000858,-381.758727050635
2389,-174.2175349096487,-377.0412907099903
2390,-184.67722081615335,-372.02984891251907
2391,-194.99290098108727,-366.7283094297875
2392,-205.1565315473608,-361.14080624280996
2393,-215.1601872215876,-355.2716963184957
2394,-224.99606745398987,-349.12555621221674
2395,-234.65650252103254,-342.70717849914774
2396,-244.1339595060434,-336.0215680371598
2397,-253.42104817315413,-329.0739380641833
2398,-262.51052672998395,-321.86970613308176
2399,-271.39530747457235,-314.4144898872067
2400,-280.0684623221554,-306.7141026799281
2401,-288.5232282074775,-298.77454904155724
2402,-296.7530123584267,-290.6020199971939
2403,-304.75139743687953,-282.2028882391517
2404,-312.5121465427492,-273.5837031577234
2405,-320.0292080773317,-264.7511857341644
2406,-327.29672046216086,-255.71222329987316
2407,-334.3090167096909,-246.47386416585763
2408,-341.06062884224303,-237.04331212667404
2409,-347.5462921557693,-227.42792084312495
2410,-353.7609493251113,-217.63518810809538
2411,-359.6997543475496,-207.6727500000002
2412,-365.3580763215714,-197.54837492839786
2413,-370.73150305790745,-187.26995757642177
2414,-375.8158445200253,-176.84551274474072
2415,-380.6071360913933,-166.28316910185995
2416,-385.1016416669696,-155.59116284562882
2417,-389.2958565665046,-144.77783128090277
2418,-393.186510267384,-133.85160631836433
2419,-396.77056895488596,-122.82100789956966
2420,-400.0452378878568,-111.6946373533579
2421,-403.00796357796696,-100.48117068879183
2422,-405.6564357808442,-89.18935182986748
2423,-407.98858929753266,-77.8279857972651
2424,-410.00260558487275,-66.405931842459
2425,-411.69691417354676,-54.93209653953962
2426,-413.0701938926833,-43.415426840135126
2427,-414.1213739000664,-31.864903096847495
2428,-414.8496345171466,-20.28953206064418
2429,-415.2544078682015,-8.698339857662743
2430,-415.3353783231476,2.899635049087103
2431,-415.09248274365984,14.495348907648749
2432,-414.52591053240474,26.079759729162575
2433,-413.6361034853496,37.64383433853689
2434,-412.4237554472637,49.178555418247974
2435,-410.8898117706789,60.67492853976933
2436,-409.03546857873215,72.12398917715987
2437,-406.86217183246436,83.51680969733151
2438,-404.37161620330426,94.84450632154525
2439,-401.5657437516136,106.0982460527198
2440,-398.44674241232735,117.26925356313323
2441,-395.0170442888688,128.34881803715967
2442,-391.2793237566661,139.32829996370486
2443,-387.23649537775765,150.19913787303165
2444,-382.89171162810163,160.95285501274194
2445,-378.248360439372,171.58106595768956
2446,-373.31006255715073,182.0754831486828
2447,-368.0806687175786,192.42792335487658
2448,-362.5642566446678,202.63031405480655
2449,-356.7651278706153,212.67469973110002
2450,-350.68780438159723,222.55324807394894
2451,-344.3370250916601,232.2582560885092
2452,-337.7177421474582,241.78215610146458
2453,-330.8351170667188,251.11752166207063
2454,-323.6945167134455,260.2570733330777
2455,-316.30150911299967,269.1936843670168
2456,-308.66185911032125,277.92038626342304
2457,-300.7815238746756,286.43037420266376
2458,-292.66664825443416,294.71701235212976
2459,-284.32355998550406,302.7738390406601
2460,-275.7587647571515,310.5945717971582
2461,-266.9789411390607,318.17311224947343
2462,-257.9909353735848,325.5035508797298
2463,-248.80175603725507,332.58017163238736
2464,-239.41856857570096,339.39745637145313
2465,-229.84868971625113,345.95008918335685
2466,-220.09958176257268,352.23296052213885
2467,-210.1788467757869,358.24117119372295
2468,-200.0942206466137,363.97003617615877
2469,-189.8535670631569,369.41508827286066
2470,-179.46487137903344,374.57208159599537
2471,-168.93623438663977,379.436994877295
2472,-158.27586600039277,384.0060346037231
2473,-147.49207885488852,388.2756379755411
2474,-136.59328182296017,392.2424756844718
2475,-125.58797345868868,395.90345450979555
2476,-114.48473537048936,399.2557197303491
2477,-103.29222552943008,402.296657350552
2478,-92.01917151800633,405.0238961387214
2479,-80.67436372463474,407.43530947608775
2480,-69.2666484891727,409.5290170150675
2481,-57.804921204809055,411.3033861455019
2482,-46.298119381702165,412.7570332677176
2483,-34.75521567778203,413.88882487141507
2484,-23.185210902138255,414.69787841954707
2485,-11.597126996459831,415.1835630364936
2486,5.7995814806029,435.64539789908247
2487,17.39463382747799,435.3366221328135
2488,28.977357244872927,434.71928945366926
2489,40.53954215610922,433.79383741331907
2490,52.07299354174461,432.5609219515807
2491,63.56953674802057,431.02141693150486
2492,75.02102328087497,429.1764135200005
2493,86.4193365814135,427.02721941444014
2494,97.75639777874589,424.57535791579295
2495,109.02417141611002,421.8225668489427
2496,120.21467114622477,418.77079733095655
2497,131.31996539183552,415.42221238817643
2498,142.33218296743937,411.77918542311414
2499,153.2435186582064,407.84429853223645
2500,164.04623875214256,403.62034067583255
2501,174.73268652157228,399.11030570126104
2502,185.29528765005708,394.31739022097753
2503,195.72655560090217,389.24499134684703
2504,206.01909692344745,383.89670428234626
2505,216.16561649338072,378.2763197743638
2506,226.15892268335946,372.38782142640264
2507,235.99193246027636,366.2353828750909
2508,245.65767640555552,359.82336483200123
2509,255.14930365492137,353.15631199287486
2510,264.4600867541391,346.238949816443
2511,273.5834264272839,339.07618117512624
2512,282.5128562541616,331.67308287998816
2513,291.24204725356304,324.0349020824044
2514,299.76481236910536,316.1670525549984
2515,308.0751108544799,308.0751108544799
2516,316.1670525549984,299.76481236910536
2517,324.03490208240447,291.24204725356304
2518,331.67308287998816,282.5128562541616
2519,339.0761811751262,273.58342642728394
2520,346.238949816443,264.4600867541391
2521,353.15631199287486,255.14930365492143
2522,359.82336483200123,245.65767640555546
2523,366.2353828750909,235.99193246027636
2524,372.38782142640264,226.15892268335944
2525,378.27631977436374,216.1656164933808
2526,383.8967042823462,206.01909692344753
2527,389.24499134684703,195.72655560090217
2528,394.31739022097753,185.29528765005708
2529,399.11030570126104,174.7326865215723
2530,403.62034067583255,164.04623875214256
2531,407.84429853223645,153.24351865820643
2532,411.77918542311414,142.33218296743937
2533,415.42221238817643,131.31996539183555
2534,418.7707973309566,120.21467114622473
2535,421.8225668489427,109.02417141611005
2536,424.57535791579295,97.75639777874592
2537,427.02721941444014,86.41933658141353
2538,429.1764135200005,75.02102328087501
2539,431.02141693150486,63.56953674802052
2540,432.5609219515807,52.072993541744665
2541,433.79383741331907,40.53954215610928
2542,434.71928945366926,28.977357244872895
2543,435.3366221328135,17.394633827478057
2544,435.64539789908247,5.799581480602972
2545,435.64539789908247,-5.799581480602919
2546,435.3366221328135,-17.394633827477904
2547,434.71928945366926,-28.977357244872938
2548,433.79383741331907,-40.53954215610922
2549,432.5609219515807,-52.072993541744516
2550,431.02141693150486,-63.56953674802055
2551,429.1764135200005,-75.02102328087496
2552,427.0272194144402,-86.41933658141346
2553,424.57535791579295,-97.75639777874586
2554,421.8225668489427,-109.02417141610997
2555,418.77079733095655,-120.21467114622477
2556,415.42221238817643,-131.3199653918355
2557,411.77918542311414,-142.3321829674394
2558,407.84429853223645,-153.24351865820637
2559,403.62034067583255,-164.04623875214253
2560,399.110305701261,-174.73268652157236
2561,394.3173902209776,-185.29528765005702
2562,389.24499134684703,-195.7265556009022
2563,383.8967042823463,-206.01909692344742
2564,378.27631977436374,-216.16561649338075
2565,372.38782142640264,-226.15892268335938
2566,366.2353828750909,-235.99193246027636
2567,359.8233648320013,-245.65767640555543
2568,353.15631199287486,-255.14930365492143
2569,346.23894981644304,-264.460086754139
2570,339.07618117512624,-273.5834264272839
2571,331.67308287998827,-282.5128562541615
2572,324.03490208240447,-291.24204725356304
2573,316.1670525549985,-299.76481236910524
2574,308.0751108544799,-308.0751108544798
2575,299.7648123691053,-316.16705255499846
2576,291.24204725356293,-324.0349020824045
2577,282.5128562541617,-331.6730828799881
2578,273.58342642728394,-339.0761811751262
2579,264.46008675413907,-346.238949816443
2580,255.14930365492145,-353.15631199287486
2581,245.65767640555546,-359.82336483200123
2582,235.99193246027625,-366.235382875091
2583,226.15892268335963,-372.3878214264025
2584,216.16561649338084,-378.27631977436374
2585,206.01909692344748,-383.89670428234626
2586,195.7265556009023,-389.244991346847
2587,185.2952876500571,-394.31739022097753
2588,174.73268652157245,-399.1103057012609
2589,164.04623875214259,-403.62034067583255
2590,153.24351865820654,-407.8442985322364
2591,142.3321829674394,-411.77918542311414
2592,131.31996539183547,-415.42221238817643
2593,120.21467114622484,-418.77079733095655
2594,109.02417141611016,-421.82256684894264
2595,97.75639777874594,-424.5753579157929
2596,86.41933658141365,-427.02721941444014
2597,75.02102328087504,-429.1764135200005
2598,63.56953674802054,-431.02141693150486
2599,52.0729935417445,-432.5609219515807
2600,40.539542156109405,-433.79383741331907
2601,28.977357244873016,-434.71928945366926
2602,17.394633827477985,-435.3366221328135
2603,5.799581480603,-435.64539789908247
2604,-5.7995814806028925,-435.64539789908247
2605,-17.39463382747807,-435.3366221328135
2606,-28.97735724487272,-434.71928945366926
2607,-40.5395421561091,-433.79383741331907
2608,-52.07299354174459,-432.5609219515807
2609,-63.56953674802043,-431.02141693150486
2610,-75.02102328087493,-429.1764135200005
2611,-86.41933658141355,-427.02721941444014
2612,-97.75639777874584,-424.57535791579295
2613,-109.02417141610988,-421.82256684894276
2614,-120.21467114622476,-418.77079733095655
2615,-131.31996539183555,-415.42221238817643
2616,-142.33218296743928,-411.7791854231142
2617,-153.24351865820626,-407.8442985322365
2618,-164.0462387521425,-403.62034067583255
2619,-174.73268652157213,-399.1103057012611
2620,-185.295287650057,-394.3173902209776
2621,-195.7265556009022,-389.24499134684703
2622,-206.01909692344756,-383.8967042823462
2623,-216.16561649338055,-378.27631977436386
2624,-226.15892268335938,-372.38782142640264
2625,-235.9919324602763,-366.2353828750909
2626,-245.65767640555538,-359.8233648320013
2627,-255.14930365492137,-353.15631199287486
2628,-264.4600867541391,-346.2389498164429
2629,-273.5834264272837,-339.07618117512635
2630,-282.5128562541614,-331.67308287998827
2631,-291.242047253563,-324.03490208240447
2632,-299.76481236910524,-316.1670525549985
2633,-308.0751108544798,-308.0751108544799
2634,-316.1670525549984,-299.76481236910536
2635,-324.03490208240436,-291.2420472535631
2636,-331.6730828799881,-282.51285625416176
2637,-339.0761811751261,-273.58342642728394
2638,-346.238949816443,-264.4600867541391
2639,-353.1563119928749,-255.1493036549213
2640,-359.82336483200135,-245.65767640555535
2641,-366.23538287509086,-235.9919324602764
2642,-372.3878214264026,-226.15892268335946
2643,-378.2763197743638,-216.1656164933807
2644,-383.8967042823462,-206.01909692344768
2645,-389.244991346847,-195.72655560090232
2646,-394.31739022097753,-185.29528765005713
2647,-399.11030570126087,-174.73268652157262
2648,-403.62034067583244,-164.0462387521428
2649,-407.8442985322364,-153.24351865820657
2650,-411.77918542311414,-142.33218296743942
2651,-415.42221238817643,-131.3199653918355
2652,-418.7707973309565,-120.21467114622507
2653,-421.82256684894264,-109.02417141611019
2654,-424.5753579157929,-97.75639777874596
2655,-427.02721941444014,-86.41933658141387
2656,-429.17641352000044,-75.02102328087564
2657,-431.02141693150475,-63.56953674802114
2658,-432.56092195158067,-52.0729935417451
2659,-433.79383741331907,-40.53954215610962
2660,-434.71928945366926,-28.977357244873232
2661,-435.3366221328135,-17.394633827478206
2662,-435.64539789908247,-5.799581480603026
2663,-435.64539789908247,5.799581480602479
2664,-435.33662213281355,17.39463382747766
2665,-434.71928945366926,28.97735724487269
2666,-433.79383741331907,40.53954215610908
2667,-432.5609219515808,52.072993541744175
2668,-431.0214169315049,63.56953674802021
2669,-429.17641352000055,75.02102328087472
2670,-427.0272194144403,86.41933658141295
2671,-424.57535791579306,97.75639777874544
2672,-421.8225668489428,109.02417141610965
2673,-418.77079733095667,120.21467114622453
2674,-415.4222123881765,131.31996539183535
2675,-411.7791854231142,142.33218296743928
2676,-407.84429853223645,153.24351865820643
2677,-403.6203406758326,164.0462387521423
2678,-399.1103057012611,174.73268652157213
2679,-394.31739022097776,185.29528765005665
2680,-389.2449913468472,195.72655560090183
2681,-383.89670428234643,206.0190969234472
2682,-378.27631977436386,216.16561649338055
2683,-372.38782142640287,226.15892268335898
2684,-366.2353828750912,235.99193246027596
2685,-359.8233648320014,245.65767640555518
2686,-353.15631199287503,255.1493036549212
2687,-346.23894981644304,264.46008675413896
2688,-339.0761811751263,273.5834264272838
2689,-331.67308287998816,282.5128562541616
2690,-324.0349020824049,291.24204725356253
2691,-316.1670525549988,299.76481236910496
2692,-308.0751108544802,308.07511085447953
2693,-299.76481236910564,316.1670525549982
2694,-291.24204725356327,324.03490208240424
2695,-282.51285625416176,331.67308287998804
2696,-273.5834264272843,339.0761811751259
2697,-264.4600867541394,346.2389498164427
2698,-255.14930365492165,353.1563119928747
2699,-245.65767640555566,359.82336483200106
2700,-235.99193246027644,366.23538287509086
2701,-226.15892268335952,372.3878214264026
2702,-216.16561649338138,378.2763197743634
2703,-206.01909692344805,383.896704282346
2704,-195.72655560090269,389.2449913468468
2705,-185.2952876500575,394.31739022097736
2706,-174.73268652157265,399.1103057012608
2707,-164.04623875214284,403.62034067583244
2708,-153.2435186582066,407.8442985322364
2709,-142.3321829674398,411.77918542311403
2710,-131.3199653918359,415.4222123881764
2711,-120.21467114622509,418.77079733095644
2712,-109.0241714161102,421.82256684894264
2713,-97.75639777874636,424.57535791579284
2714,-86.41933658141389,427.02721941444014
2715,-75.02102328087528,429.1764135200005
2716,-63.56953674802117,431.02141693150475
2717,-52.07299354174513,432.56092195158067
2718,-40.53954215610965,433.79383741331907
2719,-28.977357244873264,434.71928945366926
2720,-17.39463382747823,435.3366221328135
2721,-5.799581480603052,435.64539789908247
2722,0.0,456.6036000000001
2723,11.613828466151688,456.45587576601406
2724,23.22014212552652,456.01279865002743
2725,34.81143103385454,455.27465534810443
2726,46.38019496873324,454.241923480894
2727,57.918948282697535,452.91527128458176
2728,69.42022474685889,451.29555717850326
2729,80.87658238197966,449.38382920969786
2730,92.28060827385622,447.18132437476316
2731,103.62492336989581,444.6894678194474
2732,114.90218725378253,441.90987191649924
2733,126.1051028951439,438.8443352223716
2734,137.2264213711438,435.49484131345275
2735,148.25894655694762,431.86355750257997
2736,159.19553978202362,427.9528334366653
2737,170.02912444926832,423.76519957634
2738,180.75269061396688,419.3033655586032
2739,191.35929951962567,414.5702184435325
2740,201.84208808774162,409.56882084619235
2741,212.19427335860414,404.3024089549481
2742,222.40915688025518,398.77439043746796
2743,232.48012904276845,392.98834223576887
2744,242.40067335504224,386.94800825173166
2745,252.16437066133943,380.65729692458376
2746,261.7649032948459,374.120278701917
2747,271.1960591655602,367.34118340587685
2748,280.45173577986805,360.3243974962272
2749,289.5259441892028,353.0744612320618
2750,298.41281286523525,345.59606573399844
2751,307.10659149908616,337.8940499487576
2752,315.60165472210264,329.973397518089
2753,323.8925057457911,321.8392335540724
2754,331.97377991855194,313.4968213228787
2755,339.84024819691376,304.9515588391378
2756,347.48682052902154,296.20897537311674
2757,354.9085491481893,287.27472787296716
2758,362.1006317743864,278.15459730435936
2759,369.0584147215853,268.854484909868
2760,375.77739590896084,259.380408390534
2761,382.25322777399236,249.7384980120694
2762,388.48172008558373,239.93499263822744
2763,394.45884265538064,229.97623569390316
2764,400.18072794553166,219.86867106057755
2765,405.6436735712047,209.6188389067595
2766,410.84414469624056,199.23337145612587
2767,415.7787763203925,188.7189886960957
2768,420.4443754566729,178.08249402961627
2769,424.8379231973968,167.33076987297608
2770,428.9565766675869,156.47077320248897
2771,432.7976708644753,145.50953105293615
2772,436.3587203819114,134.45413597067568
2773,439.6374210185611,123.31174142436124
2774,442.6316512688557,112.08955717624266
2775,445.33947369572695,100.79484461703885
2776,447.75913618423834,89.43491206740674
2777,449.88907307530354,78.01711004904153
2778,451.72790617875637,66.54882652847289
2779,453.27444566511826,55.037482136629414
2780,454.5276908354857,43.49052536727018
2781,455.48683076903905,31.91542775738515
2782,456.1512448477543,20.319679052687047
2783,456.5205031579784,8.710782361319982
2784,456.594366768608,-2.9037507010775396
2785,456.3727878856907,-14.516404871815075
2786,455.8559098833514,-26.119666103951417
2787,455.0440672110204,-37.70602642831062
2788,453.93778517702583,-49.267988811563896
2789,452.5377796086896,-60.79807200723634
2790,450.84495638914603,-72.2888153964987
2791,448.8604108711842,-83.73278381561092
2792,446.58542716849223,-95.12257236689628
2793,444.0214773247634,-106.45081121012974
2794,441.17022036119965,-117.7101703312446
2795,438.0335012030308,-128.8933642852667
2796,434.6133494857432,-139.99315691041235
2797,430.9119782417901,-151.00236601029505
2798,426.93178246863414,-161.91386800121518
2799,422.6753375790479,-172.72060252152312
2800,418.14539773467527,-183.41557700007462
2801,413.3448940639328,-193.99187118082097
2802,408.2769327654028,-204.44264160060845
2803,402.94479309794656,-214.76112601728718
2804,397.3519252588375,-224.9406477852664
2805,391.50194815128765,-234.97462017568313
2806,385.39864704281155,-244.85655063838993
2807,379.0459711159431,-254.5800450030044
2808,372.44803091289026,-264.1388116162993
2809,365.60909567578074,-273.5266654132608
2810,358.53359058421967,-282.73753191917626
2811,351.2260938919472,-291.7654511801649
2812,343.69133396444806,-300.6045816196059
2813,335.93418621943044,-309.2492038179712
2814,327.95966997215396,-317.6937242136142
2815,319.77294518764785,-325.93267872212147
2816,311.37930914191946,-333.96073627188724
2817,302.7841929943169,-341.77270225361815
2818,293.9931582732595,-349.36352188154143
2819,285.0118932776134,-356.728283464138
2820,275.8462093960398,-363.8622215822855
2821,266.5020373466943,-370.76072017275675
2822,256.98542333971767,-377.419315515073
2823,247.3025251649925,-383.83369911978593
2824,237.45960820770506,-389.99972051631437
2825,227.46304139428395,-395.91338993853486
2826,217.31929307134283,-401.5708809063873
2827,207.03492682029344,-406.96853270182424
2828,196.61659721033584,-412.10285273750367
2829,186.07104549257238,-416.9705188166918
2830,175.40509523803732,-421.5683812829125
2831,164.6256479224569,-425.8934650579548
2832,153.73967846060452,-429.94297156691607
2833,142.754230693133,-433.71428054904055
2834,131.67641282880962,-437.20495175317603
2835,120.51339284510253,-440.4127265167551
2836,109.2723938500903,-443.3355292272782
2837,97.96068940870279,-445.9714686653528
2838,86.58559883630977,-448.31883922841973
2839,75.15448246270819,-450.3761220343753
2840,63.67473686957167,-452.1419859043737
2841,52.153790104441256,-453.6152882241757
2842,40.599096874356796,-454.7950756834848
2843,29.01813372223825,-455.6805848927935
2844,17.418394189136663,-456.27124287733926
2845,5.807383965489654,-456.566667447852
2846,-5.807383965489542,-456.566667447852
2847,-17.418394189136755,-456.27124287733926
2848,-29.018133722238137,-455.6805848927935
2849,-40.59909687435689,-454.7950756834848
2850,-52.15379010444114,-453.6152882241757
2851,-63.67473686957157,-452.1419859043737
2852,-75.15448246270809,-450.3761220343754
2853,-86.58559883630967,-448.31883922841985
2854,-97.96068940870288,-445.9714686653528
2855,-109.27239385009018,-443.33552922727824
2856,-120.51339284510222,-440.41272651675513
2857,-131.6764128288097,-437.204951753176
2858,-142.75423069313288,-433.7142805490406
2859,-153.7396784606046,-429.94297156691607
2860,-164.6256479224568,-425.8934650579548
2861,-175.40509523803723,-421.5683812829126
2862,-186.0710454925725,-416.97051881669177
2863,-196.61659721033575,-412.1028527375037
2864,-207.03492682029352,-406.96853270182424
2865,-217.3192930713427,-401.57088090638734
2866,-227.46304139428383,-395.9133899385349
2867,-237.45960820770512,-389.9997205163143
2868,-247.30252516499237,-383.833699119786
2869,-256.9854233397174,-377.4193155150731
2870,-266.5020373466942,-370.7607201727568
2871,-275.8462093960397,-363.8622215822856
2872,-285.01189327761347,-356.7282834641379
2873,-293.99315827325927,-349.3635218815416
2874,-302.78419299431687,-341.7727022536182
2875,-311.37930914191935,-333.96073627188736
2876,-319.77294518764774,-325.9326787221215
2877,-327.959669972154,-317.69372421361413
2878,-335.9341862194304,-309.2492038179713
2879,-343.691333964448,-300.60458161960594
2880,-351.22609389194713,-291.765451180165
2881,-358.5335905842196,-282.7375319191764
2882,-365.6090956757806,-273.52666541326084
2883,-372.4480309128902,-264.1388116162994
2884,-379.045971115943,-254.58004500300444
2885,-385.3986470428115,-244.85655063839005
2886,-391.5019481512877,-234.97462017568304
2887,-397.3519252588376,-224.94064778526632
2888,-402.9447930979466,-214.76112601728713
2889,-408.27693276540265,-204.44264160060874
2890,-413.3448940639327,-193.99187118082125
2891,-418.1453977346753,-183.41557700007445
2892,-422.67533757904783,-172.72060252152332
2893,-426.9317824686341,-161.91386800121526
2894,-430.91197824179005,-151.00236601029513
2895,-434.6133494857432,-139.99315691041247
2896,-438.03350120303077,-128.89336428526684
2897,-441.17022036119965,-117.7101703312446
2898,-444.0214773247634,-106.45081121012976
2899,-446.58542716849223,-95.1225723668962
2900,-448.8604108711842,-83.73278381561093
2901,-450.84495638914603,-72.28881539649862
2902,-452.5377796086896,-60.798072007236655
2903,-453.93778517702583,-49.267988811564116
2904,-455.0440672110204,-37.706026428310835
2905,-455.8559098833514,-26.11966610395163
2906,-456.3727878856907,-14.516404871814784
2907,-456.594366768608,-2.9037507010776515
2908,-456.5205031579784,8.710782361319973
2909,-456.1512448477543,20.319679052687036
2910,-455.48683076903905,31.915427757385142
2911,-454.5276908354857,43.49052536727017
2912,-453.2744456651183,55.0374821366291
2913,-451.7279061787564,66.54882652847257
2914,-449.88907307530354,78.01711004904134
2915,-447.7591361842383,89.43491206740683
2916,-445.3394736957269,100.79484461703905
2917,-442.63165126885576,112.08955717624245
2918,-439.63742101856116,123.31174142436114
2919,-436.35872038191144,134.45413597067548
2920,-432.7976708644753,145.50953105293604
2921,-428.95657666758694,156.47077320248883
2922,-424.83792319739695,167.33076987297568
2923,-420.4443754566729,178.08249402961638
2924,-415.7787763203925,188.7189886960957
2925,-410.8441446962405,199.23337145612592
2926,-405.64367357120466,209.6188389067596
2927,-400.18072794553177,219.8686710605773
2928,-394.4588426553808,229.97623569390296
2929,-388.48172008558385,239.93499263822724
2930,-382.2532277739925,249.73849801206927
2931,-375.7773959089609,259.38040839053394
2932,-369.05841472158505,268.8544849098683
2933,-362.10063177438644,278.1545973043593
2934,-354.90854914818937,287.27472787296716
2935,-347.48682052902154,296.20897537311674
2936,-339.8402481969137,304.9515588391378
2937,-331.97377991855217,313.4968213228784
2938,-323.8925057457913,321.8392335540722
2939,-315.60165472210286,329.9733975180888
2940,-307.1065914990861,337.8940499487577
2941,-298.4128128652351,345.5960657339985
2942,-289.5259441892026,353.07446123206194
2943,-280.45173577986816,360.3243974962271
2944,-271.1960591655603,367.3411834058768
2945,-261.764903294846,374.1202787019169
2946,-252.16437066133943,380.6572969245837
2947,-242.40067335504258,386.94800825173144
2948,-232.4801290427688,392.98834223576864
2949,-222.40915688025515,398.77439043746796
2950,-212.19427335860405,404.30240895494813
2951,-201.8420880877415,409.5688208461924
2952,-191.35929951962555,414.5702184435326
2953,-180.7526906139671,419.3033655586031
2954,-170.0291244492685,423.76519957634
2955,-159.19553978202376,427.95283343666523
2956,-148.25894655694776,431.86355750257997
2957,-137.22642137114352,435.4948413134528
2958,-126.10510289514394,438.84433522237157
2959,-114.90218725378257,441.90987191649924
2960,-103.62492336989581,444.6894678194474
2961,-92.28060827385619,447.18132437476316
2962,-80.87658238197959,449.38382920969786
2963,-69.4202247468592,451.2955571785032
2964,-57.91894828269781,452.9152712845817
2965,-46.380194968733484,454.241923480894
2966,-34.81143103385436,455.27465534810443
2967,-23.220142125526294,456.01279865002743
2968,-11.613828466151832,456.45587576601406
2969,5.8215962754186705,478.0688556006301
2970,17.46133626856584,477.78533193705954
2971,29.090720636217426,477.21845275655005
2972,40.70285245207849,476.3685542526442
2973,52.29084502165778,475.23614046641177
2974,63.84782596649295,473.82188298752357
2975,75.3669412998854,472.1266205559582
2976,86.84135949172777,470.1513585645782
2977,98.2642755200134,467.89726846287203
2978,109.6289149066246,465.3656870622136
2979,120.92853773500686,462.55811574305244
2980,132.15644264734587,459.4762195645046
2981,143.30597081887683,456.12182627687235
2982,154.370509906969,452.49692523767766
2983,165.34349797264392,448.60366623185365
2984,176.21842737220078,444.4443581967921
2985,186.98884861664175,440.02146785300454
2986,197.64837419660768,435.3376182412081
2987,208.1906823705567,430.39558716670416
2988,218.60952091393793,425.1983055519725
2989,228.89871082713796,419.74885569845736
2990,239.05215000000004,414.05046945857646
2991,249.06381683074363,408.10652631903827
2992,258.92777379713715,401.92055139660204
2993,268.6381709778072,395.49621334747127
2994,278.18924952159415,388.83732219155905
2995,287.5753450628988,381.9478270529167
2996,296.7908910809922,374.831813817665
2997,305.83042220129863,367.4935027108173
2998,314.6885774366923,359.9372457934314
2999,323.36010336688554,352.16752438157494
3000,331.8398572540245,344.18894638863503
3001,340.1228100926426,336.00624359254726
3002,348.2040495921639,327.62426882956623
3003,356.0787830901879,319.047993116241
3004,363.7423403948273,310.2825027013023
3005,371.1901765544134,301.3329960492104
3006,378.41787455292666,292.20478075715243
3007,385.42114792955357,282.90327040731654
3008,392.1958433208162,273.43398135631173
3009,398.7379429237676,263.8025294636356
3010,405.04356687879107,254.0146267611304
3011,411.10897557059087,244.0760780654045
3012,416.9305718460095,233.99277753522563
3013,422.5049031473569,223.77070517592915
3014,427.82866355998505,213.41592329291456
3015,432.89869577289465,202.93457289633247
3016,437.7119929512113,192.33287005909523
3017,442.2657005194196,181.61710223037116
3018,446.55711785429884,170.7936245067478
3019,450.5836998865551,159.86885586327602
3020,454.3430586102014,148.84927534663112
3021,457.83296449878856,137.74141823264745
3022,461.0513478276495,126.55187215050528
3023,463.9962999013705,115.28727317586954
3024,466.66607418576234,103.9543018952974
3025,469.05908734366125,92.5596794442464
3026,471.1739201739426,81.11016352103637
3027,473.009318453193,69.61254437912714
3028,474.5641936795405,58.073640800087944
3029,475.8376237182019,46.500296049648995
3030,476.82885334836385,34.89937381923292
3031,477.5372947110751,23.277754155370534
3032,477.96252765788154,11.642329379419047
3033,478.1043000000001,2.92754450326793e-14
3034,477.96252765788154,-11.642329379418989
3035,477.5372947110751,-23.277754155370477
3036,476.82885334836385,-34.89937381923296
3037,475.8376237182018,-46.500296049649045
3038,474.5641936795405,-58.07364080008789
3039,473.00931845319303,-69.61254437912709
3040,471.1739201739426,-81.11016352103633
3041,469.05908734366125,-92.55967944424633
3042,466.66607418576234,-103.95430189529745
3043,463.99629990137043,-115.28727317586959
3044,461.0513478276495,-126.55187215050522
3045,457.83296449878856,-137.7414182326474
3046,454.3430586102014,-148.84927534663106
3047,450.5836998865551,-159.86885586327597
3048,446.55711785429884,-170.79362450674773
3049,442.2657005194196,-181.6171022303712
3050,437.7119929512113,-192.33287005909526
3051,432.89869577289477,-202.9345728963323
3052,427.8286635599851,-213.4159232929145
3053,422.5049031473569,-223.77070517592918
3054,416.93057184600946,-233.99277753522568
3055,411.1089755705909,-244.07607806540443
3056,405.04356687879107,-254.01462676113033
3057,398.7379429237676,-263.8025294636356
3058,392.19584332081627,-273.4339813563116
3059,385.42114792955346,-282.90327040731665
3060,378.4178745529267,-292.2047807571524
3061,371.1901765544134,-301.33299604921046
3062,363.7423403948273,-310.28250270130235
3063,356.07878309018804,-319.04799311624095
3064,348.2040495921638,-327.6242688295664
3065,340.1228100926425,-336.00624359254743
3066,331.8398572540245,-344.1889463886351
3067,323.3601033668854,-352.16752438157505
3068,314.6885774366923,-359.9372457934314
3069,305.83042220129863,-367.4935027108173
3070,296.7908910809921,-374.8318138176651
3071,287.57534506289863,-381.9478270529168
3072,278.189249521594,-388.8373221915591
3073,268.63817097780714,-395.4962133474713
3074,258.9277737971371,-401.9205513966021
3075,249.06381683074363,-408.10652631903827
3076,239.05214999999984,-414.0504694585766
3077,228.89871082713788,-419.7488556984574
3078,218.6095209139378,-425.1983055519726
3079,208.19068237055652,-430.3955871667043
3080,197.64837419660765,-435.33761824120813
3081,186.98884861664163,-440.0214678530046
3082,176.21842737220067,-444.44435819679217
3083,165.34349797264372,-448.6036662318537
3084,154.37050990696895,-452.4969252376777
3085,143.30597081887672,-456.12182627687235
3086,132.15644264734573,-459.4762195645046
3087,120.92853773500686,-462.55811574305244
3088,109.62891490662435,-465.3656870622137
3089,98.2642755200133,-467.8972684628721
3090,86.84135949172763,-470.15135856457823
3091,75.36694129988538,-472.1266205559582
3092,63.847825966492884,-473.8218829875236
3093,52.29084502165766,-475.23614046641177
3094,40.70285245207832,-476.3685542526442
3095,29.0907206362172,-477.2184527565501
3096,17.46133626856577,-477.78533193705954
3097,5.821596275418544,-478.0688556006301
3098,-5.82159627541864,-478.0688556006301
3099,-17.461336268565862,-477.78533193705954
3100,-29.090720636217505,-477.21845275655005
3101,-40.70285245207862,-476.3685542526442
3102,-52.290845021657965,-475.23614046641177
3103,-63.84782596649298,-473.82188298752357
3104,-75.36694129988548,-472.1266205559582
3105,-86.84135949172793,-470.1513585645782
3106,-98.2642755200134,-467.89726846287203
3107,-109.62891490662483,-465.36568706221357
3108,-120.92853773500697,-462.55811574305244
3109,-132.15644264734604,-459.47621956450456
3110,-143.3059708188768,-456.12182627687235
3111,-154.37050990696903,-452.49692523767766
3112,-165.343497972644,-448.6036662318536
3113,-176.21842737220095,-444.4443581967921
3114,-186.98884861664192,-440.0214678530045
3115,-197.64837419660773,-435.3376182412081
3116,-208.19068237055677,-430.3955871667041
3117,-218.60952091393784,-425.19830555197257
3118,-228.89871082713796,-419.74885569845736
3119,-239.0521500000003,-414.05046945857634
3120,-249.0638168307437,-408.10652631903815
3121,-258.9277737971373,-401.92055139660204
3122,-268.63817097780725,-395.49621334747127
3123,-278.18924952159426,-388.837322191559
3124,-287.57534506289875,-381.94782705291675
3125,-296.79089108099237,-374.8318138176649
3126,-305.83042220129886,-367.4935027108171
3127,-314.68857743669236,-359.93724579343126
3128,-323.36010336688565,-352.1675243815748
3129,-331.83985725402454,-344.18894638863503
3130,-340.1228100926427,-336.0062435925472
3131,-348.2040495921642,-327.62426882956606
3132,-356.0787830901881,-319.04799311624083
3133,-363.7423403948273,-310.2825027013023
3134,-371.19017655441354,-301.3329960492104
3135,-378.4178745529267,-292.2047807571524
3136,-385.4211479295536,-282.9032704073164
3137,-392.1958433208163,-273.4339813563116
3138,-398.7379429237678,-263.8025294636353
3139,-405.04356687879124,-254.01462676113007
3140,-411.1089755705908,-244.07607806540452
3141,-416.9305718460095,-233.99277753522557
3142,-422.50490314735697,-223.7707051759291
3143,-427.8286635599851,-213.4159232929144
3144,-432.89869577289477,-202.9345728963322
3145,-437.7119929512114,-192.33287005909497
3146,-442.26570051941974,-181.6171022303709
3147,-446.5571178542988,-170.79362450674782
3148,-450.5836998865551,-159.86885586327597
3149,-454.3430586102014,-148.84927534663106
3150,-457.83296449878856,-137.74141823264728
3151,-461.0513478276496,-126.55187215050503
3152,-463.9962999013704,-115.2872731758698
3153,-466.6660741857624,-103.95430189529715
3154,-469.0590873436613,-92.55967944424604
3155,-471.1739201739426,-81.11016352103644
3156,-473.00931845319303,-69.6125443791271
3157,-474.5641936795405,-58.073640800087794
3158,-475.8376237182019,-46.500296049648945
3159,-476.82885334836385,-34.899373819232764
3160,-477.53729471107516,-23.277754155370275
3161,-477.96252765788154,-11.642329379418786
3162,-478.1043000000001,-8.782633509803789e-14
3163,-477.96252765788154,11.642329379419035
3164,-477.5372947110751,23.277754155370523
3165,-476.82885334836385,34.89937381923302
3166,-475.8376237182018,46.500296049649194
3167,-474.5641936795405,58.073640800088036
3168,-473.009318453193,69.61254437912736
3169,-471.17392017394263,81.11016352103627
3170,-469.05908734366125,92.55967944424627
3171,-466.6660741857622,103.9543018952978
3172,-463.99629990137043,115.28727317586961
3173,-461.0513478276495,126.55187215050528
3174,-457.8329644987885,137.7414182326475
3175,-454.34305861020135,148.8492753466313
3176,-450.58369988655517,159.8688558632758
3177,-446.55711785429884,170.79362450674768
3178,-442.2657005194195,181.61710223037153
3179,-437.7119929512113,192.3328700590952
3180,-432.89869577289465,202.93457289633247
3181,-427.828663559985,213.41592329291464
3182,-422.50490314735686,223.77070517592932
3183,-416.9305718460094,233.99277753522583
3184,-411.1089755705909,244.07607806540437
3185,-405.04356687879095,254.01462676113064
3186,-398.7379429237676,263.80252946363555
3187,-392.1958433208162,273.4339813563118
3188,-385.42114792955346,282.9032704073166
3189,-378.4178745529266,292.2047807571525
3190,-371.1901765544133,301.3329960492106
3191,-363.7423403948274,310.2825027013021
3192,-356.07878309018776,319.04799311624123
3193,-348.204049592164,327.6242688295662
3194,-340.1228100926426,336.00624359254726
3195,-331.83985725402425,344.1889463886353
3196,-323.3601033668855,352.167524381575
3197,-314.6885774366922,359.9372457934315
3198,-305.83042220129886,367.49350271081715
3199,-296.79089108099197,374.8318138176652
3200,-287.57534506289886,381.94782705291664
3201,-278.1892495215942,388.837322191559
3202,-268.63817097780685,395.4962133474715
3203,-258.9277737971371,401.9205513966021
3204,-249.0638168307435,408.1065263190383
3205,-239.05215000000024,414.05046945857634
3206,-228.89871082713773,419.7488556984574
3207,-218.60952091393767,425.1983055519727
3208,-208.19068237055674,430.39558716670416
3209,-197.6483741966073,435.33761824120825
3210,-186.98884861664172,440.02146785300454
3211,-176.2184273722007,444.44435819679217
3212,-165.34349797264417,448.60366623185354
3213,-154.37050990696878,452.4969252376778
3214,-143.30597081887657,456.1218262768724
3215,-132.156442647346,459.47621956450456
3216,-120.92853773500651,462.5581157430525
3217,-109.6289149066246,465.3656870622136
3218,-98.26427552001336,467.89726846287203
3219,-86.84135949172727,470.1513585645783
3220,-75.36694129988524,472.1266205559582
3221,-63.84782596649272,473.8218829875236
3222,-52.29084502165794,475.23614046641177
3223,-40.70285245207816,476.36855425264423
3224,-29.09072063621747,477.21845275655005
3225,-17.461336268565823,477.78533193705954
3226,-5.8215962754181785,478.0688556006301
3227,0.0,500.18610000000007
3228,11.638808539809373,500.05067020151444
3229,23.27131445947333,499.6444541436824
3230,34.89121855182644,498.96767179966554
3231,46.49222843381507,498.0206896590422
3232,58.06806195393382,496.8040205293474
3233,69.6124505941214,495.31832325837803
3234,81.11914286427367,493.56440237741583
3235,92.58190768753595,491.5432076655588
3236,103.99453777454087,489.2558336353995
3237,115.35085298476525,486.7035189403269
3238,126.64470367318519,483.88764570377407
3239,137.86997402041715,480.8097387707736
3240,149.0205853445423,477.47146488222734
3241,160.09049939281977,473.8746317723366
3242,171.0737216115073,470.0211871896825
3243,181.96430439201754,465.9132178424854
3244,192.75635029165326,461.5529482686158
3245,203.44401522717655,456.94273963096776
3246,214.0215116394828,452.0850884388478
3247,224.4831116276664,446.9826251960704
3248,234.8231500507799,441.6381129764946
3249,245.03602759560764,436.05444592777025
3250,255.11621380879302,430.2346477041061
3251,265.0582500916763,424.18186982890774
3252,274.856752656222,417.89938998817223
3253,284.5064154404353,411.39061025556293
3254,294.0020129816882,404.659055250127
3255,303.3384032463995,397.7083702276517
3256,312.5105304145368,390.5423191066942
3257,321.51342761743234,383.1647824303535
3258,330.3422196274301,375.5797552648875
3259,338.9921254979072,367.79134503631434
3260,347.4584611522411,359.80376930616865
3261,355.7366419203197,351.62135348761785
3262,363.8221850212212,343.2485285031742
3263,371.7107119907185,334.68982838527256
3264,379.3979510522957,325.9498878210114
3265,386.8797394303898,317.03343964238815
3266,394.1520256046073,307.9453122633873
3267,401.2108715036936,298.69042706530905
3268,408.05245463806904,289.27379573175415
3269,414.67307016977344,279.7005175347093
3270,421.06913291870137,269.97577657320124
3271,427.2371793040409,260.1048389660154
3272,433.17386921986366,250.09305000000012
3273,438.87598784385034,239.94583123549907
3274,444.3404473781747,229.66867757048115
3275,449.56428872159984,219.26715426495622
3276,454.54468307188415,208.74689392728806
3277,459.2789334576275,198.11359346403836
3278,463.76447619872863,187.3730109949907
3279,467.9988822946635,176.5309627350278
3280,471.9798587398317,165.59331984454755
3281,475.70524976525934,154.56600525012692
3282,479.1730380059864,143.4549904371527
3283,482.38134559350493,132.2662922161563
3284,485.32843517265826,121.00596946460495
3285,488.0127108424495,109.68011984591304
3286,490.43271902024986,98.29487650744926
3287,492.58714922893967,86.85640475932904
3288,494.47483480655427,75.37089873579126
3289,496.0947535380527,63.844578040964244
3290,497.44602820886473,52.283684380840846
3291,498.5279270799182,40.69447818328484
3292,499.33986428388846,29.083235207898305
3293,499.8814001424562,17.45624314758688
3294,500.1522414044007,5.819798223664224
3295,500.1522414044007,-5.819798223664051
3296,499.8814001424562,-17.456243147586815
3297,499.33986428388846,-29.08323520789813
3298,498.5279270799182,-40.69447818328478
3299,497.44602820886473,-52.283684380840896
3300,496.0947535380527,-63.84457804096408
3301,494.4748348065543,-75.37089873579109
3302,492.58714922893967,-86.85640475932898
3303,490.4327190202499,-98.29487650744909
3304,488.0127108424495,-109.68011984591297
3305,485.32843517265826,-121.005969464605
3306,482.381345593505,-132.26629221615613
3307,479.1730380059864,-143.45499043715253
3308,475.7052497652594,-154.56600525012686
3309,471.97985873983174,-165.5933198445474
3310,467.99888229466353,-176.53096273502766
3311,463.76447619872863,-187.37301099499075
3312,459.2789334576275,-198.1135934640383
3313,454.54468307188415,-208.746893927288
3314,449.5642887215998,-219.26715426495625
3315,444.3404473781747,-229.6686775704811
3316,438.87598784385045,-239.94583123549882
3317,433.1738692198637,-250.09304999999992
3318,427.237179304041,-260.10483896601534
3319,421.0691329187014,-269.9757765732011
3320,414.67307016977344,-279.70051753470926
3321,408.05245463806904,-289.27379573175415
3322,401.21087150369374,-298.6904270653089
3323,394.1520256046073,-307.9453122633873
3324,386.8797394303899,-317.033439642388
3325,379.3979510522958,-325.9498878210113
3326,371.7107119907185,-334.68982838527256
3327,363.82218502122123,-343.24852850317416
3328,355.73664192031976,-351.6213534876178
3329,347.45846115224106,-359.8037693061687
3330,338.9921254979074,-367.7913450363141
3331,330.34221962743027,-375.5797552648874
3332,321.51342761743246,-383.16478243035345
3333,312.51053041453696,-390.5423191066941
3334,303.3384032463996,-397.7083702276515
3335,294.00201298168827,-404.6590552501269
3336,284.5064154404355,-411.3906102555628
3337,274.8567526562221,-417.8993899881721
3338,265.0582500916763,-424.18186982890774
3339,255.1162138087932,-430.234647704106
3340,245.0360275956077,-436.0544459277702
3341,234.82315005077984,-441.6381129764946
3342,224.4831116276665,-446.98262519607033
3343,214.0215116394828,-452.0850884388477
3344,203.44401522717664,-456.9427396309677
3345,192.75635029165352,-461.5529482686157
3346,181.9643043920177,-465.9132178424853
3347,171.07372161150738,-470.0211871896825
3348,160.09049939282,-473.87463177233656
3349,149.0205853445424,-477.47146488222734
3350,137.86997402041717,-480.8097387707736
3351,126.64470367318536,-483.88764570377407
3352,115.35085298476535,-486.7035189403269
3353,103.99453777454086,-489.2558336353995
3354,92.58190768753606,-491.5432076655587
3355,81.11914286427371,-493.56440237741583
3356,69.61245059412134,-495.31832325837803
3357,58.06806195393411,-496.8040205293474
3358,46.492228433815264,-498.02068965904215
3359,34.89121855182655,-498.96767179966554
3360,23.27131445947357,-499.64445414368237
3361,11.638808539809526,-500.05067020151444
3362,6.125513063429981e-14,-500.18610000000007
3363,-11.638808539809181,-500.05067020151444
3364,-23.271314459473224,-499.6444541436824
3365,-34.89121855182643,-498.96767179966554
3366,-46.49222843381492,-498.0206896590422
3367,-58.06806195393378,-496.8040205293474
3368,-69.61245059412144,-495.318323258378
3369,-81.11914286427358,-493.56440237741583
3370,-92.58190768753593,-491.5432076655588
3371,-103.99453777454096,-489.2558336353994
3372,-115.350852984765,-486.70351894032694
3373,-126.644703673185,-483.8876457037741
3374,-137.86997402041706,-480.8097387707736
3375,-149.02058534454207,-477.47146488222745
3376,-160.09049939281965,-473.87463177233667
3377,-171.07372161150727,-470.0211871896825
3378,-181.96430439201737,-465.91321784248544
3379,-192.7563502916532,-461.5529482686158
3380,-203.44401522717655,-456.94273963096776
3381,-214.0215116394827,-452.0850884388478
3382,-224.4831116276664,-446.9826251960704
3383,-234.82315005077993,-441.63811297649454
3384,-245.03602759560738,-436.05444592777036
3385,-255.11621380879285,-430.2346477041062
3386,-265.05825009167626,-424.1818698289078
3387,-274.8567526562218,-417.89938998817235
3388,-284.5064154404352,-411.390610255563
3389,-294.00201298168815,-404.659055250127
3390,-303.3384032463993,-397.70837022765176
3391,-312.5105304145367,-390.54231910669426
3392,-321.51342761743234,-383.1647824303535
3393,-330.34221962743,-375.57975526488764
3394,-338.9921254979071,-367.79134503631434
3395,-347.4584611522411,-359.8037693061686
3396,-355.7366419203197,-351.6213534876179
3397,-363.8221850212211,-343.2485285031742
3398,-371.71071199071855,-334.6898283852725
3399,-379.3979510522957,-325.9498878210114
3400,-386.8797394303897,-317.03343964238826
3401,-394.15202560460733,-307.94531226338717
3402,-401.2108715036936,-298.690427065309
3403,-408.052454638069,-289.27379573175426
3404,-414.6730701697735,-279.7005175347092
3405,-421.06913291870114,-269.9757765732016
3406,-427.2371793040409,-260.10483896601545
3407,-433.1738692198636,-250.09305000000026
3408,-438.87598784385017,-239.94583123549933
3409,-444.34044737817464,-229.6686775704812
3410,-449.5642887215997,-219.26715426495633
3411,-454.54468307188404,-208.74689392728834
3412,-459.2789334576275,-198.11359346403833
3413,-463.7644761987286,-187.37301099499086
3414,-467.9988822946634,-176.53096273502797
3415,-471.97985873983174,-165.5933198445474
3416,-475.70524976525934,-154.56600525012698
3417,-479.17303800598637,-143.45499043715287
3418,-482.381345593505,-132.26629221615616
3419,-485.32843517265826,-121.005969464605
3420,-488.01271084244945,-109.68011984591321
3421,-490.43271902024986,-98.29487650744943
3422,-492.58714922893967,-86.856404759329
3423,-494.47483480655427,-75.37089873579131
3424,-496.0947535380527,-63.844578040964414
3425,-497.4460282088648,-52.283684380840796
3426,-498.5279270799182,-40.69447818328491
3427,-499.33986428388846,-29.083235207898362
3428,-499.8814001424562,-17.45624314758672
3429,-500.1522414044007,-5.819798223664174
3430,-500.1522414044007,5.819798223663991
3431,-499.8814001424562,17.456243147586978
3432,-499.3398642838885,29.083235207897733
3433,-498.52792707991824,40.69447818328428
3434,-497.4460282088648,52.28368438084061
3435,-496.09475353805277,63.84457804096379
3436,-494.4748348065544,75.3708987357907
3437,-492.5871492289397,86.85640475932881
3438,-490.43271902025,98.29487650744882
3439,-488.0127108424496,109.6801198459126
3440,-485.3284351726583,121.00596946460483
3441,-482.381345593505,132.26629221615596
3442,-479.17303800598654,143.4549904371523
3443,-475.7052497652594,154.5660052501268
3444,-471.9798587398318,165.59331984454724
3445,-467.99888229466364,176.5309627350274
3446,-463.76447619872863,187.3730109949907
3447,-459.2789334576276,198.11359346403816
3448,-454.54468307188426,208.74689392728777
3449,-449.56428872159984,219.2671542649562
3450,-444.34044737817476,229.66867757048107
3451,-438.8759878438505,239.94583123549876
3452,-433.17386921986366,250.09305000000012
3453,-427.23717930404104,260.1048389660153
3454,-421.0691329187014,269.9757765732011
3455,-414.6730701697734,279.70051753470943
3456,-408.0524546380691,289.2737957317541
3457,-401.21087150369374,298.6904270653088
3458,-394.15202560460716,307.9453122633874
3459,-386.8797394303898,317.0334396423881
3460,-379.3979510522961,325.9498878210109
3461,-371.71071199071866,334.68982838527234
3462,-363.8221850212214,343.24852850317393
3463,-355.7366419203201,351.62135348761745
3464,-347.4584611522413,359.8037693061685
3465,-338.99212549790747,367.79134503631406
3466,-330.3422196274305,375.5797552648872
3467,-321.5134276174325,383.1647824303534
3468,-312.510530414537,390.54231910669404
3469,-303.3384032463998,397.70837022765136
3470,-294.0020129816883,404.6590552501269
3471,-284.50641544043555,411.39061025556276
3472,-274.85675265622234,417.899389988172
3473,-265.0582500916763,424.1818698289077
3474,-255.11621380879325,430.23464770410595
3475,-245.03602759560792,436.0544459277701
3476,-234.8231500507799,441.6381129764946
3477,-224.48311162766655,446.98262519607033
3478,-214.02151163948307,452.0850884388476
3479,-203.44401522717652,456.9427396309678
3480,-192.7563502916534,461.55294826861575
3481,-181.96430439201777,465.9132178424853
3482,-171.07372161150724,470.0211871896825
3483,-160.09049939281982,473.8746317723366
3484,-149.02058534454247,477.4714648822273
3485,-137.86997402041703,480.8097387707736
3486,-126.64470367318519,483.88764570377407
3487,-115.35085298476584,486.7035189403268
3488,-103.99453777454113,489.2558336353994
3489,-92.58190768753633,491.54320766555867
3490,-81.11914286427421,493.5644023774157
3491,-69.61245059412163,495.318323258378
3492,-58.068061953934176,496.8040205293474
3493,-46.492228433815555,498.02068965904215
3494,-34.891218551826604,498.96767179966554
3495,-23.271314459473633,499.64445414368237
3496,-11.63880853980981,500.05067020151444
3497,5.80404537423466,522.8167842163198
3498,17.40927524149776,522.5590817664217
3499,29.0059238753037,522.0438038911487
3500,40.588275153190914,521.2712045769351
3501,52.15062000003022,520.2416646469336
3502,63.687259202094076,518.9556915733032
3503,75.19250621626503,517.4139192270701
3504,86.6606899729988,515.6171075656856
3505,98.08615767165998,513.5661422584343
3506,109.46327756685315,511.2620342498767
3507,120.78644174437528,508.7059192615442
3508,132.05006888542172,505.8990572321275
3509,143.24860701768282,502.8428316964392
3510,154.37653625197547,499.53874910345303
3511,165.4283715030603,495.98843807375744
3512,176.3986651933039,492.19364859679035
3513,187.28200993785288,488.15625116824833
3514,198.0730412099965,483.87823586809844
3515,208.76643998540402,479.3617113796436
3516,219.35693536393345,474.60890395012945
3517,229.8393071677193,469.6221562934002
3518,240.2083885142587,464.4039264351487
3519,250.45906836322766,458.9567865013264
3520,260.58629403577197,453.2834214503132
3521,270.58507370503133,447.38662774946994
3522,280.4504788566685,441.26931199672765
3523,290.1776467181912,434.9344894878913
3524,299.7617826558688,428.3852827303661
3525,309.19816253806323,421.6249199040368
3526,318.48213506380785,414.65673327006095
3527,327.60912405548754,407.48415752835865
3528,336.57463071449007,400.11072812460895
3529,345.3742358387155,392.5400795075878
3530,354.0036020008527,384.7759433377065
3531,362.45847568634713,376.82214664763245
3532,370.7346893900073,368.6826099559007
3533,378.8281636702169,360.36134533444533
3534,386.7349091597384,351.862454431002
3535,394.45102853211824,343.19012644735875
3536,401.9727184227249,334.34863607444964
3537,409.2962713034707,325.34234138531025
3538,416.4180773102955,316.1756816869331
3539,423.33462602251075,306.85317533208126
3540,430.04250819312637,297.37941749214065
3541,436.538417429308,287.7590778921063
3542,442.81915182213646,277.996898508821
3543,448.8816155248657,268.09769123359996
3544,454.7228202789016,258.0663355003938
3545,460.33988688674907,247.90777588065913
3546,465.73004663120213,237.62701964612182
3547,470.89064264007635,227.22913430063488
3548,475.8191311958122,216.71924508234724
3549,480.513082989303,206.102532437414
3550,484.970184317329,195.3842294664952
3551,489.18823822300897,184.5696193452992
3552,493.16516557870597,173.66403272044448
3553,496.8990061108523,162.6728450819225
3554,500.3879193661926,151.60147411345574
3555,503.6301856189632,140.45537702205888
3556,506.62420671856574,129.24004784811873
3557,509.36850687731373,117.96101475731722
3558,511.86173339786563,106.62383731573526
3559,514.1026573399847,95.23410374947765
3560,516.0901741262984,83.79742819017177
3561,517.8233040867568,72.31944790769788
3562,519.3011929415236,60.80582053151213
3563,520.5231122220608,49.26222126193628
3564,521.4884596301986,37.694340072785884
3565,522.1967593350157,26.10787890671564
3566,522.6476622073819,14.508548864666128
3567,522.8409459920476,2.9020673907963155
3568,522.7765154171962,-8.705844545711683
3569,522.4544022414042,-20.309465270583683
3570,521.874765237988,-31.903075224733794
3571,521.0378901167416,-43.48095978350097
3572,519.9441893831076,-55.03741207345339
3573,518.5942021348487,-66.5667357853732
3574,516.9885937963194,-78.06324798203289
3575,515.1281557904709,-89.5212818993807
3576,513.0138051487501,-100.93518973975478
3577,510.6465840590835,-112.29934545574795
3578,508.0276593521711,-123.60814752335095
3579,505.15832192634167,-134.85602170300965
3580,502.03998611125445,-146.03742378723166
3581,498.67418897075936,-157.14684233339028
3582,495.06258954526055,-168.178801380379
3583,491.206968033956,-179.12786314777554
3584,487.10922491735704,-189.98863071618723
3585,482.771380020519,-200.7557506874552
3586,478.19557151744675,-211.42391582340568
3587,473.3840548771631,-221.98786766185003
3588,468.33920175196266,-232.44239910854137
3589,463.06349880839684,-242.78235700381097
3590,457.5595465015666,-253.00264466262158
3591,451.83005779332865,-263.0982243867817
3592,445.8778568150448,-273.0641199480854
3593,439.705877475535,-282.89541904115356
3594,433.31716201491923,-292.58727570476515
3595,426.71485950506326,-302.134912710488
3596,419.90222429736326,-311.5336239174303
3597,412.88261441863904,-320.778776591952
3598,405.65948991592376,-329.86581369119267
3599,398.2364111509666,-338.79025610929006
3600,390.61703704528855,-347.5477048851851
3601,382.80512327665883,-356.1338433709187
3602,374.80452042787715,-364.54443935935853
3603,366.61917208877605,-372.7753471703037
3604,358.25311291238154,-380.82250969393664
3605,349.7104666261842,-388.6819603906213
3606,340.9954439995073,-396.3498252460558
3607,332.11234076796876,-403.8223246808188
3608,323.065535516065,-411.0957754133679
3609,313.8594875189133,-418.16659227557284
3610,304.4987345442263,-425.0312899798848
3611,294.9878906155915,-431.68648483727617
3612,285.33164373816686,-438.1288964250998
3613,275.5347535879079,-444.3553492040474
3614,265.60204916546957,-450.3627740834088
3615,255.5384264159341,-456.14820993386377
3616,245.34884581554425,-461.708805047056
3617,235.0383299266265,-467.0418185412333
3618,224.6119609219129,-472.14462171226
3619,214.07487807947703,-477.0146993293363
3620,203.432275249527,-481.6496508747834
3621,192.6893982942952,-486.04719172728744
3622,181.8515425022908,-490.205154288016
3623,170.92404997819352,-494.12148904905166
3624,159.9123070096659,-497.794265603619
3625,148.8217414123908,-501.2216735976045
3626,137.6578198546377,-504.4020236219004
3627,126.42604516267984,-507.3337480451346
3628,115.1319536083848,-510.0154017863743
3629,103.78111218032514,-512.4456630274227
3630,92.37911583974271,-514.623333864359
3631,80.93158476272866,-516.5473408979988
3632,69.44416156997302,-518.2167357629851
3633,57.92250854545272,-519.6306955952488
3634,46.37230484542376,-520.7885234376072
3635,34.79924369910221,-521.6896485833033
3636,23.20902960240426,-522.3336268573131
3637,11.607375506132648,-522.7201408352845
3638,6.403053542873946e-14,-522.849
3639,-11.607375506132753,-522.7201408352845
3640,-23.209029602403902,-522.3336268573131
3641,-34.79924369910232,-521.6896485833033
3642,-46.37230484542363,-520.7885234376072
3643,-57.92250854545237,-519.6306955952488
3644,-69.44416156997289,-518.2167357629851
3645,-80.93158476272853,-516.5473408979988
3646,-92.37911583974235,-514.623333864359
3647,-103.78111218032502,-512.4456630274227
3648,-115.13195360838469,-510.0154017863743
3649,-126.42604516267949,-507.33374804513466
3650,-137.65781985463778,-504.4020236219004
3651,-148.82174141239065,-501.2216735976045
3652,-159.9123070096658,-497.79426560361907
3653,-170.9240499781934,-494.12148904905166
3654,-181.85154250229093,-490.20515428801593
3655,-192.68939829429485,-486.04719172728755
3656,-203.4322752495271,-481.6496508747834
3657,-214.07487807947692,-477.01469932933634
3658,-224.61196092191258,-472.1446217122602
3659,-235.03832992662637,-467.0418185412334
3660,-245.34884581554414,-461.70880504705605
3661,-255.5384264159338,-456.148209933864
3662,-265.6020491654695,-450.36277408340885
3663,-275.53475358790786,-444.35534920404746
3664,-285.33164373816675,-438.12889642509987
3665,-294.9878906155912,-431.6864848372764
3666,-304.4987345442262,-425.03128997988483
3667,-313.8594875189134,-418.1665922755728
3668,-323.06553551606476,-411.0957754133681
3669,-332.1123407679689,-403.8223246808187
3670,-340.9954439995072,-396.34982524605584
3671,-349.71046662618414,-388.68196039062144
3672,-358.2531129123814,-380.8225096939367
3673,-366.61917208877617,-372.77534717030363
3674,-374.8045204278769,-364.5444393593588
3675,-382.8051232766589,-356.13384337091867
3676,-390.6170370452885,-347.5477048851852
3677,-398.2364111509664,-338.7902561092903
3678,-405.65948991592364,-329.8658136911928
3679,-412.88261441863887,-320.7787765919523
3680,-419.902224297363,-311.5336239174306
3681,-426.71485950506303,-302.13491271048827
3682,-433.3171620149193,-292.58727570476503
3683,-439.70587747553463,-282.895419041154
3684,-445.87785681504477,-273.06411994808553
3685,-451.8300577933286,-263.0982243867818
3686,-457.55954650156656,-253.0026446626217
3687,-463.0634988083968,-242.7823570038111
3688,-468.3392017519626,-232.44239910854148
3689,-473.38405487716295,-221.98786766185034
3690,-478.19557151744664,-211.423915823406
3691,-482.7713800205191,-200.75575068745508
3692,-487.10922491735704,-189.98863071618726
3693,-491.206968033956,-179.12786314777554
3694,-495.0625895452605,-168.17880138037904
3695,-498.67418897075936,-157.14684233339042
3696,-502.0399861112544,-146.0374237872318
3697,-505.1583219263416,-134.85602170300987
3698,-508.02765935217104,-123.60814752335118
3699,-510.64658405908347,-112.29934545574821
3700,-513.01380514875,-100.93518973975569
3701,-515.1281557904708,-89.52128189938117
3702,-516.9885937963193,-78.06324798203336
3703,-518.5942021348487,-66.56673578537378
3704,-519.9441893831076,-55.03741207345352
3705,-521.0378901167416,-43.48095978350109
3706,-521.874765237988,-31.903075224734035
3707,-522.4544022414042,-20.309465270584393
3708,-522.7765154171962,-8.705844545711926
3709,-522.8409459920476,2.9020673907959553
3710,-522.647662207382,14.508548864665768
3711,-522.1967593350157,26.107878906715168
3712,-521.4884596301986,37.69434007278587
3713,-520.5231122220608,49.2622212619358
3714,-519.3011929415237,60.80582053151154
3715,-517.8233040867568,72.31944790769728
3716,-516.0901741262985,83.79742819017164
3717,-514.1026573399848,95.2341037494773
3718,-511.8617333978657,106.62383731573489
3719,-509.3685068773139,117.96101475731639
3720,-506.62420671856586,129.24004784811828
3721,-503.63018561896337,140.45537702205843
3722,-500.38791936619276,151.60147411345517
3723,-496.8990061108524,162.6728450819224
3724,-493.16516557870597,173.66403272044437
3725,-489.18823822300925,184.56961934529852
3726,-484.9701843173292,195.38422946649453
3727,-480.51308298930303,206.1025324374138
3728,-475.81913119581236,216.71924508234693
3729,-470.8906426400765,227.22913430063457
3730,-465.7300466312023,237.6270196461214
3731,-460.3398868867491,247.90777588065905
3732,-454.7228202789019,258.0663355003933
3733,-448.88161552486605,268.0976912335994
3734,-442.81915182213686,277.9968985088203
3735,-436.53841742930814,287.75907789210606
3736,-430.0425081931266,297.37941749214036
3737,-423.33462602251103,306.8531753320809
3738,-416.41807731029576,316.1756816869327
3739,-409.2962713034709,325.34234138530985
3740,-401.9727184227252,334.34863607444925
3741,-394.45102853211864,343.19012644735824
3742,-386.7349091597385,351.8624544310019
3743,-378.8281636702171,360.36134533444516
3744,-370.7346893900079,368.6826099559002
3745,-362.4584756863477,376.82214664763177
3746,-354.00360200085305,384.7759433377062
3747,-345.37423583871583,392.54007950758745
3748,-336.5746307144904,400.1107281246086
3749,-327.60912405548754,407.48415752835865
3750,-318.4821350638083,414.65673327006067
3751,-309.1981625380637,421.6249199040364
3752,-299.76178265586935,428.38528273036576
3753,-290.1776467181914,434.9344894878912
3754,-280.4504788566688,441.26931199672754
3755,-270.5850737050316,447.3866277494698
3756,-260.58629403577226,453.283421450313
3757,-250.459068363228,458.9567865013262
3758,-240.2083885142591,464.4039264351485
3759,-229.83930716771977,469.6221562934
3760,-219.35693536393396,474.6089039501292
3761,-208.76643998540413,479.36171137964357
3762,-198.07304120999666,483.87823586809833
3763,-187.28200993785353,488.15625116824816
3764,-176.3986651933046,492.19364859679007
3765,-165.4283715030606,495.9884380737573
3766,-154.3765362519758,499.5387491034529
3767,-143.24860701768324,502.8428316964391
3768,-132.05006888542178,505.89905723212746
3769,-120.78644174437581,508.70591926154407
3770,-109.46327756685372,511.2620342498766
3771,-98.08615767166062,513.5661422584341
3772,-86.66068997299901,515.6171075656856
3773,-75.19250621626531,517.41391922707
3774,-63.687259202094396,518.955691573303
3775,-52.150620000031054,520.2416646469335
3776,-40.58827515319133,521.271204576935
3777,-29.00592387530417,522.0438038911487
3778,-17.40927524149828,522.5590817664217
3779,-5.804045374235227,522.8167842163198
3780,0.0,546.0930000000001
3781,11.630318967360454,545.9691386238947
3782,23.25536210327153,545.5976106824936
3783,34.8698559695456,544.9785847110537
3784,46.468531913432884,544.1123415167224
3785,58.04612845762673,542.9992740511544
3786,69.59739368701392,541.6398872322595
3787,81.11708763108737,540.0347977151571
3788,92.59998464094029,538.1847336124443
3789,104.0408757597638,536.0905341639054
3790,115.43457108577246,533.7531493558083
3791,126.77590212648606,531.1736394899654
3792,138.05972414329935,528.3531747027514
3793,149.28091848527663,525.2930344342976
3794,160.43439491111198,521.9946068481029
3795,171.5150938982021,518.4593882013238
3796,182.5179889377849,514.6889821660327
3797,193.4380888151011,510.68509910174697
3798,204.2704398735464,506.4495552795638
3799,215.01012826178572,501.98427205824936
3800,225.652282162811,497.29127501265816
3801,236.19207400393068,492.37269301487646
3802,246.62472264668924,487.23075726850794
3803,256.9454955557225,481.867800296538
3804,267.14971094556535,476.2862548832382
3805,277.2327399044381,470.4886529705878
3806,287.19000849404773,464.4776245097161
3807,297.0169998244514,458.2558962678843
3808,306.7092561030416,451.826290591549
3809,316.26238065672356,445.19172412606883
3810,325.6720399263659,438.3552064926338
3811,334.9339654326225,431.31983892301884
3812,344.0439557122311,424.08881285278017
3813,352.9978782239128,416.6654084735325
3814,361.7916712230057,409.05299324496406
3815,370.4213456039835,401.25502036726505
3816,378.8829867100235,393.2750272146609
3817,387.1727561088018,385.1166337307626
3818,395.28689333371176,376.7835407864612
3819,403.22171758971444,368.27952850111103
3820,410.97362942304835,359.6084545277642
3821,418.53911235404,350.77425230323325
3822,425.9147344722761,341.78092926377656
3823,433.0971499934113,332.63256502721543
3824,440.0831007769084,323.33330954230735
3825,446.8694178040198,313.8873812062161
3826,453.45302261534164,304.2990649509304
3827,459.8309287072867,294.5727102995019
3828,466.00024288684506,284.7127293929822
3829,471.9581665840152,274.7235949889543
3830,477.7019971213124,264.609838432568
3831,483.22912893977696,254.37604760099666
3832,488.53705478092735,244.02686482225118
3833,493.62336682412166,233.56698476929205
3834,498.4857577788105,223.00115233039747
3835,503.1220219311875,212.33416045675216
3836,507.5300561447618,201.5708479882323
3837,511.70786081439775,190.71609745837657
3838,515.6535407733913,179.77483287953422
3839,519.3653061531694,168.7520175091982
3840,522.8414731952228,157.65265159853564
3841,526.0804650149058,146.481770124137
3842,529.0808123167544,135.24444050401266
3843,531.8411540609984,123.94576029887284
3844,534.3602380809663,112.59085489973462
3845,536.6369216511036,101.18487520290452
3846,538.670172005343,89.73299527338993
3847,540.4590668055962,78.24040999780188
3848,542.0027945601515,66.7123327278122
3849,543.3006549917885,55.15399291523425
3850,544.3520593554435,43.57063373979982
3851,545.1565307052801,31.967509730709484
3852,545.713704111045,20.34988438303442
3853,546.0233268236102,8.723027770049967
3854,546.085258389627,-2.9077858474131055
3855,545.8994707152397,-14.537280413518818
3856,545.4660480788294,-26.160180470788557
3857,544.7851870927835,-37.77121355319415
3858,543.8571966143062,-49.365112577891985
3859,542.6824976053132,-60.93661823451699
3860,541.2616229414714,-72.48048137094965
3861,539.5952171704716,-83.99146537447483
3862,537.684036219645,-95.46434854725376
3863,535.5289470530527,-106.89392647502827
3864,533.1309272782077,-118.27501438798672
3865,530.4910647026053,-129.60244951271676
3866,527.6105568402635,-140.8710934141816
3867,524.4907103684983,-152.07583432665479
3868,521.1329405351784,-163.21158947255677
3869,517.5387705167304,-174.2733073681426
3870,513.7098307271846,-185.25597011499354
3871,509.6478580785736,-196.15459567627292
3872,505.3546951930222,-206.96424013671472
3873,500.83228956688293,-217.67999994531883
3874,496.0826926872986,-228.29701413973712
3875,491.1080591015917,-238.8104665513377
3876,485.9106454399023,-249.21558798995235
3877,480.49280939151873,-259.5076584073113
3878,474.85700863536584,-269.682009038186
3879,469.0057997251334,-279.7340245182701
3880,462.9418369295542,-289.65914497783456
3881,456.66787102835417,-299.45286811020964
3882,450.1867480644243,-309.11075121415405
3883,443.5014080527767,-318.62841320918716
3884,436.6148836468736,-328.0015366229663
3885,429.5302987629324,-337.22586954981097
3886,422.25086716283226,-346.2972275794831
3887,414.7798909962627,-355.21149569535123
3888,407.12075930277854,-363.9646301410745
3889,399.27694647443917,-372.5526602549604
3890,391.25201067972796,-380.9716902711672
3891,383.04959224946975,-389.21790108692977
3892,374.67341202547834,-397.2875519950081
3893,366.1272696726789,-405.17698238057596
3894,357.4150419554766,-412.8826133817758
3895,348.5406809791507,-420.4009495131879
3896,339.50821239706977,-427.7285802514794
3897,330.32173358454605,-434.8621815825104
3898,320.98541178015364,-441.7985175091982
3899,311.50348219535437,-448.53444151945416
3900,301.88024609329017,-455.066898013528
3901,292.12006883761256,-461.392923690111
3902,282.227377912233,-467.5096488905718
3903,272.2066609128962,-473.4142989007109
3904,262.06246351148235,-479.1041952094482
3905,251.79938739396667,-484.57675672386847
3906,241.42208817296824,-489.8295009400757
3907,230.9352732758365,-494.86004506932545
3908,220.3436998092329,-499.6661071189227
3909,209.65217240117815,-504.2455069273962
3910,198.86554102153943,-508.59616715347994
3911,187.9886987819522,-512.7161142184518
3912,177.02657971617137,-516.6034792014027
3913,165.98415654185615,-520.256498687031
3914,154.86643840481105,-523.6735155655754
3915,143.6784686066998,-526.8529797845255
3916,132.42532231726415,-529.7934490517684
3917,121.11210427208962,-532.4935894898516
3918,109.74394645695595,-534.9521762410662
3919,98.32600577982821,-537.168094023077
3920,86.86346173154315,-539.1403376348433
3921,75.36151403624774,-540.8680124126074
3922,63.82538029266394,-542.3503346357379
3923,52.26029360724264,-543.5866318822465
3924,40.67150022028197,-544.5763433338172
3925,29.064257126089682,-545.31902003021
3926,17.44382968826709,-545.8143250729197
3927,5.81548925119466,-546.0620337780034
3928,-5.815489251194526,-546.0620337780034
3929,-17.4438296882672,-545.8143250729197
3930,-29.064257126090034,-545.31902003021
3931,-40.67150022028208,-544.5763433338172
3932,-52.260293607242744,-543.5866318822464
3933,-63.825380292664285,-542.3503346357379
3934,-75.36151403624785,-540.8680124126074
3935,-86.86346173154301,-539.1403376348433
3936,-98.32600577982853,-537.168094023077
3937,-109.74394645695605,-534.9521762410662
3938,-121.11210427208974,-532.4935894898516
3939,-132.4253223172645,-529.7934490517683
3940,-143.67846860669988,-526.8529797845255
3941,-154.8664384048114,-523.6735155655754
3942,-165.98415654185604,-520.256498687031
3943,-177.02657971617126,-516.6034792014027
3944,-187.98869878195254,-512.7161142184517
3945,-198.8655410215395,-508.59616715347994
3946,-209.65217240117823,-504.24550692739615
3947,-220.34369980923324,-499.6661071189225
3948,-230.93527327583658,-494.86004506932534
3949,-241.42208817296833,-489.82950094007566
3950,-251.79938739396678,-484.5767567238684
3951,-262.06246351148246,-479.10419520944816
3952,-272.20666091289627,-473.41429890071083
3953,-282.2273779122333,-467.5096488905716
3954,-292.1200688376126,-461.3929236901109
3955,-301.8802460932904,-455.0668980135278
3956,-311.5034821953544,-448.5344415194541
3957,-320.9854117801535,-441.79851750919823
3958,-330.32173358454617,-434.86218158251035
3959,-339.5082123970698,-427.72858025147934
3960,-348.54068097915075,-420.40094951318787
3961,-357.4150419554769,-412.88261338177557
3962,-366.127269672679,-405.17698238057585
3963,-374.6734120254784,-397.287551995008
3964,-383.04959224947,-389.21790108692954
3965,-391.25201067972785,-380.9716902711673
3966,-399.2769464744392,-372.5526602549603
3967,-407.1207593027788,-363.96463014107417
3968,-414.7798909962628,-355.2114956953511
3969,-422.25086716283244,-346.2972275794828
3970,-429.5302987629325,-337.2258695498109
3971,-436.61488364687364,-328.00153662296617
3972,-443.50140805277664,-318.6284132091873
3973,-450.18674806442436,-309.11075121415394
3974,-456.66787102835434,-299.4528681102093
3975,-462.94183692955414,-289.65914497783467
3976,-469.00579972513344,-279.73402451827
3977,-474.857008635366,-269.6820090381857
3978,-480.49280939151873,-259.5076584073112
3979,-485.91064543990234,-249.21558798995224
3980,-491.10805910159166,-238.81046655133784
3981,-496.0826926872987,-228.29701413973703
3982,-500.83228956688305,-217.67999994531863
3983,-505.3546951930222,-206.96424013671464
3984,-509.6478580785738,-196.15459567627275
3985,-513.7098307271848,-185.2559701149932
3986,-517.5387705167304,-174.27330736814253
3987,-521.1329405351784,-163.21158947255643
3988,-524.4907103684983,-152.07583432665479
3989,-527.6105568402635,-140.8710934141815
3990,-530.4910647026054,-129.60244951271642
3991,-533.1309272782078,-118.27501438798662
3992,-535.5289470530527,-106.89392647502804
3993,-537.6840362196451,-95.4643485472533
3994,-539.5952171704716,-83.99146537447473
3995,-541.2616229414714,-72.4804813709493
3996,-542.6824976053133,-60.93661823451652
3997,-543.8571966143062,-49.36511257789176
3998,-544.7851870927835,-37.77121355319368
3999,-545.4660480788294,-26.16018047078845
4000,-545.8994707152397,-14.537280413518953
4001,-546.085258389627,-2.9077858474131184
4002,-546.0233268236102,8.723027770050196
4003,-545.713704111045,20.34988438303429
4004,-545.1565307052801,31.967509730709594
4005,-544.3520593554435,43.570633739800044
4006,-543.3006549917885,55.15399291523424
4007,-542.0027945601514,66.71233272781242
4008,-540.4590668055962,78.24040999780222
4009,-538.670172005343,89.73299527338993
4010,-536.6369216511035,101.18487520290475
4011,-534.3602380809663,112.59085489973509
4012,-531.8411540609982,123.94576029887294
4013,-529.0808123167543,135.244440504013
4014,-526.0804650149058,146.4817701241371
4015,-522.8414731952229,157.6526515985354
4016,-519.3653061531694,168.75201750919808
4017,-515.6535407733913,179.7748328795343
4018,-511.7078608143978,190.7160974583764
4019,-507.5300561447618,201.5708479882323
4020,-503.1220219311874,212.33416045675227
4021,-498.4857577788103,223.0011523303979
4022,-493.6233668241216,233.56698476929213
4023,-488.53705478092724,244.02686482225144
4024,-483.2291289397767,254.37604760099708
4025,-477.70199712131233,264.60983843256815
4026,-471.9581665840151,274.72359498895463
4027,-466.00024288684483,284.71272939298257
4028,-459.8309287072866,294.57271029950215
4029,-453.45302261534164,304.2990649509304
4030,-446.86941780401975,313.8873812062162
4031,-440.0831007769085,323.33330954230723
4032,-433.0971499934113,332.63256502721543
4033,-425.914734472276,341.7809292637767
4034,-418.53911235404007,350.7742523032332
4035,-410.9736294230483,359.60845452776425
4036,-403.2217175897142,368.27952850111126
4037,-395.28689333371176,376.7835407864612
4038,-387.1727561088017,385.1166337307627
4039,-378.88298671002326,393.2750272146611
4040,-370.42134560398347,401.25502036726505
4041,-361.7916712230055,409.0529932449642
4042,-352.9978782239125,416.6654084735328
4043,-344.0439557122306,424.0888128527806
4044,-334.93396543262253,431.3198389230188
4045,-325.6720399263659,438.3552064926338
4046,-316.26238065672374,445.1917241260687
4047,-306.70925610304164,451.826290591549
4048,-297.01699982445126,458.2558962678844
4049,-287.1900084940475,464.4776245097163
4050,-277.2327399044381,470.4886529705878
4051,-267.14971094556523,476.2862548832383
4052,-256.9454955557221,481.86780029653823
4053,-246.62472264668915,487.23075726850794
4054,-236.1920740039304,492.3726930148766
4055,-225.65228216281056,497.2912750126584
4056,-215.01012826178558,501.9842720582494
4057,-204.27043987354605,506.4495552795639
4058,-193.4380888151006,510.6850991017472
4059,-182.51798893778513,514.6889821660326
4060,-171.51509389820217,518.4593882013238
4061,-160.4343949111118,521.9946068481029
4062,-149.28091848527683,525.2930344342976
4063,-138.05972414329935,528.3531747027514
4064,-126.77590212648585,531.1736394899655
4065,-115.43457108577252,533.7531493558083
4066,-104.04087575976368,536.0905341639054
4067,-92.59998464094,538.1847336124445
4068,-81.11708763108737,540.0347977151571
4069,-69.59739368701374,541.6398872322596
4070,-58.04612845762635,542.9992740511545
4071,-46.468531913432315,544.1123415167225
4072,-34.86985596954533,544.9785847110538
4073,-23.255362103271068,545.5976106824936
4074,-11.630318967360774,545.9691386238947
4075,5.8130502272811855,569.8884532561309
4076,17.436731618069512,569.6512978112922
4077,29.053156824213644,569.1770856123406
4078,40.657491744458426,568.466013999658
4079,52.24490730884401,567.5183788811605
4080,63.81058148829262,566.334574609158
4081,75.34970130126511,564.9150938162479
4082,86.85746481665262,563.2605272103079
4083,98.32908315206944,561.3715633286777
4084,109.75978246671603,559.2489882516278
4085,121.14480594798232,556.893685275238
4086,132.47941579096496,554.3066345438189
4087,143.75889517007465,551.4889126420309
4088,154.97855020191287,548.4416921468711
4089,166.1337118986018,545.1662411397118
4090,177.2197381107535,541.6639226785978
4091,188.23201545927114,537.9361942310173
4092,199.1659612551769,533.9846070673868
4093,210.0170254066691,529.8108056154995
4094,220.78069231261358,525.4165267762074
4095,231.4524827416827,520.8035992006211
4096,242.02795569635833,515.9739425291278
4097,252.5027102610252,510.929566592546
4098,262.8723874333835,505.6725705757464
4099,273.13267193842006,500.20514214409025
4100,283.27929402418243,494.52955653304576
4101,293.3080312386089,488.64817560136385
4102,303.21471018667535,482.5634468482052
4103,312.9952082671261,476.27790239462973
4104,322.64545538806925,469.7941579298699
4105,332.1614356607186,463.11491162282863
4106,341.53918907058056,456.2429429992538
4107,350.7748131253888,449.18111178505575
4108,359.8644644791015,441.9323567162509
4109,368.80436053128545,434.4996943160257
4110,377.59078100122076,426.88621763942933
4111,386.2200694760724,419.09509498621895
4112,394.68863493248267,411.1295685823917
4113,402.992953230953,402.992953230953
4114,411.1295685823917,394.6886349324827
4115,419.09509498621895,386.2200694760724
4116,426.8862176394293,377.5907810012208
4117,434.4996943160256,368.80436053128545
4118,441.9323567162508,359.8644644791015
4119,449.18111178505575,350.7748131253888
4120,456.2429429992538,341.53918907058056
4121,463.11491162282863,332.1614356607186
4122,469.79415792986987,322.64545538806925
4123,476.2779023946298,312.9952082671261
4124,482.5634468482052,303.2147101866753
4125,488.64817560136385,293.308031238609
4126,494.52955653304576,283.27929402418243
4127,500.20514214409025,273.13267193842006
4128,505.6725705757464,262.8723874333835
4129,510.92956659254594,252.5027102610252
4130,515.9739425291278,242.02795569635845
4131,520.8035992006211,231.4524827416828
4132,525.4165267762074,220.7806923126138
4133,529.8108056154995,210.01702540666915
4134,533.9846070673867,199.16596125517705
4135,537.9361942310173,188.23201545927117
4136,541.6639226785978,177.21973811075367
4137,545.1662411397118,166.13371189860192
4138,548.441692146871,154.978550201913
4139,551.4889126420309,143.75889517007474
4140,554.3066345438189,132.47941579096496
4141,556.893685275238,121.14480594798242
4142,559.2489882516278,109.75978246671612
4143,561.3715633286777,98.32908315206951
4144,563.2605272103079,86.85746481665268
4145,564.9150938162479,75.34970130126517
4146,566.334574609158,63.81058148829266
4147,567.5183788811605,52.24490730884416
4148,568.466013999658,40.65749174445843
4149,569.1770856123406,29.053156824213776
4150,569.6512978112922,17.436731618069498
4151,569.8884532561309,5.8130502272812885
4152,569.8884532561309,-5.813050227281093
4153,569.6512978112922,-17.436731618069427
4154,569.1770856123406,-29.053156824213577
4155,568.466013999658,-40.65749174445824
4156,567.5183788811605,-52.24490730884396
4157,566.334574609158,-63.81058148829247
4158,564.9150938162479,-75.3497013012651
4159,563.2605272103079,-86.8574648166525
4160,561.3715633286777,-98.32908315206932
4161,559.2489882516278,-109.75978246671593
4162,556.893685275238,-121.14480594798223
4163,554.3066345438189,-132.47941579096488
4164,551.4889126420309,-143.75889517007457
4165,548.4416921468711,-154.9785502019127
4166,545.1662411397119,-166.13371189860172
4167,541.6639226785979,-177.21973811075335
4168,537.9361942310173,-188.23201545927108
4169,533.9846070673868,-199.16596125517677
4170,529.8108056154996,-210.01702540666898
4171,525.4165267762074,-220.78069231261358
4172,520.8035992006212,-231.4524827416826
4173,515.9739425291278,-242.02795569635825
4174,510.92956659254605,-252.50271026102502
4175,505.6725705757465,-262.87238743338344
4176,500.2051421440903,-273.1326719384199
4177,494.5295565330458,-283.2792940241824
4178,488.6481756013639,-293.3080312386088
4179,482.5634468482053,-303.21471018667523
4180,476.27790239462985,-312.995208267126
4181,469.7941579298699,-322.6454553880692
4182,463.1149116228288,-332.1614356607185
4183,456.2429429992538,-341.53918907058056
4184,449.18111178505575,-350.7748131253887
4185,441.93235671625104,-359.8644644791013
4186,434.49969431602574,-368.80436053128534
4187,426.88621763942933,-377.5907810012208
4188,419.095094986219,-386.22006947607235
4189,411.1295685823918,-394.6886349324826
4190,402.992953230953,-402.99295323095293
4191,394.68863493248284,-411.12956858239147
4192,386.22006947607264,-419.0950949862188
4193,377.59078100122093,-426.8862176394292
4194,368.80436053128545,-434.4996943160257
4195,359.8644644791016,-441.93235671625075
4196,350.77481312538896,-449.1811117850556
4197,341.53918907058085,-456.2429429992536
4198,332.16143566071855,-463.1149116228287
4199,322.6454553880693,-469.79415792986987
4200,312.99520826712626,-476.2779023946297
4201,303.2147101866755,-482.5634468482051
4202,293.3080312386091,-488.64817560136373
4203,283.27929402418243,-494.52955653304576
4204,273.1326719384202,-500.20514214409013
4205,262.8723874333835,-505.6725705757464
4206,252.50271026102533,-510.9295665925459
4207,242.0279556963586,-515.9739425291277
4208,231.45248274168281,-520.8035992006211
4209,220.78069231261358,-525.4165267762074
4210,210.01702540666918,-529.8108056154995
4211,199.1659612551771,-533.9846070673867
4212,188.23201545927142,-537.9361942310172
4213,177.21973811075344,-541.6639226785978
4214,166.13371189860183,-545.1662411397118
4215,154.97855020191304,-548.441692146871
4216,143.7588951700749,-551.4889126420309
4217,132.4794157909651,-554.3066345438189
4218,121.14480594798232,-556.893685275238
4219,109.75978246671615,-559.2489882516278
4220,98.32908315206969,-561.3715633286776
4221,86.85746481665271,-563.2605272103079
4222,75.34970130126533,-564.9150938162479
4223,63.8105814882927,-566.334574609158
4224,52.2449073088442,-567.5183788811605
4225,40.65749174445847,-568.466013999658
4226,29.05315682421381,-569.1770856123406
4227,17.436731618069786,-569.6512978112922
4228,5.813050227281577,-569.8884532561309
4229,-5.8130502272811855,-569.8884532561309
4230,-17.43673161806939,-569.6512978112922
4231,-29.053156824213417,-569.1770856123406
4232,-40.65749174445808,-568.4660139996581
4233,-52.24490730884406,-567.5183788811605
4234,-63.810581488292556,-566.334574609158
4235,-75.34970130126494,-564.915093816248
4236,-86.85746481665257,-563.2605272103079
4237,-98.32908315206929,-561.3715633286777
4238,-109.75978246671576,-559.2489882516278
4239,-121.14480594798219,-556.893685275238
4240,-132.47941579096496,-554.3066345438189
4241,-143.75889517007454,-551.4889126420309
4242,-154.97855020191267,-548.4416921468711
4243,-166.13371189860143,-545.166241139712
4244,-177.21973811075355,-541.6639226785978
4245,-188.23201545927105,-537.9361942310173
4246,-199.16596125517674,-533.9846070673868
4247,-210.01702540666884,-529.8108056154996
4248,-220.7806923126135,-525.4165267762075
4249,-231.4524827416827,-520.8035992006211
4250,-242.02795569635822,-515.9739425291278
4251,-252.502710261025,-510.92956659254605
4252,-262.8723874333834,-505.6725705757465
4253,-273.13267193841983,-500.2051421440903
4254,-283.2792940241823,-494.5295565330458
4255,-293.3080312386088,-488.64817560136396
4256,-303.21471018667523,-482.5634468482053
4257,-312.9952082671259,-476.27790239462985
4258,-322.6454553880689,-469.79415792987004
4259,-332.16143566071844,-463.1149116228288
4260,-341.53918907058045,-456.2429429992538
4261,-350.7748131253887,-449.1811117850558
4262,-359.8644644791013,-441.93235671625104
4263,-368.80436053128517,-434.4996943160259
4264,-377.59078100122076,-426.88621763942933
4265,-386.22006947607235,-419.095094986219
4266,-394.68863493248256,-411.1295685823918
4267,-402.99295323095293,-402.99295323095305
4268,-411.12956858239147,-394.68863493248284
4269,-419.0950949862189,-386.2200694760725
4270,-426.8862176394292,-377.59078100122093
4271,-434.4996943160256,-368.80436053128545
4272,-441.9323567162509,-359.86446447910146
4273,-449.1811117850555,-350.77481312538896
4274,-456.2429429992537,-341.5391890705806
4275,-463.1149116228287,-332.16143566071855
4276,-469.79415792986964,-322.6454553880695
4277,-476.2779023946296,-312.99520826712626
4278,-482.5634468482052,-303.21471018667535
4279,-488.64817560136385,-293.3080312386089
4280,-494.52955653304565,-283.2792940241827
4281,-500.20514214409013,-273.13267193842023
4282,-505.6725705757464,-262.87238743338355
4283,-510.929566592546,-252.50271026102516
4284,-515.9739425291277,-242.02795569635862
4285,-520.8035992006211,-231.45248274168284
4286,-525.4165267762074,-220.78069231261412
4287,-529.8108056154996,-210.017025406669
4288,-533.9846070673867,-199.16596125517714
4289,-537.9361942310173,-188.23201545927125
4290,-541.6639226785977,-177.21973811075395
4291,-545.1662411397118,-166.13371189860212
4292,-548.441692146871,-154.97855020191307
4293,-551.4889126420309,-143.75889517007468
4294,-554.3066345438187,-132.4794157909654
4295,-556.8936852752379,-121.1448059479826
4296,-559.2489882516277,-109.75978246671669
4297,-561.3715633286777,-98.32908315206946
4298,-563.2605272103079,-86.8574648166525
4299,-564.9150938162479,-75.34970130126536
4300,-566.334574609158,-63.810581488292726
4301,-567.5183788811604,-52.24490730884449
4302,-568.466013999658,-40.65749174445875
4303,-569.1770856123406,-29.053156824213847
4304,-569.6512978112922,-17.436731618069565
4305,-569.8884532561309,-5.813050227281106
4306,-569.8884532561309,5.813050227280897
4307,-569.6512978112922,17.43673161806936
4308,-569.1770856123406,29.053156824213637
4309,-568.4660139996581,40.65749174445804
4310,-567.5183788811605,52.24490730884378
4311,-566.334574609158,63.810581488292016
4312,-564.9150938162479,75.34970130126517
4313,-563.2605272103079,86.8574648166528
4314,-561.3715633286777,98.32908315206926
4315,-559.2489882516278,109.75978246671599
4316,-556.893685275238,121.14480594798191
4317,-554.3066345438189,132.4794157909647
4318,-551.4889126420309,143.75889517007448
4319,-548.4416921468712,154.97855020191238
4320,-545.1662411397118,166.13371189860192
4321,-541.6639226785979,177.21973811075327
4322,-537.9361942310173,188.23201545927103
4323,-533.9846070673868,199.1659612551769
4324,-529.8108056154996,210.0170254066688
4325,-525.4165267762075,220.78069231261347
4326,-520.8035992006213,231.4524827416822
4327,-515.973942529128,242.02795569635796
4328,-510.9295665925459,252.5027102610254
4329,-505.6725705757465,262.8723874333834
4330,-500.20514214409025,273.13267193842006
4331,-494.52955653304593,283.2792940241821
4332,-488.64817560136396,293.3080312386087
4333,-482.5634468482056,303.2147101866748
4334,-476.2779023946301,312.9952082671257
4335,-469.7941579298698,322.64545538806937
4336,-463.11491162282886,332.16143566071844
4337,-456.24294299925384,341.53918907058045
4338,-449.18111178505563,350.77481312538885
4339,-441.9323567162511,359.86446447910123
4340,-434.49969431602574,368.8043605312853
4341,-426.88621763942973,377.5907810012204
4342,-419.0950949862192,386.2200694760721
4343,-411.12956858239147,394.6886349324829
4344,-402.99295323095305,402.9929532309529
4345,-394.6886349324827,411.1295685823917
4346,-386.2200694760727,419.09509498621867
4347,-377.590781001221,426.88621763942916
4348,-368.8043605312859,434.4996943160253
4349,-359.86446447910185,441.9323567162506
4350,-350.77481312538896,449.1811117850555
4351,-341.5391890705807,456.24294299925367
4352,-332.1614356607186,463.11491162282863
4353,-322.64545538806954,469.79415792986964
4354,-312.99520826712626,476.2779023946296
4355,-303.2147101866754,482.56344684820516
4356,-293.3080312386094,488.64817560136356
4357,-283.2792940241827,494.52955653304565
4358,-273.1326719384207,500.20514214408985
4359,-262.8723874333836,505.67257057574636
4360,-252.5027102610252,510.929566592546
4361,-242.02795569635865,515.9739425291277
4362,-231.45248274168287,520.8035992006211
4363,-220.78069231261415,525.4165267762072
4364,-210.0170254066695,529.8108056154994
4365,-199.16596125517717,533.9846070673867
4366,-188.23201545927128,537.9361942310173
4367,-177.2197381107535,541.6639226785978
4368,-166.13371189860214,545.1662411397118
4369,-154.97855020191312,548.441692146871
4370,-143.7588951700747,551.4889126420309
4371,-132.47941579096542,554.3066345438187
4372,-121.14480594798265,556.8936852752379
4373,-109.75978246671671,559.2489882516277
4374,-98.32908315206949,561.3715633286777
4375,-86.85746481665254,563.2605272103079
4376,-75.34970130126541,564.9150938162479
4377,-63.81058148829276,566.334574609158
4378,-52.24490730884452,567.5183788811604
4379,-40.657491744458795,568.466013999658
4380,-29.053156824213875,569.1770856123406
4381,-17.43673161807011,569.6512978112922
4382,-5.81305022728114,569.8884532561309
4383,0.0,594.3243000000001
4384,11.632433836710483,594.210450979722
4385,23.260411045294678,593.8689475368232
4386,34.87947670505352,593.2999205083984
4387,46.48517930948826,592.5035879005753
4388,58.07307247176546,591.4802548049928
4389,69.63871662822058,590.2303132819125
4390,81.1776807392475,588.7542422100132
4391,92.68554398692221,587.0526071029226
4392,104.15789746871033,585.1260598925567
4393,115.59034588660984,582.975338679351
4394,126.97850923108126,580.6012674494798
4395,138.3180244591209,578.0047557591686
4396,149.60454716583348,575.1867983862252
4397,160.83375324886444,572.1484749489188
4398,172.0013405650538,568.8909494923561
4399,183.10303057867662,565.4154700425116
4400,194.13457000063994,561.723368128082
4401,205.091732418006,557.8160582703506
4402,215.9703199132196,553.695037441254
4403,226.7661646724177,549.3618844898617
4404,237.47513058220585,544.818259537485
4405,248.09311481428992,540.0659033416512
4406,258.6160493973546,535.1066366291818
4407,269.0399027755886,529.942359398635
4408,279.3606813532577,524.5750501923759
4409,289.57443102473434,519.0067653385565
4410,299.6772386893985,513.2396381632925
4411,309.66523375082755,507.2758781733421
4412,319.5345895997032,501.1177702095979
4413,329.28152507986476,494.76767357171644
4414,338.90230593694923,488.22802111422135
4415,348.3932462490624,481.5013183144261
4416,357.7507098389315,474.5901423125334
4417,366.9711116670019,467.4971409242788
4418,376.05091920493925,460.22503162649724
4419,384.98665378901575,452.7766005160013
4420,393.7748919528584,445.15470124216904
4421,402.4122667390505,437.36225391365156
4422,410.895468989083,429.40224397961833
4423,419.2212486111628,421.27772108596935
4424,427.3864158253901,412.99179790695223
4425,435.38784238583,404.5476489526317
4426,443.22246277900877,395.9485093526687
4427,450.8872753983757,387.19767361687417
4428,458.3793436942818,378.29849437301436
4429,465.69579729903256,369.2543810823488
4430,472.83383312658634,360.0687987333943
4431,479.79071644647456,350.74526651441613
4432,486.5637819315345,341.28735646515275
4433,493.1504346790514,331.6986921082939
4434,499.54815120491986,321.9829470612328
4435,505.7544804104436,312.1438436286263
4436,511.7670445214021,302.18515137630334
4437,517.5835399990258,292.1106856870645
4438,523.2017384225295,281.92430629893033
4439,528.6194873428675,271.62991582639427
4440,533.8347111073812,261.23145826524996
4441,538.8454116550248,250.73291748156444
4442,543.6496692818649,240.13831568537537
4443,548.2456433765587,229.45171188969874
4444,552.6315731255303,218.6772003554365
4445,556.8057781875758,207.81890902277928
4446,560.7666593376365,196.8809979297068
4447,564.5126990794957,185.86765761819015
4448,568.0424622271632,174.78310752870823
4449,571.3545964547246,163.63159438369138
4450,574.447832814446,152.41739056051432
4451,577.3209862229345,141.14479245465787
4452,579.9729559151675,129.8181188336718
4453,582.4027258662198,118.44170918256347
4454,584.6093651805234,107.01992204125173
4455,586.5920284485129,95.55713333471836
4456,588.3499560705201,84.05773469650043
4457,589.8824745477917,72.5261317861636
4458,591.1889967405216,60.96674260140264
4459,592.2690220927956,49.383995785413234
4460,593.1221368243654,37.78232893018766
4461,593.7480140891762,26.16618687637907
4462,594.1464141005881,14.540020010392187
4463,594.3171842232438,2.908282559345783
4464,594.2602590315461,-8.724569115433601
4465,593.9756603347234,-20.354078225736927
4466,593.4634971684752,-31.97578926396202
4467,592.7239657531971,-43.58524971011043
4468,591.757349418806,-55.17801173764103
4469,590.5640184961886,-66.74963391752527
4470,589.1444301753214,-78.29568291985166
4471,587.4991283301117,-89.81173521232645
4472,585.6287433100273,-101.29337875502151
4473,583.5339916985971,-112.73621469071836
4474,581.2156760388726,-124.13585903020295
4475,578.6746845259573,-135.48794433186248
4476,575.9119906667204,-146.78812137494467
4477,572.928652906826,-158.03206082583338
4478,569.7258142252203,-169.21545489670822
4479,566.3047016962332,-180.33401899594645
4480,562.6666260194598,-191.38349336964117
4481,558.8129810176042,-202.3596447336001
4482,554.745243102477,-213.2582678952066
4483,550.4649707093516,-224.07518736451541
4484,545.9738036998942,-234.80625895397125
4485,541.2734627338994,-245.4473713661326
4486,536.3657486100685,-255.99444776879588
4487,531.2525415760877,-266.4434473569151
4488,525.9358006082643,-276.7903669007182
4489,520.4175626610025,-287.0312422794279
4490,514.699941886404,-297.16214999999994
4491,508.7851288242919,-307.17920870029394
4492,502.6753895629697,-317.07858063610473
4493,496.3730648710343,-326.85647315148293
4494,489.8805693005805,-336.5091401317791
4495,483.2003902621339,-346.03288343885987
4496,476.3350870716737,-355.424054327941
4497,469.28728997010415,-364.67905484549766
4498,462.059699115555,-373.79433920771584
4499,454.6550835488939,-382.76641515895625
4500,447.0762801328499,-391.5918453097097
4501,439.3261924651521,-400.267248453533
4502,431.40778976609965,-408.7893008624601
4503,423.3241057409924,-417.15473756039165
4504,415.078237417856,-425.3603535739739
4505,406.6733439609036,-433.4030051604934
4506,398.1126454601962,-441.2796110123085
4507,389.3994216979573,-448.9871534373634
4508,380.5370108920214,-456.52267951532895
4509,371.5288084168923,-463.8833022289273
4510,362.3782655029036,-471.0662015700099
4511,353.08888791398266,-478.0686256199596
4512,343.6642346045163,-484.88789160400995
4513,334.1079163558428,-491.5213869190711
4514,324.4235943928867,-497.9665701346727
4515,314.6149789814657,-504.22097196663896
4516,304.6858280068118,-510.2821962231228
4517,294.6399455338456,-516.147920722638
4518,284.48118034976045,-521.8158981837341
4519,274.2134244894731,-527.2839570859768
4520,263.84061174450073,-532.5500025019038
4521,253.36671615584652,-537.6120168996345
4522,242.7957504914594,-542.4680609158286
4523,232.13176470886023,-547.1162740986969
4524,221.37884440351843,-551.554875620779
4525,210.5411092435738,-555.7821649612155
4526,199.62271139150764,-559.796522557253
4527,188.6278339133616,-563.5964104247324
4528,177.56068917611714,-567.1803727473232
4529,166.42551723385174,-570.547036434276
4530,155.22658420328324,-573.6951116464835
4531,143.96818062933463,-576.6233922906436
4532,132.6546198413335,-579.3307564813398
4533,121.29023630048727,-581.8161669708587
4534,109.87938393926098,-584.0786715465808
4535,98.4264344932941,-586.1174033957935
4536,86.93577582649797,-587.9315814377852
4537,75.41181024997275,-589.520510623093
4538,63.85895283539039,-590.8835821997912
4539,52.28162972349047,-592.0202739467171
4540,40.68427642832988,-592.9301503735439
4541,29.07133613794796,-593.6128628876269
4542,17.44725801208613,-594.0681499275565
4543,5.816495477623763,-594.2958370633677
4544,-5.816495477623354,-594.2958370633677
4545,-17.447258012085985,-594.0681499275565
4546,-29.071336137947554,-593.612862887627
4547,-40.68427642832947,-592.9301503735439
4548,-52.28162972349006,-592.0202739467171
4549,-63.85895283538998,-590.8835821997914
4550,-75.41181024997235,-589.520510623093
4551,-86.93577582649758,-587.9315814377852
4552,-98.42643449329368,-586.1174033957936
4553,-109.87938393926082,-584.0786715465808
4554,-121.29023630048685,-581.8161669708587
4555,-132.6546198413331,-579.3307564813399
4556,-143.96818062933423,-576.6233922906437
4557,-155.2265842032831,-573.6951116464835
4558,-166.42551723385137,-570.547036434276
4559,-177.56068917611674,-567.1803727473233
4560,-188.6278339133612,-563.5964104247325
4561,-199.6227113915075,-559.796522557253
4562,-210.54110924357343,-555.7821649612156
4563,-221.37884440351803,-551.5548756207792
4564,-232.13176470885986,-547.1162740986971
4565,-242.79575049145927,-542.4680609158287
4566,-253.36671615584615,-537.6120168996347
4567,-263.84061174450034,-532.550002501904
4568,-274.2134244894727,-527.2839570859769
4569,-284.48118034976034,-521.8158981837342
4570,-294.6399455338452,-516.1479207226382
4571,-304.6858280068114,-510.2821962231231
4572,-314.61497898146536,-504.22097196663907
4573,-324.42359439288657,-497.96657013467274
4574,-334.1079163558425,-491.52138691907135
4575,-343.66423460451574,-484.88789160401035
4576,-353.0888879139823,-478.0686256199599
4577,-362.37826550290356,-471.06620157001
4578,-371.52880841689193,-463.8833022289275
4579,-380.53701089202104,-456.52267951532923
4580,-389.39942169795677,-448.9871534373639
4581,-398.1126454601959,-441.2796110123087
4582,-406.6733439609033,-433.40300516049376
4583,-415.07823741785575,-425.3603535739742
4584,-423.3241057409921,-417.15473756039194
4585,-431.40778976609914,-408.78930086246055
4586,-439.32619246515173,-400.2672484535332
4587,-447.07628013284966,-391.59184530971004
4588,-454.65508354889374,-382.76641515895636
4589,-462.05969911555457,-373.79433920771635
4590,-469.2872899701039,-364.679054845498
4591,-476.33508707167346,-355.4240543279413
4592,-483.20039026213374,-346.0328834388602
4593,-489.8805693005802,-336.5091401317794
4594,-496.3730648710342,-326.8564731514831
4595,-502.6753895629694,-317.07858063610536
4596,-508.78512882429175,-307.17920870029434
4597,-514.6999418864038,-297.16215000000034
4598,-520.4175626610023,-287.0312422794282
4599,-525.9358006082642,-276.7903669007183
4600,-531.2525415760875,-266.4434473569157
4601,-536.3657486100684,-255.99444776879648
4602,-541.2734627338991,-245.44737136613307
4603,-545.9738036998941,-234.80625895397162
4604,-550.4649707093516,-224.07518736451567
4605,-554.7452431024769,-213.2582678952072
4606,-558.8129810176041,-202.35964473360025
4607,-562.6666260194596,-191.3834933696417
4608,-566.3047016962331,-180.33401899594696
4609,-569.7258142252202,-169.21545489670848
4610,-572.9286529068258,-158.03206082583367
4611,-575.9119906667204,-146.7881213749448
4612,-578.6746845259572,-135.4879443318631
4613,-581.2156760388725,-124.13585903020336
4614,-583.5339916985971,-112.73621469071823
4615,-585.6287433100273,-101.29337875502179
4616,-587.4991283301117,-89.81173521232672
4617,-589.1444301753214,-78.29568291985181
4618,-590.5640184961884,-66.74963391752581
4619,-591.7573494188059,-55.178011737641434
4620,-592.7239657531971,-43.585249710110844
4621,-593.4634971684752,-31.97578926396296
4622,-593.9756603347234,-20.354078225737208
4623,-594.2602590315461,-8.724569115433615
4624,-594.3171842232438,2.9082825593457695
4625,-594.1464141005881,14.540020010391647
4626,-593.7480140891762,26.16618687637866
4627,-593.1221368243654,37.78232893018725
4628,-592.2690220927957,49.383995785412566
4629,-591.1889967405216,60.966742601401975
4630,-589.8824745477917,72.52613178616359
4631,-588.3499560705201,84.05773469649988
4632,-586.592028448513,95.55713333471795
4633,-584.6093651805234,107.01992204125146
4634,-582.4027258662198,118.44170918256333
4635,-579.9729559151676,129.81811883367115
4636,-577.3209862229346,141.1447924546574
4637,-574.4478328144461,152.41739056051432
4638,-571.3545964547247,163.6315943836911
4639,-568.0424622271632,174.78310752870794
4640,-564.5126990794959,185.86765761818998
4641,-560.7666593376368,196.88099792970618
4642,-556.805778187576,207.8189090227788
4643,-552.6315731255305,218.6772003554361
4644,-548.245643376559,229.45171188969798
4645,-543.649669281865,240.13831568537512
4646,-538.8454116550248,250.73291748156433
4647,-533.8347111073812,261.23145826524996
4648,-528.6194873428678,271.6299158263938
4649,-523.2017384225297,281.92430629893
4650,-517.583539999026,292.11068568706423
4651,-511.7670445214025,302.1851513763026
4652,-505.754480410444,312.14384362862575
4653,-499.54815120491986,321.9829470612327
4654,-493.15043467905167,331.6986921082936
4655,-486.5637819315348,341.2873564651524
4656,-479.7907164464748,350.7452665144158
4657,-472.83383312658646,360.06879873339415
4658,-465.695797299033,369.2543810823483
4659,-458.37934369428217,378.29849437301397
4660,-450.887275398376,387.1976736168738
4661,-443.22246277900894,395.9485093526684
4662,-435.38784238583025,404.54764895263156
4663,-427.3864158253902,412.9917979069521
4664,-419.2212486111632,421.27772108596884
4665,-410.8954689890834,429.40224397961794
4666,-402.4122667390508,437.3622539136512
4667,-393.7748919528587,445.15470124216876
4668,-384.9866537890163,452.77660051600077
4669,-376.05091920493936,460.2250316264971
4670,-366.97111166700194,467.49714092427877
4671,-357.7507098389319,474.59014231253315
4672,-348.39324624906266,481.50131831442593
4673,-338.9023059369496,488.2280211142212
4674,-329.2815250798654,494.767673571716
4675,-319.5345895997038,501.1177702095975
4676,-309.66523375082767,507.27587817334205
4677,-299.6772386893985,513.2396381632925
4678,-289.57443102473474,519.0067653385564
4679,-279.3606813532579,524.5750501923758
4680,-269.0399027755888,529.9423593986348
4681,-258.6160493973552,535.1066366291815
4682,-248.09311481429043,540.0659033416509
4683,-237.47513058220636,544.8182595374848
4684,-226.76616467241854,549.3618844898613
4685,-215.9703199132199,553.6950374412539
4686,-205.0917324180062,557.8160582703505
4687,-194.13457000064005,561.723368128082
4688,-183.10303057867714,565.4154700425114
4689,-172.00134056505422,568.890949492356
4690,-160.8337532488648,572.1484749489186
4691,-149.60454716583428,575.186798386225
4692,-138.3180244591211,578.0047557591686
4693,-126.97850923108136,580.6012674494798
4694,-115.59034588661036,582.9753386793509
4695,-104.15789746871079,585.1260598925566
4696,-92.68554398692255,587.0526071029226
4697,-81.17768073924778,588.7542422100132
4698,-69.63871662822127,590.2303132819123
4699,-58.073072471766054,591.4802548049927
4700,-46.48517930948823,592.5035879005753
4701,-34.87947670505394,593.2999205083983
4702,-23.260411045295005,593.8689475368232
4703,-11.632433836710721,594.210450979722
4704,5.807750015045784,619.2843675843295
4705,17.421207059535533,619.0665226283431
4706,29.028535865878535,618.6309093474424
4707,40.625653337253226,617.9776809768144
4708,52.208479968867664,617.1070673018585
4709,63.77294128300236,616.0193745773544
4710,75.31496926228462,614.7149854197319
4711,86.83050378069032,613.1943586724781
4712,98.31549403176993,611.45802924473
4713,109.76589995359598,609.5066079231113
4714,121.17769364993104,607.3407811568753
4715,132.54686080711636,604.9613108164348
4716,143.86940210618212,602.3690339253586
4717,155.14133462968348,599.5648623659334
4718,166.358693262767,596.5497825583919
4719,177.51753208797427,593.3248551139209
4720,188.61392577329318,589.8912144615707
4721,199.6439709529672,586.2500684491995
4722,210.60378760057793,582.4026979185886
4723,221.48952039391773,578.350456254884
4724,232.29734007117185,574.0947689105158
4725,243.0234447779336,569.6371329037695
4726,253.66406140457835,564.9791162921815
4727,264.2154469135258,560.1223576209452
4728,274.67388965592437,555.0685653465212
4729,285.0357106772934,549.8195172356565
4730,295.297265011665,544.3770597400212
4731,305.4549429637693,538.7431073466839
4732,315.50517137881315,532.9196419046552
4733,325.4444148994045,526.9087119277347
4734,335.2691772091809,520.7124318739077
4735,344.9760022627053,514.332981401545
4736,354.5614755011946,507.77260460266655
4737,364.0222250536553,501.0336092135398
4738,373.35492292300285,494.11836580289014
4739,382.5562861567472,487.0293069380087
4740,391.6230780018334,479.76892632905066
4741,400.55210904323064,472.3397779518257
4742,409.34023832586854,464.74447514938925
4743,417.9843744595281,456.9856897127492
4744,426.4814767062962,449.06615094101346
4745,434.8285560502023,440.98864468130716
4746,443.0226762486615,432.7560123487989
4747,451.060954865353,424.37114992717886
4748,458.9405642841718,415.837006949942
4749,466.65873270389545,407.1565854628345
4750,474.21274511321775,398.33293896782686
4751,481.5999442458055,389.36917134898755
4752,488.81773151504115,380.2684357806328
4753,495.86356792812563,371.03393361813863
4754,502.73497497921625,361.6689132718029
4755,509.4295355212882,352.1766690641569
4756,515.9448946164116,342.56054007112397
4757,522.2787603641452,332.8239089474372
4758,528.4289047077556,322.97020073672724
4759,534.3931642179784,313.0028816666978
4760,540.1694408540453,302.9254579298151
4761,545.7557027017089,292.7414744499387
4762,551.1499846880075,282.4545136353272
4763,556.3503892725165,272.06819411845913
4764,561.3550871148436,261.5861694831103
4765,566.1623177181345,251.01212697913664
4766,570.7703900483602,240.3497862254153
4767,575.1776831291704,229.60289790139802
4768,579.3826466121023,218.77524242773868
4769,583.3838013219456,207.87062863645943
4770,587.179739777069,196.89289243112225
4771,590.7691266845302,185.84589543747714
4772,594.1506994097882,174.73352364506263
4773,597.3232684208607,163.55968604023593
4774,600.2857177067634,152.3283132311127
4775,603.0370051700885,141.04335606490216
4776,605.5761629935813,129.70878423812144
4777,607.9022979805892,118.32858490018025
4778,610.0145918692593,106.9067612508261
4779,611.9123016203787,95.44733113194324
4780,613.5947596787516,83.95432561420007
4781,615.0613742080251,72.4317875790455
4782,616.3116292988777,60.88377029654849
4783,617.3450851505019,49.31433599958292
4784,618.1613782253106,37.72755445486244
4785,618.7602213768197,26.127501531321677
4786,619.1414039506564,14.51825776635307
4787,619.3047918586612,2.903906930401289
4788,619.2503276260561,-8.711465409581013
4789,618.978030411662,-20.323773327307325
4790,618.4879960011596,-31.92893197445988
4791,617.7803967733951,-43.52285901761165
4792,616.8554816397415,-55.101476074263886
4793,615.7135759565416,-66.6607101474942
4794,614.3550814106555,-78.19649505871098
4795,612.7804758781609,-89.70477287800682
4796,610.9903132562509,-101.18149535161267
4797,608.9852232683903,-112.62262532594825
4798,606.7659112427981,-124.0241381677654
4799,604.3331578643356,-135.3820231798896
4800,601.6878188998853,-146.69228501205848
4801,598.8308248973188,-157.95094506636153
4802,595.7631808581598,-169.15404289678625
4803,592.4859658840543,-180.29763760238083
4804,589.0003327971777,-191.37780921353968
4805,585.3075077347077,-202.39066007092663
4806,581.4087897175059,-213.3323161965507
4807,577.3055501931652,-224.19892865651008
4808,572.9992325535751,-234.98667491492802
4809,568.4913516271822,-245.69176017860167
4810,563.7834931461211,-256.31041873189173
4811,558.8773131884027,-266.83891526138433
4812,553.7745375953573,-277.273546169858
4813,548.476961364538,-287.6106408790941
4814,542.9864480182962,-297.84656312107114
4815,537.3049289482525,-307.9777122170912
4816,531.4344027358932,-318.00052434438635
4817,525.3769344495311,-327.91147378976126
4818,519.1346549178797,-337.70707418982795
4819,512.7097599804941,-347.38387975740073
4820,506.1045097153411,-356.9384864936174
4821,499.3212276437768,-366.3675333853585
4822,492.3622999132024,-375.6677035875481
4823,485.23017445769204,-384.835725589917
4824,477.92736013688676,-393.8683743678168
4825,470.45642585345433,-402.76247251668497
4826,462.8199996494312,-411.5148913697542
4827,455.0207677817573,-420.1225520986231
4828,447.0614737773348,-428.5824267962903
4829,438.94491746794273,-436.89153954227714
4830,430.6739540053406,-445.0469674494658
4831,422.25149285691606,-453.0458416922794
4832,413.68049678222644,-460.8853485158434
4833,404.9639807907893,-468.56273022578034
4834,396.1050110814975,-476.07528615827863
4835,387.106703964027,-483.42037363010184
4836,377.97222476261385,-490.59540886820406
4837,368.70478670259314,-497.59786791861904
4838,359.3076497800865,-504.4252875343095
4839,349.78411961523574,-511.075266041661
4840,340.13754628939006,-517.545464185315
4841,330.37132316665134,-523.8336059510464
4842,320.4888857001932,-529.9374793663953
4843,310.49371022377716,-535.8549372787688
4844,300.38931272888624,-541.5838981107429
4845,290.1792476279073,-547.1223465922972
4846,279.8671065038015,-552.4683344697232
4847,269.45651684669605,-557.6199811909598
4848,258.95114077784643,-562.5754745671127
4849,248.35467376141563,-567.3330714099267
4850,237.67084330452602,-571.8910981449839
4851,226.90340764603778,-576.2479514004159
4852,216.05615443451688,-580.4020985709203
4853,205.13289939585977,-584.3520783568825
4854,194.13748499103872,-588.0965012784163
4855,183.0737790644435,-591.6340501641395
4856,171.94567348329522,-594.9634806145132
4857,160.75708276860811,-598.0836214395835
4858,149.51194271818187,-600.9933750709697
4859,138.21420902211332,-603.6917179479537
4860,126.86785587130458,-606.1777008775381
4861,115.4768745594678,-608.4504493683418
4862,104.04527207911414,-610.5091639382191
4863,92.57706971201529,-612.3531203954927
4864,81.07630161464361,-613.981670093702
4865,69.54701339908188,-615.394240159776
4866,57.99326070990227,-616.590333695553
4867,46.41910779751615,-617.5695299525736
4868,34.82862608849898,-618.3314844800867
4869,23.225892753388393,-618.8759292462167
4870,11.614989272461738,-619.2026727322491
4871,7.584379686148261e-14,-619.3116000000001
4872,-11.614989272461314,-619.2026727322491
4873,-23.225892753387964,-618.8759292462167
4874,-34.82862608849883,-618.3314844800867
4875,-46.41910779751599,-617.5695299525736
4876,-57.99326070990184,-616.590333695553
4877,-69.54701339908173,-615.394240159776
4878,-81.07630161464348,-613.981670093702
4879,-92.57706971201486,-612.3531203954927
4880,-104.04527207911399,-610.5091639382191
4881,-115.47687455946792,-608.4504493683418
4882,-126.86785587130417,-606.1777008775382
4883,-138.2142090221132,-603.6917179479537
4884,-149.511942718182,-600.9933750709696
4885,-160.75708276860772,-598.0836214395837
4886,-171.94567348329534,-594.9634806145132
4887,-183.07377906444336,-591.6340501641395
4888,-194.13748499103832,-588.0965012784164
4889,-205.13289939585985,-584.3520783568825
4890,-216.05615443451674,-580.4020985709204
4891,-226.90340764603735,-576.2479514004161
4892,-237.6708433045261,-571.8910981449839
4893,-248.35467376141548,-567.3330714099267
4894,-258.95114077784604,-562.5754745671129
4895,-269.4565168466961,-557.6199811909597
4896,-279.8671065038013,-552.4683344697232
4897,-290.1792476279069,-547.1223465922974
4898,-300.38931272888607,-541.583898110743
4899,-310.4937102237771,-535.8549372787688
4900,-320.488885700193,-529.9374793663953
4901,-330.37132316665117,-523.8336059510465
4902,-340.13754628938995,-517.545464185315
4903,-349.7841196152356,-511.07526604166117
4904,-359.3076497800863,-504.42528753430963
4905,-368.704786702593,-497.5978679186191
4906,-377.9722247626137,-490.5954088682041
4907,-387.1067039640269,-483.4203736301019
4908,-396.1050110814973,-476.07528615827874
4909,-404.963980790789,-468.56273022578057
4910,-413.6804967822263,-460.8853485158436
4911,-422.2514928569162,-453.0458416922793
4912,-430.6739540053403,-445.0469674494662
4913,-438.9449174679426,-436.8915395422772
4914,-447.06147377733487,-428.5824267962902
4915,-455.020767781757,-420.12255209862343
4916,-462.81999964943117,-411.5148913697543
4917,-470.4564258534544,-402.7624725166848
4918,-477.9273601368865,-393.8683743678171
4919,-485.2301744576921,-384.83572558991693
4920,-492.3622999132023,-375.6677035875482
4921,-499.3212276437767,-366.3675333853586
4922,-506.1045097153412,-356.9384864936173
4923,-512.709759980494,-347.3838797574009
4924,-519.1346549178797,-337.70707418982806
4925,-525.3769344495312,-327.91147378976115
4926,-531.4344027358931,-318.0005243443865
4927,-537.3049289482525,-307.9777122170913
4928,-542.9864480182963,-297.84656312107103
4929,-548.4769613645379,-287.6106408790942
4930,-553.7745375953571,-277.2735461698583
4931,-558.8773131884025,-266.8389152613847
4932,-563.7834931461211,-256.3104187318918
4933,-568.4913516271822,-245.69176017860195
4934,-572.999232553575,-234.98667491492856
4935,-577.3055501931652,-224.19892865651022
4936,-581.4087897175059,-213.33231619655098
4937,-585.3075077347074,-202.39066007092717
4938,-589.0003327971777,-191.37780921353982
4939,-592.4859658840542,-180.2976376023812
4940,-595.7631808581596,-169.1540428967868
4941,-598.8308248973188,-157.95094506636167
4942,-601.6878188998853,-146.69228501205836
4943,-604.3331578643356,-135.3820231798896
4944,-606.7659112427981,-124.02413816776553
4945,-608.9852232683903,-112.62262532594814
4946,-610.990313256251,-101.18149535161227
4947,-612.7804758781609,-89.70477287800644
4948,-614.3550814106555,-78.19649505871087
4949,-615.7135759565416,-66.66071014749434
4950,-616.8554816397415,-55.10147607426404
4951,-617.7803967733951,-43.52285901761098
4952,-618.4879960011597,-31.928931974459477
4953,-618.978030411662,-20.32377332730707
4954,-619.2503276260561,-8.71146540958089
4955,-619.3047918586612,2.903906930401137
4956,-619.1414039506564,14.51825776635278
4957,-618.7602213768197,26.12750153132221
4958,-618.1613782253106,37.72755445486284
4959,-617.3450851505019,49.31433599958319
4960,-616.3116292988777,60.883770296548484
4961,-615.0613742080251,72.43178757904549
4962,-613.5947596787518,83.95432561419977
4963,-611.9123016203787,95.44733113194323
4964,-610.0145918692592,106.9067612508266
4965,-607.9022979805891,118.3285849001805
4966,-605.5761629935813,129.70878423812144
4967,-603.0370051700886,141.043356064902
4968,-600.2857177067634,152.32831323111296
4969,-597.3232684208607,163.55968604023593
4970,-594.1506994097881,174.733523645063
4971,-590.7691266845302,185.84589543747728
4972,-587.1797397770692,196.89289243112225
4973,-583.3838013219456,207.87062863645926
4974,-579.3826466121023,218.77524242773882
4975,-575.1776831291704,229.60289790139797
4976,-570.7703900483601,240.34978622541567
4977,-566.1623177181345,251.01212697913675
4978,-561.3550871148436,261.58616948311015
4979,-556.3503892725163,272.0681941184595
4980,-551.1499846880074,282.45451363532743
4981,-545.7557027017089,292.7414744499387
4982,-540.1694408540452,302.9254579298154
4983,-534.3931642179784,313.00288166669793
4984,-528.4289047077556,322.9702007367272
4985,-522.278760364145,332.82390894743753
4986,-515.9448946164115,342.5605400711241
4987,-509.4295355212882,352.1766690641569
4988,-502.73497497921596,361.66891327180326
4989,-495.8635679281256,371.03393361813875
4990,-488.81773151504086,380.2684357806332
4991,-481.5999442458053,389.3691713489877
4992,-474.2127451132177,398.33293896782703
4993,-466.65873270389545,407.15658546283447
4994,-458.94056428417156,415.8370069499423
4995,-451.0609548653529,424.371149927179
4996,-443.0226762486612,432.7560123487993
4997,-434.8285560502021,440.9886446813074
4998,-426.4814767062962,449.0661509410135
4999,-417.98437445952817,456.98568971274915
5000,-409.3402383258683,464.7444751493894
5001,-400.55210904323053,472.3397779518258
5002,-391.6230780018331,479.76892632905094
5003,-382.55628615674703,487.0293069380088
5004,-373.3549229230028,494.1183658028902
5005,-364.0222250536554,501.0336092135397
5006,-354.56147550119437,507.77260460266666
5007,-344.9760022627048,514.3329814015453
5008,-335.26917720918055,520.7124318739079
5009,-325.44441489940425,526.9087119277348
5010,-315.50517137881315,532.9196419046551
5011,-305.4549429637695,538.7431073466838
5012,-295.2972650116649,544.3770597400212
5013,-285.03571067729297,549.8195172356568
5014,-274.6738896559241,555.0685653465214
5015,-264.2154469135257,560.1223576209452
5016,-253.66406140457838,564.9791162921815
5017,-243.0234447779338,569.6371329037695
5018,-232.29734007117122,574.0947689105161
5019,-221.48952039391725,578.3504562548841
5020,-210.60378760057765,582.4026979185887
5021,-199.6439709529671,586.2500684491995
5022,-188.61392577329326,589.8912144615707
5023,-177.51753208797453,593.3248551139208
5024,-166.35869326276685,596.549782558392
5025,-155.14133462968303,599.5648623659335
5026,-143.86940210618184,602.3690339253586
5027,-132.54686080711627,604.9613108164348
5028,-121.17769364993114,607.3407811568753
5029,-109.76589995359623,609.5066079231112
5030,-98.31549403176984,611.45802924473
5031,-86.83050378068988,613.1943586724781
5032,-75.31496926228436,614.714985419732
5033,-63.772941283002304,616.0193745773544
5034,-52.20847996886779,617.1070673018585
5035,-40.625653337252984,617.9776809768146
5036,-29.028535865878492,618.6309093474424
5037,-17.421207059535124,619.0665226283431
5038,-5.807750015045567,619.2843675843295
5039,0.0,644.8800000000001
5040,11.609403035058776,644.7754928354286
5041,23.21504330559217,644.462005213899
5042,34.81315926663768,643.9396387409894
5043,46.39999181196326,643.2085627227377
5044,57.97178549244446,642.2690141107682
5045,69.5247897332564,641.1212974254923
5046,81.05526004948557,639.7657846574091
5047,92.55945925976825,638.2029151465382
5048,104.0336586975614,636.4331954400237
5049,115.474139419654,634.4571991279557
5050,126.87719341152673,632.2755666574617
5051,138.2391247891697,629.8890051251287
5052,149.55625099696846,627.2982880478249
5053,160.8249040012699,624.5042551119908
5054,172.0414314792419,621.5078119014864
5055,183.20219800264024,618.3099296040793
5056,194.30358621610014,614.9116446966691
5057,205.34199800957018,611.3140586093516
5058,216.31385568450824,607.5183373684304
5059,227.21560311346212,603.5257112184913
5060,238.04370689265843,599.3374742236649
5061,248.79465748722677,594.9549838482014
5062,259.46497036868703,590.3796605164989
5063,270.05118714433263,585.6129871527243
5064,280.5498766781421,580.6565087001775
5065,290.95763620285663,575.5118316205552
5066,301.2710924228633,570.1806233732734
5067,311.4869026075254,564.6646118750228
5068,321.6017556746068,558.9655849397266
5069,331.61237326343866,553.0853896990861
5070,341.51551079748003,547.025932003901
5071,351.30795853592946,540.7891758063562
5072,360.98654261404505,534.3771425234788
5073,370.5481260718372,527.7919103819705
5074,379.9896098707995,521.0356137446247
5075,389.30793389834923,514.1104424185514
5076,398.5000779596512,507.0186409454312
5077,407.56306275650354,499.76250787402864
5078,416.49395085296885,492.34439501520166
5079,425.2898476274366,484.766706679648
5080,433.9479022108095,477.0318988986353
5081,442.4653084105084,469.14247862796844
5082,450.83930561999733,461.10100293545094
5083,459.0671797135336,452.91007817210505
5084,467.14626392585257,444.57235912741794
5085,475.0739397165019,436.0905481688884
5086,482.84763761854686,427.4673943661536
5087,490.46483807136826,418.7056925999772
5088,497.923072237287,409.80828265639246
5089,505.2199228017471,400.7780483062874
5090,512.3530247568006,391.61791637073696
5091,519.3200661676378,382.3308557723799
5092,526.1187889219179,372.9198765731513
5093,532.7469894616526,363.3880289986807
5094,539.202519497409,353.73840244967255
5095,545.4832867046002,343.9741245005894
5096,551.5872554016355,334.0983598859638
5097,557.5124472097121,324.1143094746637
5098,563.2569416940346,314.02520923244856
5099,568.8188769862539,303.83432917314826
5100,574.1964503879243,293.5449722988084
5101,579.3879189547815,283.16047352914154
5102,584.3916000616555,272.68419862063564
5103,589.2058719478314,262.119543075666
5104,593.8291742426841,251.46993104196793
5105,598.260008471416,240.73881420282322
5106,602.4969385407323,229.9296706583234
5107,606.538591204299,219.04600379807073
5108,610.3836565078295,208.09134116568146
5109,614.0308882136599,197.0692333154623
5110,617.4791042046701,185.98325266162647
5111,620.7271868674248,174.83699232042733
5112,623.7740834544073,163.6340649455795
5113,626.6188064252285,152.37810155735016
5114,629.2604337667024,141.07275036569504
5115,631.6981092916831,129.72167558782544
5116,633.9310429165665,118.32855626058476
5117,635.9585109173677,106.89708504802404
5118,637.7798561642885,95.43096704455837
5119,639.3944883347033,83.93391857409698
5120,640.8018841044898,72.4096659855311
5121,642.0015873176459,60.861944444975144
5122,642.9932091341358,49.29449672514768
5123,643.7764281559186,37.71107199228932
5124,644.350990531117,26.11542459100623
5125,644.7167100362952,14.511312827436708
5126,644.8734681368159,2.902497751133777
5127,644.8212140252583,-8.707258063942858
5128,644.5599646378871,-20.314191738926755
5129,644.0898046491616,-31.914541309645816
5130,643.4108864442923,-43.504546945924616
5131,642.5234300698511,-55.080452170197304
5132,641.4277231624503,-66.63850507503174
5133,640.124120855517,-78.17495953917445
5134,638.6130456641881,-89.68607644171816
5135,636.8949873483684,-101.16812487400263
5136,634.9705027539926,-112.61738334885099
5137,632.8402156325436,-124.030141006756
5138,630.5048164388871,-135.4026988186181
5139,627.9650621074846,-146.73137078465203
5140,625.221775807062,-158.01248512906812
5141,622.2758466738084,-169.24238549014558
5142,619.1282295231957,-180.41743210530765
5143,615.7799445405096,-191.53400299081906
5144,612.2320769501941,-202.58849511571864
5145,608.4857766641157,-213.57732556961176
5146,604.5422579088607,-224.4969327239387
5147,600.4027988321884,-235.3437773863479
5148,596.0687410887663,-246.1143439477949
5149,591.5414894053213,-256.80514152199964
5150,586.8225111253491,-267.4127050768897
5151,581.9133357335282,-277.93359655766363
5152,576.8155543599934,-288.3644060011111
5153,571.530819264628,-298.7017526408294
5154,566.0608433015458,-308.9422860029733
5155,560.4073993639305,-319.0826869921907
5156,554.5723198094175,-329.11966896738517
5157,548.5574958662022,-339.04997880696243
5158,542.3648770200671,-348.87039796320886
5159,535.9964703825269,-358.57774350546777
5160,529.4543400402976,-368.16886915177
5161,522.740606386296,-377.64066628858666
5162,515.8574454323941,-386.99006497837206
5163,508.8070881041427,-396.2140349545727
5164,501.5918195176985,-405.3095866037771
5165,494.2139782391871,-414.27377193469107
5166,486.6759555267426,-423.10368553361974
5167,478.9801945554674,-431.7964655061535
5168,471.12918962556756,-440.3492944047442
5169,463.12548535391545,-448.75940014188046
5170,454.97167584930446,-457.02405688855765
5171,446.67040387166486,-465.1405859577552
5172,438.22435997550775,-473.10635667263733
5173,429.63628163788206,-480.918787219188
5174,420.90895237111874,-488.575345483015
5175,412.04520082065915,-496.0735498700398
5176,403.04789984825044,-503.4109701108179
5177,393.91996560081526,-510.5852280482198
5178,384.66435656528574,-517.5939984082262
5179,375.2840726097204,-524.4350095535788
5180,365.7821540110045,-531.1060442200502
5181,356.16168046945756,-537.6049402350876
5182,346.4257701106578,-543.9295912186041
5183,336.57757847481827,-550.0779472656832
5184,326.620297494031,-556.048015610982
5185,316.5571544577218,-561.837861274612
5186,306.3914109666387,-567.4456076892941
5187,296.12636187572576,-572.8694373085781
5188,285.7653342262136,-578.1075921959342
5189,275.3116861672837,-583.158374594524
5190,264.7688058676428,-588.0201474774675
5191,254.14011041737498,-592.691335078424
5192,243.42904472041377,-597.1704234023207
5193,232.63908037800556,-601.4559607160577
5194,221.77371456351278,-605.546558019036
5195,210.83646888893614,-609.4408894933493
5196,199.83088826350982,-613.1376929335015
5197,188.76053974475062,-616.6357701555032
5198,177.62901138232525,-619.9339873852198
5199,166.43991105511532,-623.0312756258433
5200,155.19686530185396,-625.9266310043681
5201,143.90351814571738,-628.6191150969602
5202,132.5635299132463,-631.1078552331131
5203,121.18057604798543,-633.3920447784915
5204,109.75834591922118,-635.4709433963733
5205,98.30054162620907,-637.3438772876021
5206,86.81087679827199,-639.0102394089747
5207,75.29307539116336,-640.4694896699925
5208,63.750870480081595,-641.7211551079113
5209,52.18800304973189,-642.7648300410356
5210,40.60822078181996,-643.6001762002053
5211,29.015276840381105,-644.226922838433
5212,17.412928655325008,-644.6448668186575
5213,5.804936704605343,-644.8538726795829
5214,-5.8049367046048985,-644.8538726795829
5215,-17.412928655324567,-644.6448668186575
5216,-29.015276840380658,-644.226922838433
5217,-40.60822078181952,-643.6001762002053
5218,-52.188003049731456,-642.7648300410356
5219,-63.75087048008115,-641.7211551079115
5220,-75.29307539116292,-640.4694896699926
5221,-86.81087679827155,-639.0102394089749
5222,-98.30054162620891,-637.3438772876021
5223,-109.75834591922076,-635.4709433963734
5224,-121.18057604798499,-633.3920447784916
5225,-132.56352991324587,-631.1078552331131
5226,-143.90351814571721,-628.6191150969603
5227,-155.19686530185353,-625.9266310043681
5228,-166.4399110551149,-623.0312756258434
5229,-177.62901138232482,-619.93398738522
5230,-188.76053974475047,-616.6357701555032
5231,-199.83088826350968,-613.1376929335015
5232,-210.83646888893568,-609.4408894933495
5233,-221.77371456351264,-605.546558019036
5234,-232.63908037800513,-601.4559607160579
5235,-243.42904472041388,-597.1704234023207
5236,-254.14011041737456,-592.6913350784241
5237,-264.7688058676427,-588.0201474774675
5238,-275.3116861672833,-583.1583745945242
5239,-285.7653342262137,-578.1075921959341
5240,-296.1263618757253,-572.8694373085783
5241,-306.39141096663855,-567.4456076892943
5242,-316.5571544577214,-561.8378612746122
5243,-326.6202974940311,-556.0480156109818
5244,-336.5775784748179,-550.0779472656834
5245,-346.4257701106577,-543.9295912186042
5246,-356.1616804694572,-537.6049402350878
5247,-365.7821540110046,-531.1060442200502
5248,-375.28407260972006,-524.435009553579
5249,-384.6643565652856,-517.5939984082263
5250,-393.9199656008149,-510.5852280482201
5251,-403.04789984825055,-503.41097011081786
5252,-412.0452008206588,-496.0735498700401
5253,-420.90895237111863,-488.57534548301504
5254,-429.63628163788167,-480.9187872191883
5255,-438.2243599755078,-473.1063566726372
5256,-446.6704038716646,-465.14058595775555
5257,-454.9716758493044,-457.02405688855777
5258,-463.1254853539152,-448.75940014188075
5259,-471.12918962556745,-440.34929440474434
5260,-478.9801945554672,-431.79646550615354
5261,-486.6759555267423,-423.1036855336201
5262,-494.213978239187,-414.27377193469124
5263,-501.5918195176984,-405.30958660377723
5264,-508.8070881041424,-396.21403495457304
5265,-515.8574454323939,-386.9900649783724
5266,-522.7406063862958,-377.640666288587
5267,-529.4543400402973,-368.16886915177037
5268,-535.9964703825269,-358.57774350546794
5269,-542.364877020067,-348.870397963209
5270,-548.5574958662022,-339.04997880696254
5271,-554.5723198094175,-329.1196689673853
5272,-560.4073993639303,-319.08268699219104
5273,-566.0608433015456,-308.9422860029737
5274,-571.5308192646278,-298.7017526408298
5275,-576.8155543599931,-288.3644060011115
5276,-581.9133357335282,-277.93359655766375
5277,-586.8225111253491,-267.41270507688984
5278,-591.541489405321,-256.8051415220003
5279,-596.0687410887663,-246.11434394779494
5280,-600.4027988321882,-235.34377738634834
5281,-604.5422579088606,-224.49693272393912
5282,-608.4857766641157,-213.57732556961204
5283,-612.2320769501941,-202.58849511571893
5284,-615.7799445405095,-191.5340029908192
5285,-619.1282295231956,-180.4174321053078
5286,-622.2758466738082,-169.24238549014615
5287,-625.221775807062,-158.01248512906812
5288,-627.9650621074846,-146.73137078465246
5289,-630.504816438887,-135.40269881861855
5290,-632.8402156325436,-124.03014100675631
5291,-634.9705027539925,-112.61738334885129
5292,-636.8949873483683,-101.16812487400279
5293,-638.613045664188,-89.68607644171901
5294,-640.124120855517,-78.17495953917461
5295,-641.4277231624503,-66.6385050750319
5296,-642.523430069851,-55.080452170197894
5297,-643.4108864442923,-43.50454694592462
5298,-644.0898046491616,-31.91454130964626
5299,-644.5599646378871,-20.314191738927196
5300,-644.8212140252583,-8.707258063943158
5301,-644.8734681368159,2.9024977511334753
5302,-644.7167100362952,14.51131282743655
5303,-644.350990531117,26.1154245910055
5304,-643.7764281559186,37.71107199228874
5305,-642.9932091341358,49.29449672514781
5306,-642.0015873176459,60.86194444497471
5307,-640.8018841044898,72.40966598553081
5308,-639.3944883347033,83.9339185740967
5309,-637.7798561642885,95.43096704455823
5310,-635.9585109173677,106.89708504802387
5311,-633.9310429165668,118.3285562605842
5312,-631.6981092916832,129.72167558782485
5313,-629.2604337667024,141.07275036569516
5314,-626.6188064252286,152.37810155734974
5315,-623.7740834544074,163.6340649455792
5316,-620.7271868674251,174.8369923204265
5317,-617.4791042046701,185.9832526616263
5318,-614.03088821366,197.06923331546213
5319,-610.3836565078298,208.09134116568092
5320,-606.5385912042992,219.0460037980702
5321,-602.4969385407323,229.92967065832354
5322,-598.2600084714161,240.73881420282282
5323,-593.8291742426842,251.46993104196764
5324,-589.2058719478316,262.1195430756653
5325,-584.3916000616556,272.68419862063547
5326,-579.3879189547815,283.16047352914154
5327,-574.1964503879245,293.54497229880786
5328,-568.8188769862542,303.83432917314786
5329,-563.2569416940345,314.0252092324487
5330,-557.5124472097123,324.11430947466346
5331,-551.5872554016356,334.0983598859636
5332,-545.4832867046007,343.9741245005888
5333,-539.2025194974091,353.7384024496724
5334,-532.7469894616526,363.3880289986807
5335,-526.1187889219183,372.91987657315093
5336,-519.3200661676382,382.3308557723795
5337,-512.3530247568003,391.61791637073713
5338,-505.21992280174726,400.7780483062872
5339,-497.9230722372871,409.8082826563923
5340,-490.4648380713687,418.7056925999767
5341,-482.8476376185469,427.46739436615337
5342,-475.07393971650197,436.0905481688884
5343,-467.14626392585296,444.5723591274175
5344,-459.0671797135341,452.9100781721047
5345,-450.8393056199973,461.1010029354511
5346,-442.46530841050867,469.1424786279682
5347,-433.94790221080973,477.0318988986352
5348,-425.2898476274372,484.7667066796475
5349,-416.4939508529689,492.3443950152016
5350,-407.5630627565036,499.7625078740286
5351,-398.50007795965166,507.01864094543083
5352,-389.30793389834963,514.1104424185511
5353,-379.9896098707998,521.0356137446245
5354,-370.5481260718375,527.7919103819703
5355,-360.9865426140453,534.3771425234786
5356,-351.30795853593,540.7891758063556
5357,-341.5155107974801,547.0259320039008
5358,-331.61237326343866,553.0853896990861
5359,-321.60175567460726,558.9655849397263
5360,-311.4869026075253,564.6646118750228
5361,-301.2710924228636,570.1806233732733
5362,-290.9576362028569,575.511831620555
5363,-280.54987667814225,580.6565087001775
5364,-270.0511871443328,585.6129871527241
5365,-259.46497036868715,590.3796605164988
5366,-248.79465748722734,594.9549838482012
5367,-238.04370689265897,599.3374742236648
5368,-227.21560311346204,603.5257112184914
5369,-216.3138556845086,607.5183373684301
5370,-205.3419980095705,611.3140586093515
5371,-194.3035862161004,614.9116446966691
5372,-183.20219800264044,618.3099296040792
5373,-172.04143147924202,621.5078119014864
5374,-160.82490400127048,624.5042551119906
5375,-149.55625099696894,627.2982880478248
5376,-138.23912478916958,629.8890051251288
5377,-126.8771934115271,632.2755666574615
5378,-115.47413941965432,634.4571991279556
5379,-104.03365869756222,636.4331954400236
5380,-92.55945925976843,638.2029151465382
5381,-81.05526004948565,639.7657846574091
5382,-69.52478973325698,641.1212974254923
5383,-57.971785492444994,642.2690141107681
5384,-46.399991811963126,643.2085627227377
5385,-34.81315926663805,643.9396387409893
5386,-23.215043305592477,644.462005213899
5387,-11.609403035059579,644.7754928354286
5388,5.807369232025687,671.004369831414
5389,17.42036783295509,670.8033397761334
5390,29.02814736577418,670.4013398933216
5391,40.62723018910523,669.798490620434
5392,52.21414126706766,668.9949725685484
5393,63.78540921038405,667.9910264682558
5394,75.33756731639359,666.7869530975378
5395,86.86715460766148,665.383113191655
5396,98.37071686887292,663.7799273350726
5397,109.84480768170154,661.9778758354543
5398,121.28598945734149,659.977498579765
5399,132.6908344663945,657.7793948725226
5400,144.05592586580303,655.3842232562487
5401,155.37785872252195,652.7927013141723
5402,166.65324103362187,650.005605455245
5403,177.87869474251895,647.0237706815321
5404,189.05085675102615,643.8480903380495
5405,200.1663799269233,640.4795158451211
5406,211.22193410674356,636.9190564133378
5407,222.2142070934761,633.167778741202
5408,233.13990564888658,629.2268066955495
5409,243.9957564801571,625.0973209748431
5410,254.77850722055075,620.7805587554412
5411,265.484927403807,616.2778133209449
5412,276.11180943197553,611.5904336747351
5413,286.65596953639914,606.7198241358174
5414,297.1142487315569,601.6674439180939
5415,307.4835137614834,596.4348066931891
5416,317.760658038478,591.02348013696
5417,327.9426025738265,585.4350854598274
5418,338.0262969002517,579.671296921068
5419,348.00871998582164,573.7338413272134
5420,357.8868811390371,567.6244975147064
5421,367.6578209048305,561.3450958169686
5422,377.31861195120587,554.8975175160414
5423,386.86635994625505,548.2836942789606
5424,396.2982044252872,541.5056075790383
5425,405.61131964781214,534.565288102221
5426,414.80291544411966,527.4648151387054
5427,423.87023805120305,520.2063159599916
5428,432.8105709377744,512.7919651815615
5429,441.621235618126,505.2239841113739
5430,450.29959245459315,497.5046400843689
5431,458.84304144837853,489.6362457831851
5432,467.2490230185008,481.62115854528923
5433,475.5150187686337,473.461779656728
5434,483.63855224160756,465.16055363271283
5435,491.6171896613451,456.7199674852537
5436,499.44854066201,448.1425499780608
5437,507.13025900415084,439.4308708689377
5438,514.6600432776244,430.587540139893
5439,522.0356375910878,421.61520721520066
5440,529.2548322478549,412.5165601676436
5441,536.3154644079112,403.2943249131787
5442,543.215418735892,393.9512643942645
5443,549.9526280348273,384.49017775209416
5444,556.5250738654661,374.91389948798593
5445,562.9307871509915,365.2252986141777
5446,569.1678487669479,355.42727779428355
5447,575.2343901162028,345.52277247366834
5448,581.12859368877,335.5147500000001
5449,586.8486936063288,325.4062087342456
5450,592.3929761512723,315.2001771523746
5451,597.759780280131,304.8997129380405
5452,602.9474981212145,294.5079020665119
5453,607.9545754563217,284.0278578801273
5454,612.7795121863791,273.46272015555144
5455,617.4208627808639,262.81565416311065
5456,621.8772367108786,252.08984971849213
5457,626.1472988657479,241.2885202270883
5458,630.2297699530112,230.41490172127467
5459,634.1234268816947,219.47225189090764
5460,637.827103128743,208.46384910733525
5461,641.3396890885051,197.39299144121034
5462,644.660132405167,186.26299567440302
5463,647.7874382880337,175.07719630630683
5464,650.7206698095637,163.8389445548369
5465,653.4589481860688,152.5516073524194
5466,656.0014530409941,141.21856633727265
5467,658.3474226506984,129.84321684028322
5468,660.4961541726649,118.42896686777863
5469,662.4470038560685,106.97923608050341
5470,664.1993872346414,95.49745476910338
5471,665.7527793017767,83.98706282642488
5472,667.106714667818,72.45150871693814
5473,668.2607876994881,60.8942484435911
5474,669.2146526414153,49.318744512406255
5475,669.96802371972,37.72846489512819
5476,670.5206752276312,26.126881990234686
5477,670.8724415931079,14.517471582619962
5478,671.0232174284431,2.903711802264903
5479,670.9729575618376,-8.710917917796024
5480,670.721677050934,-20.322937883898124
5481,670.2694511783044,-31.928869184247873
5482,669.6164154288969,-43.52523473119028
5483,668.7627654494444,-55.108560302928936
5484,667.7087569898501,-66.67537558438899
5485,666.4547058265657,-78.22221520690832
5486,665.0009876679859,-89.74561978644681
5487,663.3480380418879,-101.24213696000405
5488,661.4963521649495,-112.70832241993187
5489,659.4464847943837,-124.1407409458346
5490,657.1990500617363,-135.53596743374626
5491,654.7547212888944,-146.8905879222774
5492,652.1142307863621,-158.20120061542318
5493,649.2783696338633,-169.46441690172728
5494,646.2479874433379,-180.67686236949496
5495,643.0239921044015,-191.83517781775276
5496,639.607349512345,-202.93602026265123
5497,635.9990832787573,-213.976063939008
5498,632.2002744248556,-224.95200129669328
5499,628.2120610576151,-235.8605439915576
5500,624.035638028798,-246.69842387060595
5501,619.6722565769807,-257.4623939511222
5502,615.1232239526875,-268.1492293934517
5503,610.3899030267447,-278.7557284671496
5504,605.4737118819703,-289.2787135102044
5505,600.3761233883215,-299.71503188105385
5506,595.0986647616296,-310.0615569031022
5507,589.6429171060535,-320.3151888014583
5508,584.010514940386,-330.4728556316167
5509,578.2031457083604,-340.53151419979736
5510,572.2225492730984,-350.4881509746751
5511,566.0705173958554,-360.33978299021976
5512,559.7488931992161,-370.0834587393804
5513,553.2595706149027,-379.7162590583443
5514,546.6044938163607,-389.2352980011065
5515,539.7856566362939,-398.637723704086
5516,532.805101969319,-407.9207192405329
5517,525.664921159925,-417.08150346446655
5518,518.3672533759135,-426.1173318438968
5519,510.91428496751394,-435.025497283072
5520,503.3082488123629,-443.80333093351476
5521,495.5514236465418,-452.4482029935977
5522,487.6461333818795,-460.95752349641964
5523,479.5947464097161,-469.3287430857503
5524,471.3996748913445,-477.55935377980484
5525,463.06337403533587,-485.64688972262627
5526,454.58834136197095,-493.58892792284377
5527,445.9771159549928,-501.38308897959155
5528,437.23227770090756,-509.02703779536756
5529,428.3564465160629,-516.5184842756177
5530,419.3522815617308,-523.8551840148392
5531,410.2224804474352,-531.0349389689945
5532,400.9697784227585,-538.055598114037
5533,391.59694755787456,-544.9150580903462
5534,382.1067959130451,-551.6112638328885
5535,372.5021666973396,-558.1422091869039
5536,362.7859374168209,-564.5059375089413
5537,352.96101901245567,-570.700542253062
5538,343.0303549880111,-576.7241675420315
5539,332.99692052819114,-582.5750087233331
5540,322.86372160728627,-588.2513129098336
5541,312.63379408859396,-593.7513795049412
5542,302.31020281488946,-599.073560712097
5543,291.89604069020936,-604.2162620284478
5544,281.3944277532329,-609.1779427225518
5545,270.80851024253076,-613.9571162959766
5546,260.1414596539645,-618.5523509286461
5547,249.39647179052182,-622.9622699078087
5548,238.57676580486537,-627.185552040495
5549,227.68558323489057,-631.2209320493403
5550,216.72618703257237,-635.0672009516572
5551,205.70186058640095,-638.7232064216416
5552,194.61590673769027,-642.1878531356045
5553,183.47164679106254,-645.4601031001264
5554,172.27241951939973,-648.538975963035
5555,161.02158016355907,-651.4235493071161
5556,149.72249942715985,-654.1129589264642
5557,138.37856246673283,-656.6063990853963
5558,126.99316787754381,-658.9031227598456
5559,115.56972667538669,-661.0024418611678
5560,104.11166127465997,-662.903727442289
5561,92.62240446302356,-664.6064098861357
5562,81.10539837295235,-666.1099790762895
5563,69.564093450487,-667.413984549816
5564,58.00194742149409,-668.5180356322217
5565,46.42242425574833,-669.4218015544978
5566,34.82899312913946,-670.1250115522181
5567,23.225127384324338,-670.6274549466582
5568,11.614303490125861,-670.928981207914
5569,8.21774129308449e-14,-671.0295000000001
5570,-11.614303490125995,-670.928981207914
5571,-23.225127384324473,-670.6274549466582
5572,-34.8289931291396,-670.1250115522181
5573,-46.422424255748474,-669.4218015544978
5574,-58.00194742149423,-668.5180356322217
5575,-69.56409345048742,-667.413984549816
5576,-81.10539837295248,-666.1099790762895
5577,-92.62240446302398,-664.6064098861357
5578,-104.1116612746601,-662.903727442289
5579,-115.56972667538712,-661.0024418611678
5580,-126.99316787754394,-658.9031227598456
5581,-138.37856246673323,-656.6063990853961
5582,-149.72249942716024,-654.1129589264641
5583,-161.02158016355946,-651.4235493071159
5584,-172.2724195194002,-648.5389759630349
5585,-183.47164679106297,-645.4601031001262
5586,-194.61590673769038,-642.1878531356044
5587,-205.70186058640078,-638.7232064216416
5588,-216.72618703257248,-635.0672009516571
5589,-227.68558323489043,-631.2209320493404
5590,-238.5767658048655,-627.185552040495
5591,-249.39647179052193,-622.9622699078087
5592,-260.1414596539646,-618.552350928646
5593,-270.8085102425308,-613.9571162959766
5594,-281.394427753233,-609.1779427225518
5595,-291.8960406902095,-604.2162620284477
5596,-302.3102028148893,-599.0735607120971
5597,-312.6337940885941,-593.7513795049412
5598,-322.86372160728615,-588.2513129098336
5599,-332.99692052819154,-582.5750087233329
5600,-343.0303549880114,-576.7241675420313
5601,-352.961019012456,-570.7005422530618
5602,-362.7859374168212,-564.5059375089411
5603,-372.50216669733993,-558.1422091869036
5604,-382.1067959130454,-551.6112638328884
5605,-391.59694755787467,-544.9150580903461
5606,-400.9697784227589,-538.0555981140367
5607,-410.22248044743515,-531.0349389689947
5608,-419.3522815617309,-523.8551840148391
5609,-428.35644651606304,-516.5184842756175
5610,-437.2322777009076,-509.02703779536756
5611,-445.9771159549929,-501.3830889795915
5612,-454.5883413619711,-493.5889279228437
5613,-463.063374035336,-485.6468897226262
5614,-471.3996748913444,-477.559353779805
5615,-479.59474640971615,-469.32874308575026
5616,-487.6461333818794,-460.95752349641975
5617,-495.5514236465419,-452.4482029935976
5618,-503.30824881236293,-443.8033309335146
5619,-510.914284967514,-435.0254972830719
5620,-518.3672533759135,-426.1173318438967
5621,-525.6649211599253,-417.0815034644665
5622,-532.8051019693194,-407.9207192405326
5623,-539.7856566362938,-398.6377237040861
5624,-546.6044938163608,-389.23529800110646
5625,-553.2595706149029,-379.7162590583441
5626,-559.7488931992164,-370.0834587393801
5627,-566.0705173958556,-360.3397829902194
5628,-572.2225492730983,-350.48815097467525
5629,-578.2031457083602,-340.5315141997974
5630,-584.010514940386,-330.4728556316166
5631,-589.6429171060536,-320.3151888014581
5632,-595.0986647616298,-310.0615569031018
5633,-600.3761233883216,-299.71503188105345
5634,-605.4737118819704,-289.2787135102043
5635,-610.389903026745,-278.75572846714937
5636,-615.1232239526876,-268.1492293934516
5637,-619.6722565769808,-257.46239395112195
5638,-624.0356380287982,-246.69842387060552
5639,-628.2120610576151,-235.86054399155765
5640,-632.2002744248556,-224.95200129669314
5641,-635.9990832787574,-213.97606393900773
5642,-639.6073495123451,-202.9360202626508
5643,-643.0239921044015,-191.8351778177528
5644,-646.247987443338,-180.67686236949478
5645,-649.2783696338635,-169.46441690172713
5646,-652.1142307863622,-158.20120061542306
5647,-654.7547212888944,-146.89058792227772
5648,-657.1990500617363,-135.53596743374644
5649,-659.4464847943837,-124.14074094583461
5650,-661.4963521649495,-112.70832241993175
5651,-663.3480380418879,-101.24213696000434
5652,-665.0009876679859,-89.74561978644698
5653,-666.4547058265657,-78.22221520690833
5654,-667.7087569898501,-66.675375584389
5655,-668.7627654494445,-55.10856030292881
5656,-669.6164154288969,-43.5252347311906
5657,-670.2694511783044,-31.92886918424819
5658,-670.721677050934,-20.322937883898284
5659,-670.9729575618376,-8.710917917796039
5660,-671.0232174284431,2.9037118022644406
5661,-670.8724415931079,14.517471582619647
5662,-670.5206752276312,26.12688199023452
5663,-669.96802371972,37.72846489512818
5664,-669.2146526414153,49.318744512406234
5665,-668.2607876994882,60.89424844359065
5666,-667.106714667818,72.45150871693784
5667,-665.7527793017767,83.98706282642472
5668,-664.1993872346414,95.49745476910321
5669,-662.4470038560686,106.97923608050282
5670,-660.496154172665,118.42896686777817
5671,-658.3474226506985,129.84321684028293
5672,-656.0014530409941,141.21856633727248
5673,-653.4589481860688,152.55160735241924
5674,-650.7206698095638,163.8389445548363
5675,-647.7874382880337,175.07719630630638
5676,-644.6601324051671,186.2629956744027
5677,-641.339689088505,197.39299144121077
5678,-637.8271031287433,208.46384910733468
5679,-634.123426881695,219.4722518909072
5680,-630.2297699530112,230.4149017212748
5681,-626.1472988657478,241.28852022708855
5682,-621.8772367108785,252.0898497184924
5683,-617.420862780864,262.81565416311054
5684,-612.7795121863791,273.46272015555144
5685,-607.9545754563217,284.02785788012744
5686,-602.9474981212144,294.50790206651203
5687,-597.7597802801313,304.8997129380402
5688,-592.3929761512725,315.20017715237447
5689,-586.8486936063288,325.4062087342456
5690,-581.12859368877,335.5147500000001
5691,-575.2343901162027,345.5227724736685
5692,-569.167848766948,355.4272777942833
5693,-562.9307871509916,365.22529861417746
5694,-556.5250738654661,374.9138994879859
5695,-549.9526280348273,384.4901777520942
5696,-543.2154187358922,393.95126439426406
5697,-536.3154644079115,403.29432491317857
5698,-529.254832247855,412.5165601676434
5699,-522.0356375910878,421.61520721520066
5700,-514.6600432776243,430.5875401398931
5701,-507.13025900415107,439.4308708689374
5702,-499.44854066201015,448.1425499780606
5703,-491.6171896613452,456.71996748525356
5704,-483.63855224160767,465.1605536327128
5705,-475.5150187686341,473.46177965672763
5706,-467.2490230185011,481.621158545289
5707,-458.84304144837876,489.6362457831849
5708,-450.2995924545933,497.5046400843688
5709,-441.62123561812604,505.22398411137385
5710,-432.8105709377748,512.7919651815613
5711,-423.8702380512034,520.2063159599912
5712,-414.80291544411995,527.4648151387051
5713,-405.61131964781225,534.5652881022208
5714,-396.29820442528774,541.5056075790379
5715,-386.86635994625544,548.2836942789603
5716,-377.3186119512062,554.8975175160411
5717,-367.6578209048307,561.3450958169685
5718,-357.88688113903726,567.6244975147063
5719,-348.00871998582215,573.7338413272131
5720,-338.02629690025213,579.6712969210678
5721,-327.94260257382683,585.4350854598272
5722,-317.7606580384778,591.0234801369602
5723,-307.48351376148406,596.4348066931886
5724,-297.114248731557,601.6674439180938
5725,-286.6559695363991,606.7198241358174
5726,-276.1118094319754,611.5904336747351
5727,-265.4849274038067,616.2778133209451
5728,-254.7785072205509,620.7805587554412
5729,-243.99575648015713,625.097320974843
5730,-233.13990564888653,629.2268066955495
5731,-222.21420709347592,633.167778741202
5732,-211.22193410674382,636.9190564133378
5733,-200.1663799269235,640.4795158451211
5734,-189.05085675102623,643.8480903380495
5735,-177.8786947425189,647.0237706815321
5736,-166.6532410336217,650.005605455245
5737,-155.37785872252223,652.7927013141722
5738,-144.0559258658032,655.3842232562486
5739,-132.69083446639456,657.7793948725225
5740,-121.28598945734142,659.9774985797651
5741,-109.84480768170194,661.9778758354543
5742,-98.3707168688732,663.7799273350726
5743,-86.86715460766163,665.383113191655
5744,-75.33756731639365,666.7869530975378
5745,-63.78540921038398,667.9910264682558
5746,-52.21414126706805,668.9949725685484
5747,-40.62723018910551,669.798490620434
5748,-29.02814736577435,670.4013398933216
5749,-17.420367832955137,670.8033397761334
5750,-5.807369232026209,671.004369831414
5751,0.0,697.7601000000001
5752,11.628522680245588,697.6631956841962
5753,23.253815442259572,697.372509652759
5754,34.872649264946816,696.8881226461348
5755,46.48179692123593,696.2101692068157
5756,58.07803387446828,695.3388376419703
5757,69.6581391740396,694.2743699711377
5758,81.21889635004574,693.017061859007
5759,92.75709430668367,691.5672625332919
5760,104.26952821415989,689.9253746877315
5761,115.7530003988584,688.0918543702375
5762,127.20432123152088,686.0672108562237
5763,138.6203100131927,683.8520065071509
5764,149.9977958586882,681.4468566143257
5765,161.33361857733027,678.8524292279984
5766,172.6246295507196,676.0694449718068
5767,183.86769260728903,673.0986768426169
5768,195.05968489340157,669.9409499958165
5769,206.19749774074856,666.5971415161215
5770,217.27803752980796,663.0681801739588
5771,228.29822654912283,659.355046167492
5772,239.25500385016093,655.4587708503636
5773,250.14532609751873,651.3804364452283
5774,260.96616841423275,647.1211757431558
5775,271.7145252219642,642.6821717889899
5776,282.3874110758231,638.0646575527469
5777,292.98186149360043,633.269915587149
5778,303.49493377917736,628.299277671384
5779,313.92370783988355,623.1541244411927
5780,324.26528699757716,617.8358850053863
5781,334.5167987932206,612.3460365488995
5782,344.67539578473014,606.6861039224896
5783,354.7382563378766,600.8576592191972
5784,364.70258541001755,594.8623213376849
5785,374.5656153264425,588.7017555325732
5786,384.3246065491193,582.3776729519038
5787,393.97684843762175,575.8918301618537
5788,403.51966000203316,569.2460286588337
5789,412.9503906476134,562.4421143691088
5790,422.26642091102315,555.4819771360766
5791,431.465163187902,548.3675501953477
5792,440.54406245159646,541.1008096377735
5793,449.50059696284006,533.6837738605705
5794,458.33227897018713,526.118503006694
5795,467.0366554010058,518.4070983926167
5796,475.6113085428405,510.5517019246699
5797,484.0538567149503,502.55449550411186
5798,492.3619549298408,494.41770042108675
5799,500.5332955446039,486.1435767376428
5800,508.56560890188473,477.73442265998096
5801,516.4566639602975,469.1925739001103
5802,524.2042689141159,460.52040302708343
5803,531.8062718020652,451.72031880799665
5804,539.2605611050468,442.7947655389348
5805,546.565066332631,433.74622236604756
5806,553.717758598152,424.5772025969467
5807,560.7166511822486,415.2902530026135
5808,567.5598000846911,405.8879531100123
5809,574.2453045643443,396.3729144856061
5810,580.7713076671135,386.7477800099712
5811,587.1359967417291,377.01522314371664
5812,593.337603943225,367.1779471849077
5813,599.3744067239728,357.2386845182024
5814,605.2447283121335,347.2001958559095
5815,610.946938177394,337.06526947117766
5816,616.4794524838615,326.8367204235297
5817,621.840734529986,316.51738977695624
5818,627.0292951753925,306.11014381078706
5819,632.0436932545017,295.6178732235578
5820,636.8825359768259,285.04349233009555
5821,641.5444793138275,274.3899382520431
5822,646.0282283722353,263.6601701020486
5823,650.33253775371,252.85716816184896
5824,654.4562119007652,241.98393305447118
5825,658.3981054288433,231.0434849107841
5826,662.1571234444549,220.03886253063328
5827,665.7322218492948,208.9731225387882
5828,669.122407630249,197.8493385359401
5829,672.3267391352123,186.6706002449831
5830,675.34432633464,175.44001265281938
5831,678.1743310687606,164.16069514792295
5832,680.8159672803819,152.83578065390336
5833,683.2685012332253,141.46841475931024
5834,685.5312517157258,130.06175484392088
5835,687.603590230246,118.61896920175134
5836,689.4849411676448,107.14323616103624
5837,691.1747819671583,95.63774320142312
5838,692.6726432615457,84.10568606862222
5839,693.9781090074594,72.55026788676265
5840,695.0908166010046,60.974698268697445
5841,696.0104569784559,49.382192424507885
5842,696.7367747021016,37.77597026845186
5843,697.2695680311945,26.159255524606152
5844,697.608688977986,14.53527483145051
5845,697.7540433488319,2.9072568456421006
5846,697.7055907703551,-8.721568654770364
5847,697.4633447006595,-20.34797166744479
5848,697.027372425592,-31.96872286290474
5849,696.3977950400533,-43.58059448151225
5850,695.574787414363,-55.180361230006085
5851,694.5585781456873,-66.76480117735208
5852,693.3494494945451,-78.33069664966182
5853,691.9477373064075,-89.87483512392791
5854,690.3538309184129,-101.39401012032943
5855,688.5681730512276,-112.88502209285679
5856,686.5912596860745,-124.34467931801335
5857,684.4236399269708,-135.76979878134287
5858,682.0659158482104,-147.15720706153732
5859,679.5187423271319,-158.50374121188156
5860,676.7828268622218,-169.80624963878708
5861,673.8589293766004,-181.0615929771746
5862,670.7478620069471,-192.26664496245726
5863,667.4504888779228,-203.41829329888685
5864,663.967725862152,-214.5134405240203
5865,660.3005403258313,-225.5490048690646
5866,656.4499508600366,-236.5219211148635
5867,652.4170269977994,-247.42914144328827
5868,648.2028889170365,-258.2676362837941
5869,643.8087071294104,-269.03439515490777
5870,639.235702155211,-279.7264275004141
5871,634.4851441843449,-290.340763520008
5872,629.5583527235303,-300.87445499418044
5873,624.4566962297934,-311.324576103111
5874,619.1815917303671,-321.68822423933875
5875,613.7345044291011,-331.96252081398546
5876,608.116947299489,-342.14461205630676
5877,602.3304806644273,-352.23166980635074
5878,596.3767117628229,-362.2208923005037
5879,590.2572943031687,-372.10950494970234
5880,583.973928004214,-381.89476111009856
5881,577.5283581228518,-391.57394284596245
5882,570.9223749693602,-401.1443616846126
5883,564.1578134101285,-410.60335936316056
5884,557.2365523580085,-419.9483085668647
5885,550.1605142504302,-429.17661365889023
5886,542.9316645154291,-438.2857114012681
5887,535.5520110257336,-447.2730716668538
5888,528.0236035410597,-456.1361981420944
5889,520.3485331387741,-464.87262902039765
5890,512.5289316330812,-473.4799376859197
5891,504.5669709828929,-481.9557333875784
5892,496.46486268854903,-490.29766190310374
5893,488.224857177556,-498.5034061929418
5894,479.8492431795107,-506.5706870438328
5895,471.3403470903876,-514.4972637018811
5896,462.70053232636326,-522.2809344949422
5897,453.93219866735734,-529.9195374441566
5898,445.0377815904736,-537.410950864457
5899,436.01975159352844,-544.7530939538827
5900,426.88061350884595,-551.9439273715415
5901,417.62290580752324,-558.9814538040513
5902,408.2491998943472,-565.8637185203124
5903,398.7620993935664,-572.5888099144495
5904,389.1642394257134,-579.1548600367747
5905,379.4582858756768,-585.5600451126282
5906,369.64693465223075,-591.8025860489455
5907,359.73291093922467,-597.8807489284146
5908,349.718968438639,-603.7928454910876
5909,339.6078886057228,-609.5372336033075
5910,329.40247987642306,-615.1123177138244
5911,319.1055768873151,-620.516549296974
5912,308.72003968826215,-625.7484272827922
5913,298.2487529480103,-630.806498473951
5914,287.69462515294936,-635.689357949395
5915,277.060587799257,-640.3956494545698
5916,266.3495945786503,-644.9240657781339
5917,255.56462055797383,-649.2733491150465
5918,244.7086613528515,-653.4422914159334
5919,233.78473229562772,-657.4297347226332
5920,222.79586759783462,-661.2345714898294
5921,211.7451195074156,-664.85574489268
5922,200.63555746093763,-668.2922491203597
5923,189.4702672310288,-671.5431296554322
5924,178.25235006928165,-674.607483538975
5925,166.9849218448527,-677.4844596213838
5926,155.67111217900617,-680.1732587987868
5927,144.314063575834,-682.6731342350014
5928,132.91693054940006,-684.9833915689752
5929,121.48287874754881,-687.1033891076498
5930,110.01508407261865,-689.0325380041967
5931,98.51673179930972,-690.7703024215741
5932,86.99101568994847,-692.3161996813603
5933,75.44113710739157,-693.6698003978217
5934,63.870304125823154,-694.8307285971779
5935,52.2817306396848,-695.7986618220314
5936,40.678635470989136,-696.5733312209336
5937,29.064241475266083,-697.15452162306
5938,17.441774646389028,-697.5420715979751
5939,5.814463220526213,-697.7358735004724
5940,-5.814463220526043,-697.7358735004724
5941,-17.441774646388545,-697.5420715979751
5942,-29.06424147526591,-697.15452162306
5943,-40.67863547098866,-696.5733312209337
5944,-52.281730639684326,-695.7986618220314
5945,-63.870304125823296,-694.8307285971778
5946,-75.4411371073914,-693.6698003978217
5947,-86.991015689948,-692.3161996813604
5948,-98.51673179930957,-690.7703024215742
5949,-110.01508407261818,-689.0325380041968
5950,-121.48287874754864,-687.1033891076498
5951,-132.9169305493999,-684.9833915689752
5952,-144.31406357583356,-682.6731342350015
5953,-155.671112179006,-680.1732587987868
5954,-166.98492184485252,-677.484459621384
5955,-178.2523500692812,-674.6074835389751
5956,-189.4702672310289,-671.5431296554322
5957,-200.63555746093746,-668.2922491203598
5958,-211.74511950741547,-664.85574489268
5959,-222.79586759783442,-661.2345714898295
5960,-233.78473229562724,-657.4297347226334
5961,-244.70866135285107,-653.4422914159335
5962,-255.56462055797368,-649.2733491150465
5963,-266.3495945786498,-644.924065778134
5964,-277.0605877992569,-640.3956494545699
5965,-287.6946251529492,-635.6893579493951
5966,-298.2487529480099,-630.8064984739513
5967,-308.72003968826226,-625.7484272827921
5968,-319.10557688731524,-620.5165492969738
5969,-329.40247987642294,-615.1123177138244
5970,-339.60788860572296,-609.5372336033074
5971,-349.71896843863857,-603.7928454910879
5972,-359.7329109392242,-597.8807489284148
5973,-369.6469346522306,-591.8025860489456
5974,-379.4582858756764,-585.5600451126285
5975,-389.16423942571294,-579.154860036775
5976,-398.7620993935663,-572.5888099144496
5977,-408.2491998943468,-565.8637185203128
5978,-417.62290580752307,-558.9814538040514
5979,-426.880613508846,-551.9439273715413
5980,-436.0197515935283,-544.753093953883
5981,-445.0377815904738,-537.410950864457
5982,-453.932198667357,-529.919537444157
5983,-462.700532326363,-522.2809344949425
5984,-471.3403470903875,-514.4972637018813
5985,-479.84924317951044,-506.5706870438332
5986,-488.2248571775557,-498.5034061929422
5987,-496.46486268854886,-490.2976619031039
5988,-504.5669709828926,-481.9557333875788
5989,-512.5289316330812,-473.4799376859198
5990,-520.348533138774,-464.87262902039777
5991,-528.0236035410595,-456.1361981420945
5992,-535.5520110257337,-447.27307166685375
5993,-542.9316645154292,-438.285711401268
5994,-550.1605142504299,-429.17661365889063
5995,-557.2365523580081,-419.948308566865
5996,-564.1578134101283,-410.6033593631609
5997,-570.9223749693598,-401.1443616846133
5998,-577.5283581228517,-391.5739428459626
5999,-583.9739280042139,-381.8947611100987
6000,-590.2572943031685,-372.10950494970274
6001,-596.3767117628227,-362.2208923005038
6002,-602.3304806644272,-352.2316698063509
6003,-608.1169472994889,-342.1446120563069
6004,-613.7345044291009,-331.9625208139859
6005,-619.1815917303668,-321.68822423933943
6006,-624.4566962297932,-311.3245761031111
6007,-629.5583527235302,-300.87445499418055
6008,-634.4851441843448,-290.3407635200083
6009,-639.2357021552111,-279.726427500414
6010,-643.8087071294104,-269.03439515490777
6011,-648.2028889170365,-258.2676362837943
6012,-652.4170269977993,-247.4291414432886
6013,-656.4499508600364,-236.5219211148638
6014,-660.3005403258314,-225.54900486906442
6015,-663.9677258621518,-214.51344052402044
6016,-667.4504888779227,-203.41829329888716
6017,-670.747862006947,-192.2666449624576
6018,-673.8589293766003,-181.06159297717508
6019,-676.7828268622216,-169.8062496387877
6020,-679.5187423271317,-158.5037412118822
6021,-682.0659158482105,-147.15720706153704
6022,-684.4236399269708,-135.76979878134276
6023,-686.5912596860745,-124.34467931801336
6024,-688.5681730512276,-112.88502209285681
6025,-690.3538309184129,-101.3940101203296
6026,-691.9477373064072,-89.87483512392838
6027,-693.3494494945452,-78.33069664966169
6028,-694.5585781456873,-66.7648011773521
6029,-695.574787414363,-55.180361230006255
6030,-696.3977950400532,-43.58059448151258
6031,-697.0273724255919,-31.968722862905068
6032,-697.4633447006595,-20.347971667445425
6033,-697.7055907703551,-8.721568654770536
6034,-697.7540433488319,2.907256845641929
6035,-697.608688977986,14.535274831450183
6036,-697.2695680311945,26.159255524605673
6037,-696.7367747021017,37.77597026845122
6038,-696.0104569784559,49.38219242450772
6039,-695.0908166010046,60.974698268697125
6040,-693.9781090074594,72.55026788676219
6041,-692.6726432615457,84.10568606862174
6042,-691.1747819671583,95.63774320142248
6043,-689.4849411676448,107.14323616103547
6044,-687.603590230246,118.61896920175148
6045,-685.5312517157258,130.06175484392102
6046,-683.2685012332253,141.46841475931024
6047,-680.8159672803819,152.83578065390319
6048,-678.1743310687606,164.16069514792278
6049,-675.34432633464,175.44001265281966
6050,-672.3267391352123,186.6706002449831
6051,-669.122407630249,197.8493385359399
6052,-665.7322218492949,208.97312253878806
6053,-662.1571234444551,220.03886253063297
6054,-658.3981054288436,231.0434849107836
6055,-654.4562119007653,241.98393305447104
6056,-650.33253775371,252.8571681618488
6057,-646.0282283722353,263.66017010204826
6058,-641.5444793138278,274.3899382520426
6059,-636.882535976826,285.04349233009515
6060,-632.0436932545017,295.61787322355775
6061,-627.0292951753926,306.1101438107868
6062,-621.8407345299861,316.5173897769559
6063,-616.4794524838617,326.83672042352924
6064,-610.9469381773943,337.06526947117715
6065,-605.2447283121338,347.2001958559088
6066,-599.3744067239725,357.2386845182026
6067,-593.3376039432248,367.17794718490785
6068,-587.135996741729,377.01522314371675
6069,-580.7713076671137,386.74778000997105
6070,-574.2453045643445,396.37291448560586
6071,-567.5598000846909,405.8879531100125
6072,-560.7166511822485,415.29025300261355
6073,-553.717758598152,424.5772025969467
6074,-546.5650663326311,433.7462223660475
6075,-539.260561105047,442.7947655389345
6076,-531.8062718020655,451.7203188079963
6077,-524.204268914116,460.52040302708343
6078,-516.4566639602976,469.19257390011023
6079,-508.5656089018849,477.7344226599808
6080,-500.53329554460413,486.1435767376424
6081,-492.36195492984115,494.41770042108647
6082,-484.05385671495077,502.55449550411146
6083,-475.61130854284073,510.5517019246698
6084,-467.03665540100604,518.4070983926165
6085,-458.3322789701874,526.1185030066938
6086,-449.5005969628406,533.68377386057
6087,-440.5440624515971,541.1008096377731
6088,-431.4651631879022,548.3675501953475
6089,-422.26642091102343,555.4819771360764
6090,-412.95039064761323,562.4421143691088
6091,-403.51966000203316,569.2460286588337
6092,-393.9768484376219,575.8918301618536
6093,-384.32460654911955,582.3776729519038
6094,-374.5656153264424,588.7017555325733
6095,-364.7025854100174,594.8623213376849
6096,-354.73825633787675,600.8576592191972
6097,-344.67539578473037,606.6861039224893
6098,-334.51679879322086,612.3460365488993
6099,-324.26528699757705,617.8358850053864
6100,-313.92370783988366,623.1541244411927
6101,-303.4949337791775,628.299277671384
6102,-292.98186149360066,633.269915587149
6103,-282.3874110758235,638.0646575527468
6104,-271.7145252219647,642.6821717889896
6105,-260.96616841423287,647.1211757431558
6106,-250.14532609751896,651.3804364452282
6107,-239.2550038501613,655.4587708503635
6108,-228.2982265491233,659.355046167492
6109,-217.27803752980859,663.0681801739586
6110,-206.19749774074873,666.5971415161215
6111,-195.05968489340185,669.9409499958164
6112,-183.86769260728946,673.0986768426168
6113,-172.62462955072013,676.0694449718065
6114,-161.33361857733038,678.8524292279984
6115,-149.99779585868842,681.4468566143257
6116,-138.62031001319244,683.852006507151
6117,-127.20432123152077,686.0672108562237
6118,-115.75300039885842,688.0918543702375
6119,-104.26952821416006,689.9253746877314
6120,-92.75709430668398,691.5672625332918
6121,-81.21889635004618,693.0170618590068
6122,-69.65813917403956,694.2743699711377
6123,-58.078033874468375,695.3388376419703
6124,-46.481796921236175,696.2101692068157
6125,-34.87264926494719,696.8881226461348
6126,-23.253815442260088,697.372509652759
6127,-11.628522680245622,697.6631956841962
6128,5.810856775904029,725.0485149965966
6129,17.43107746979436,724.8622439425867
6130,29.046819973459257,724.4897496891654
6131,40.65510010507568,723.9311279332354
6132,52.252935599966676,723.1865221894182
6133,63.837346876770205,722.2561237531842
6134,75.40535780291859,721.1401716517073
6135,86.95399645923202,719.8389525824564
6136,98.48029590342952,718.3528008395409
6137,109.98129493236144,716.682098227827
6138,121.4540388427672,714.8272739648506
6139,132.8955801903636,712.7888045705452
6140,144.30297954706796,710.5672137448213
6141,155.6733062561618,708.1630722330241
6142,167.00363918520125,705.5769976793031
6143,178.29106747648044,702.8096544679343
6144,189.53269129485545,699.8617535526349
6145,200.72562257273614,696.734052273913
6146,211.866985752055,693.4273541644998
6147,222.9539185230224,689.9425087429166
6148,233.98357255947758,686.2804112952255
6149,244.95311425064804,682.4420026450226
6150,255.85972542912765,678.4282689117335
6151,266.70060409488764,674.2402412572703
6152,277.4729651351339,669.8789956211173
6153,288.1740410398259,665.3456524439134
6154,298.8010826126731,660.6413763796018
6155,309.3513596774269,655.7673759962197
6156,319.8221617792856,650.724903465408
6157,330.2107988812331,645.5152542407174
6158,340.5146020551318,640.1397667247953
6159,350.73092416739297,634.5998219255396
6160,360.85714055904765,628.8968431013053
6161,370.89064972004303,623.0322953952583
6162,380.8288739575928,617.0076854589673
6163,390.66926005840804,610.8245610653324
6164,400.4092799446387,604.4845107109495
6165,410.0464313233585,597.9891632080119
6166,419.57823832942495,591.340187265855
6167,429.00225216154956,584.5392910622504
6168,438.316051711416,577.5882218045615
6169,447.5172441856826,570.4887652808706
6170,456.6034657207115,563.2427454011948
6171,465.5723819898648,555.8520237289089
6172,474.4216888032128,548.3184990024936
6173,483.1491126994999,540.6441066477337
6174,491.7524115302154,532.8308182804911
6175,500.2293750356208,524.8806412001801
6176,508.5778254125842,516.7956178740752
6177,516.7956178740752,508.57782541258416
6178,524.8806412001802,500.2293750356208
6179,532.8308182804911,491.7524115302154
6180,540.6441066477337,483.1491126994998
6181,548.3184990024937,474.42168880321276
6182,555.852023728909,465.5723819898647
6183,563.2427454011947,456.6034657207115
6184,570.4887652808707,447.5172441856826
6185,577.5882218045615,438.316051711416
6186,584.5392910622505,429.00225216154945
6187,591.340187265855,419.5782383294249
6188,597.989163208012,410.0464313233585
6189,604.4845107109495,400.4092799446386
6190,610.8245610653324,390.66926005840804
6191,617.0076854589673,380.82887395759275
6192,623.0322953952584,370.89064972004303
6193,628.8968431013053,360.85714055904765
6194,634.5998219255396,350.7309241673929
6195,640.1397667247953,340.5146020551317
6196,645.5152542407174,330.2107988812331
6197,650.7249034654079,319.82216177928564
6198,655.7673759962197,309.35135967742696
6199,660.6413763796016,298.8010826126732
6200,665.3456524439133,288.17404103982597
6201,669.8789956211173,277.47296513513396
6202,674.2402412572702,266.70060409488775
6203,678.4282689117335,255.85972542912782
6204,682.4420026450226,244.95311425064807
6205,686.2804112952255,233.98357255947752
6206,689.9425087429166,222.95391852302248
6207,693.4273541644998,211.866985752055
6208,696.734052273913,200.72562257273614
6209,699.8617535526349,189.53269129485554
6210,702.8096544679343,178.29106747648055
6211,705.5769976793031,167.00363918520125
6212,708.1630722330241,155.67330625616185
6213,710.5672137448213,144.30297954706805
6214,712.7888045705452,132.8955801903636
6215,714.8272739648506,121.45403884276739
6216,716.682098227827,109.98129493236151
6217,718.3528008395409,98.48029590342951
6218,719.8389525824564,86.95399645923202
6219,721.1401716517073,75.40535780291864
6220,722.2561237531842,63.83734687677031
6221,723.1865221894182,52.252935599966676
6222,723.9311279332354,40.65510010507572
6223,724.4897496891654,29.046819973459343
6224,724.8622439425867,17.431077469794335
6225,725.0485149965966,5.810856775904211
6226,725.0485149965966,-5.810856775903961
6227,724.8622439425867,-17.431077469794406
6228,724.4897496891654,-29.046819973459254
6229,723.9311279332354,-40.65510010507563
6230,723.1865221894182,-52.252935599966584
6231,722.2561237531842,-63.83734687677022
6232,721.1401716517073,-75.4053578029184
6233,719.8389525824564,-86.95399645923194
6234,718.3528008395409,-98.48029590342956
6235,716.6820982278273,-109.98129493236127
6236,714.8272739648506,-121.45403884276713
6237,712.7888045705452,-132.89558019036352
6238,710.5672137448214,-144.30297954706782
6239,708.1630722330241,-155.67330625616177
6240,705.5769976793031,-167.00363918520117
6241,702.8096544679343,-178.2910674764805
6242,699.8617535526349,-189.53269129485528
6243,696.734052273913,-200.72562257273606
6244,693.4273541644998,-211.8669857520551
6245,689.9425087429166,-222.95391852302222
6246,686.2804112952255,-233.98357255947755
6247,682.4420026450226,-244.953114250648
6248,678.4282689117335,-255.85972542912756
6249,674.2402412572703,-266.70060409488764
6250,669.8789956211173,-277.4729651351339
6251,665.3456524439134,-288.1740410398259
6252,660.6413763796018,-298.80108261267293
6253,655.7673759962197,-309.35135967742673
6254,650.7249034654079,-319.8221617792857
6255,645.5152542407174,-330.2107988812331
6256,640.1397667247953,-340.5146020551318
6257,634.5998219255396,-350.73092416739297
6258,628.8968431013053,-360.8571405590476
6259,623.0322953952584,-370.8906497200429
6260,617.0076854589672,-380.828873957593
6261,610.8245610653325,-390.6692600584078
6262,604.4845107109495,-400.4092799446387
6263,597.989163208012,-410.0464313233585
6264,591.340187265855,-419.5782383294249
6265,584.5392910622505,-429.00225216154945
6266,577.5882218045616,-438.31605171141587
6267,570.4887652808704,-447.51724418568267
6268,563.2427454011945,-456.60346572071177
6269,555.8520237289089,-465.5723819898648
6270,548.3184990024936,-474.42168880321276
6271,540.6441066477336,-483.14911269950005
6272,532.830818280491,-491.7524115302155
6273,524.8806412001802,-500.2293750356207
6274,516.7956178740751,-508.5778254125842
6275,508.57782541258405,-516.7956178740752
6276,500.2293750356208,-524.8806412001801
6277,491.7524115302151,-532.8308182804914
6278,483.1491126994999,-540.6441066477337
6279,474.42168880321293,-548.3184990024936
6280,465.57238198986465,-555.852023728909
6281,456.60346572071137,-563.2427454011948
6282,447.5172441856823,-570.4887652808709
6283,438.3160517114159,-577.5882218045615
6284,429.00225216154956,-584.5392910622504
6285,419.5782383294247,-591.3401872658551
6286,410.0464313233583,-597.9891632080121
6287,400.4092799446385,-604.4845107109496
6288,390.66926005840793,-610.8245610653325
6289,380.8288739575928,-617.0076854589673
6290,370.89064972004303,-623.0322953952583
6291,360.8571405590474,-628.8968431013054
6292,350.7309241673928,-634.5998219255397
6293,340.5146020551319,-640.1397667247952
6294,330.2107988812329,-645.5152542407175
6295,319.8221617792855,-650.724903465408
6296,309.35135967742684,-655.7673759962197
6297,298.8010826126728,-660.6413763796019
6298,288.1740410398259,-665.3456524439134
6299,277.472965135134,-669.8789956211173
6300,266.70060409488747,-674.2402412572703
6301,255.85972542912754,-678.4282689117335
6302,244.95311425064796,-682.4420026450226
6303,233.98357255947755,-686.2804112952255
6304,222.9539185230224,-689.9425087429166
6305,211.86698575205472,-693.4273541644999
6306,200.72562257273592,-696.734052273913
6307,189.53269129485525,-699.8617535526349
6308,178.2910674764803,-702.8096544679343
6309,167.00363918520114,-705.5769976793031
6310,155.67330625616174,-708.1630722330241
6311,144.30297954706762,-710.5672137448214
6312,132.89558019036332,-712.7888045705452
6313,121.45403884276728,-714.8272739648506
6314,109.98129493236122,-716.6820982278273
6315,98.4802959034294,-718.3528008395409
6316,86.95399645923192,-719.8389525824564
6317,75.4053578029182,-721.1401716517074
6318,63.83734687677019,-722.2561237531842
6319,52.25293559996672,-723.1865221894182
6320,40.65510010507544,-723.9311279332354
6321,29.046819973459066,-724.4897496891654
6322,17.43107746979454,-724.8622439425867
6323,5.810856775903933,-725.0485149965966
6324,-5.810856775904078,-725.0485149965966
6325,-17.431077469794364,-724.8622439425867
6326,-29.046819973459527,-724.4897496891654
6327,-40.65510010507559,-723.9311279332354
6328,-52.25293559996687,-723.1865221894182
6329,-63.83734687677034,-722.2561237531842
6330,-75.40535780291867,-721.1401716517073
6331,-86.95399645923237,-719.8389525824564
6332,-98.48029590342952,-718.3528008395409
6333,-109.98129493236137,-716.682098227827
6334,-121.4540388427674,-714.8272739648506
6335,-132.89558019036377,-712.788804570545
6336,-144.3029795470681,-710.5672137448213
6337,-155.67330625616222,-708.1630722330241
6338,-167.00363918520128,-705.5769976793031
6339,-178.29106747648044,-702.8096544679343
6340,-189.5326912948557,-699.8617535526349
6341,-200.72562257273634,-696.734052273913
6342,-211.8669857520549,-693.4273541644998
6343,-222.9539185230225,-689.9425087429166
6344,-233.98357255947766,-686.2804112952253
6345,-244.95311425064807,-682.4420026450225
6346,-255.85972542912796,-678.4282689117334
6347,-266.70060409488764,-674.2402412572703
6348,-277.47296513513385,-669.8789956211173
6349,-288.174041039826,-665.3456524439133
6350,-298.8010826126732,-660.6413763796016
6351,-309.3513596774273,-655.7673759962195
6352,-319.82216177928564,-650.7249034654079
6353,-330.2107988812331,-645.5152542407174
6354,-340.51460205513206,-640.1397667247951
6355,-350.7309241673932,-634.5998219255395
6356,-360.8571405590478,-628.8968431013052
6357,-370.89064972004314,-623.0322953952582
6358,-380.8288739575929,-617.0076854589672
6359,-390.66926005840804,-610.8245610653324
6360,-400.4092799446389,-604.4845107109494
6361,-410.04643132335866,-597.9891632080119
6362,-419.57823832942483,-591.340187265855
6363,-429.0022521615497,-584.5392910622503
6364,-438.3160517114161,-577.5882218045615
6365,-447.51724418568267,-570.4887652808706
6366,-456.6034657207117,-563.2427454011947
6367,-465.5723819898647,-555.852023728909
6368,-474.42168880321276,-548.3184990024936
6369,-483.1491126995,-540.6441066477336
6370,-491.75241153021545,-532.830818280491
6371,-500.22937503562093,-524.8806412001801
6372,-508.5778254125842,-516.7956178740752
6373,-516.7956178740752,-508.57782541258416
6374,-524.8806412001804,-500.22937503562065
6375,-532.8308182804914,-491.7524115302152
6376,-540.6441066477339,-483.14911269949965
6377,-548.3184990024937,-474.4216888032127
6378,-555.852023728909,-465.57238198986465
6379,-563.2427454011947,-456.6034657207117
6380,-570.4887652808707,-447.5172441856826
6381,-577.5882218045617,-438.31605171141575
6382,-584.5392910622504,-429.0022521615496
6383,-591.3401872658551,-419.5782383294247
6384,-597.9891632080119,-410.0464313233586
6385,-604.4845107109496,-400.4092799446385
6386,-610.8245610653327,-390.66926005840776
6387,-617.0076854589673,-380.8288739575928
6388,-623.0322953952584,-370.89064972004275
6389,-628.8968431013052,-360.8571405590477
6390,-634.5998219255396,-350.73092416739286
6391,-640.1397667247952,-340.5146020551319
6392,-645.5152542407174,-330.21079888123296
6393,-650.7249034654081,-319.8221617792853
6394,-655.7673759962197,-309.3513596774269
6395,-660.6413763796019,-298.8010826126728
6396,-665.3456524439134,-288.17404103982597
6397,-669.8789956211173,-277.47296513513373
6398,-674.2402412572706,-266.7006040948873
6399,-678.4282689117335,-255.85972542912756
6400,-682.4420026450227,-244.95311425064773
6401,-686.2804112952255,-233.98357255947758
6402,-689.9425087429166,-222.9539185230221
6403,-693.4273541644999,-211.8669857520545
6404,-696.734052273913,-200.72562257273594
6405,-699.8617535526349,-189.53269129485562
6406,-702.8096544679343,-178.29106747648035
6407,-705.5769976793031,-167.00363918520085
6408,-708.1630722330243,-155.67330625616117
6409,-710.5672137448212,-144.3029795470683
6410,-712.7888045705452,-132.8955801903637
6411,-714.8272739648506,-121.45403884276699
6412,-716.682098227827,-109.98129493236159
6413,-718.3528008395409,-98.48029590342942
6414,-719.8389525824565,-86.95399645923163
6415,-721.1401716517073,-75.40535780291857
6416,-722.2561237531843,-63.837346876769914
6417,-723.1865221894183,-52.25293559996612
6418,-723.9311279332353,-40.65510010507613
6419,-724.4897496891654,-29.046819973459428
6420,-724.8622439425867,-17.431077469794264
6421,-725.0485149965966,-5.810856775904299
6422,-725.0485149965966,5.810856775904034
6423,-724.8622439425867,17.43107746979464
6424,-724.4897496891654,29.04681997345916
6425,-723.9311279332353,40.65510010507587
6426,-723.1865221894182,52.25293559996714
6427,-722.2561237531842,63.83734687677029
6428,-721.1401716517074,75.4053578029183
6429,-719.8389525824564,86.95399645923202
6430,-718.3528008395409,98.48029590342917
6431,-716.6820982278273,109.98129493236134
6432,-714.8272739648506,121.45403884276737
6433,-712.788804570545,132.89558019036406
6434,-710.5672137448213,144.30297954706805
6435,-708.1630722330241,155.67330625616216
6436,-705.5769976793028,167.00363918520185
6437,-702.8096544679343,178.2910674764807
6438,-699.8617535526349,189.53269129485537
6439,-696.734052273913,200.7256225727363
6440,-693.4273541644999,211.86698575205486
6441,-689.9425087429166,222.95391852302248
6442,-686.2804112952252,233.98357255947795
6443,-682.4420026450226,244.95311425064804
6444,-678.4282689117335,255.85972542912793
6445,-674.2402412572701,266.7006040948882
6446,-669.8789956211172,277.4729651351341
6447,-665.3456524439133,288.17404103982625
6448,-660.6413763796014,298.8010826126737
6449,-655.7673759962197,309.3513596774266
6450,-650.724903465408,319.8221617792856
6451,-645.5152542407171,330.2107988812333
6452,-640.1397667247953,340.5146020551317
6453,-634.5998219255395,350.7309241673932
6454,-628.8968431013051,360.85714055904805
6455,-623.0322953952583,370.8906497200431
6456,-617.0076854589671,380.82887395759315
6457,-610.824561065332,390.6692600584086
6458,-604.4845107109497,400.4092799446384
6459,-597.989163208012,410.04643132335843
6460,-591.3401872658549,419.57823832942506
6461,-584.5392910622505,429.0022521615494
6462,-577.5882218045615,438.316051711416
6463,-570.4887652808703,447.51724418568284
6464,-563.2427454011947,456.6034657207115
6465,-555.8520237289088,465.572381989865
6466,-548.3184990024932,474.4216888032132
6467,-540.644106647734,483.1491126994995
6468,-532.8308182804913,491.7524115302152
6469,-524.8806412001801,500.22937503562093
6470,-516.7956178740754,508.577825412584
6471,-508.57782541258416,516.7956178740752
6472,-500.22937503562065,524.8806412001803
6473,-491.75241153021545,532.8308182804911
6474,-483.14911269949977,540.6441066477338
6475,-474.42168880321253,548.3184990024938
6476,-465.5723819898647,555.852023728909
6477,-456.6034657207117,563.2427454011947
6478,-447.5172441856826,570.4887652808706
6479,-438.31605171141575,577.5882218045617
6480,-429.0022521615496,584.5392910622503
6481,-419.5782383294247,591.340187265855
6482,-410.0464313233581,597.9891632080122
6483,-400.4092799446386,604.4845107109495
6484,-390.66926005840776,610.8245610653327
6485,-380.82887395759235,617.0076854589676
6486,-370.89064972004286,623.0322953952584
6487,-360.8571405590472,628.8968431013055
6488,-350.73092416739286,634.5998219255396
6489,-340.51460205513195,640.1397667247951
6490,-330.210798881233,645.5152542407174
6491,-319.8221617792853,650.7249034654081
6492,-309.3513596774269,655.7673759962197
6493,-298.8010826126729,660.6413763796019
6494,-288.1740410398254,665.3456524439137
6495,-277.4729651351338,669.8789956211173
6496,-266.7006040948873,674.2402412572704
6497,-255.85972542912705,678.4282689117338
6498,-244.95311425064835,682.4420026450225
6499,-233.98357255947764,686.2804112952255
6500,-222.95391852302214,689.9425087429166
6501,-211.86698575205514,693.4273541644997
6502,-200.72562257273597,696.734052273913
6503,-189.53269129485506,699.861753552635
6504,-178.29106747648038,702.8096544679343
6505,-167.0036391852009,705.5769976793031
6506,-155.6733062561612,708.1630722330243
6507,-144.30297954706836,710.5672137448212
6508,-132.89558019036372,712.788804570545
6509,-121.45403884276706,714.8272739648506
6510,-109.98129493236164,716.682098227827
6511,-98.48029590342946,718.3528008395409
6512,-86.95399645923167,719.8389525824565
6513,-75.40535780291862,721.1401716517073
6514,-63.837346876769956,722.2561237531843
6515,-52.252935599966165,723.1865221894183
6516,-40.65510010507618,723.9311279332353
6517,-29.046819973459474,724.4897496891654
6518,-17.431077469794307,724.8622439425867
6519,-5.810856775904345,725.0485149965966
6520,0.0,752.9646
6521,11.623656494627784,752.8748763658241
6522,23.244542827940922,752.6057268463217
6523,34.85988949881234,752.1572155854723
6524,46.46692832633281,751.5294494729235
6525,58.06289310952655,750.7225781185163
6526,69.64502028659497,749.7367938166299
6527,81.21054959353147,748.5723315003545
6528,92.75672472195025,747.2294686855012
6529,104.28079397597253,745.7085254044645
6530,115.78001092801337,744.0098641299517
6531,127.25163507331295,742.1338896885982
6532,138.69293248305658,740.0810491644887
6533,150.10117645592712,737.8518317926078
6534,161.47364816793515,735.4467688422446
6535,172.80763732037192,732.8664334903809
6536,184.10044278573037,730.1114406850903
6537,195.3493732514404,727.1824469989836
6538,206.55174786126526,724.0801504727335
6539,217.70489685420588,720.8052904487172
6540,228.80616220076092,717.3586473948154
6541,239.8528982363908,713.7410427184103
6542,250.8424722920355,709.9533385706271
6543,261.7722653215344,705.9964376408653
6544,272.63967252580034,701.8712829416689
6545,283.4421039735976,697.5788575839869
6546,294.1769852187772,693.1201845428767
6547,304.8417579138212,688.4963264137081
6548,315.43388041955046,683.7083851589249
6549,325.95082841085116,678.7575018454233
6550,336.390095478274,673.6448563726125
6551,346.7491937253643,668.3716671912191
6552,357.0256543615799,662.9391910129057
6553,367.21702829065583,657.3487225107688
6554,377.32088669427543,651.6015940107926
6555,387.3348216109085,645.6991751743266
6556,397.25644650967934,639.642872671667
6557,407.08339685912705,633.4341298468172
6558,416.81333069072275,627.0744263735097
6559,426.4439291570105,620.5652779025673
6560,435.9728970842363,613.9082357006932
6561,445.39796351933734,607.1048862807703
6562,454.7168822711568,600.1568510237627
6563,463.9274324457588,593.0657857923064
6564,473.0274189757144,585.8333805360821
6565,482.0146731432311,578.4613588890653
6566,490.8870530970053,570.9514777587477
6567,499.64244436266915,563.3055269074298
6568,508.27876034671476,555.525328525682
6569,516.7939428337734,547.6127367980795
6570,525.1859624771307,539.5696374613104
6571,533.4528192823636,531.3979473547653
6572,541.5925430839802,523.0996139637144
6573,549.6031940149517,514.6766149551808
6574,557.4828629690235,506.13095770662056
6575,565.2296720556955,497.46467882752336
6576,572.8417750477626,488.67984367404455
6577,580.3173578213092,479.7785458567887
6578,587.6546387880535,470.762906741857
6579,594.851869319937,461.63507494528255
6580,601.9073341658593,452.39722582096874
6581,608.8193518604587,443.0515609422574
6582,615.5862751248405,433.60030757724815
6583,622.2064912591579,424.04571815799227
6584,628.6784225269529,414.3900697436924
6585,635.0005265311629,404.6356634780305
6586,641.1712965817077,394.78482404075754
6587,647.1892620545641,384.83989909367335
6588,653.0529887422476,374.8032587211292
6589,658.7610791956131,364.67729486518783
6590,664.3121730568968,354.46442075557263
6591,669.7049473839184,344.16707033454435
6592,674.9381169653651,333.78769767684247
6593,680.0104346270856,323.3287764048263
6594,684.9206915293167,312.79279909896024
6595,689.6677174547762,302.18227670377877
6596,694.250381087549,291.4997379294755
6597,698.6675902827053,280.747728649259
6598,702.9182923265794,269.9288112926175
6599,707.0014741876553,259.04556423463845
6600,710.9161627579927,248.10058118152668
6601,714.6614250851386,237.0964705524712
6602,718.2363685944704,226.03585485800266
6603,721.6401413019142,214.92137007499582
6604,724.8719320169913,203.75566501845884
6605,727.9309705361412,192.54140071026697
6606,730.8165278262779,181.28124974498374
6607,733.5279161985337,169.97789565292618
6608,736.0644894721489,158.63403226062414
6609,738.4256431284721,147.25236304882284
6610,740.6108144550279,135.83560050818866
6611,742.6194826796242,124.38646549286408
6612,744.4511690944623,112.90768657203233
6613,746.1054371702241,101.4019993796414
6614,747.5818926601052,89.87214596244523
6615,748.8801836937726,78.32087412651596
6616,750.0000008612227,66.75093678238495
6617,750.9410772865206,55.16509128896573
6618,751.7031886914016,43.56609879641793
6619,752.2861534487215,31.956723588106648
6620,752.689832625743,20.339732421816084
6621,752.914130017245,8.717893870373413
6622,752.9589921684515,-2.906022338160735
6623,752.8244083877701,-14.529245980576265
6624,752.5104107493405,-26.14900699871663
6625,752.0170740853906,-37.76253615964065
6626,751.3445159684022,-49.36706571559037
6627,750.4928966830911,-60.95983006360142
6628,749.4624191882078,-72.5380664046066
6629,748.2533290681683,-84.09901540186685
6630,746.8659144745262,-95.6399218385805
6631,745.3005060572998,-107.1580352745089
6632,743.5574768861718,-118.65061070146288
6633,741.6372423615786,-130.11490919749806
6634,739.5402601157117,-141.54819857965526
6635,737.2670299034544,-152.94775405509878
6636,734.8180934832795,-164.31085887049036
6637,732.1940344881377,-175.6348049594493
6638,729.3954782863644,-186.9168935879412
6639,726.4230918326421,-198.15443599744347
6640,723.2775835090509,-209.3447540457318
6641,719.9597029562461,-220.48518084513938
6642,716.4702408948037,-231.5730613981298
6643,712.8100289367738,-242.60575323004122
6644,708.9799393874913,-253.5806270188422
6645,704.9808850376866,-264.49506722175397
6646,700.8138189459482,-275.34647269859073
6647,696.4797342115897,-286.1322573316635
6648,691.9796637379725,-296.84985064210935
6649,687.3146799863434,-307.4966984024874
6650,682.4858947202453,-318.0702632455073
6651,677.4944587405594,-328.5680252687355
6652,672.3415616112466,-338.98748263514153
6653,667.0284313758482,-349.32615216933794
6654,661.5563342648177,-359.5815699493743
6655,655.9265743937523,-369.7512918939397
6656,650.1404934525937,-379.8328943448397
6657,644.1994703858754,-389.82397464460496
6658,638.1049210640924,-399.72215170909453
6659,631.8582979462682,-409.52506659495833
6660,625.4610897338033,-419.23038306182355
6661,618.9148210156877,-428.8357881290686
6662,612.2210519051582,-438.3389926270553
6663,605.3813776678912,-447.7377317426867
6664,598.3974283418173,-457.02976555915865
6665,591.2708683486487,-466.2128795897803
6666,584.0033960972129,-475.28488530573105
6667,576.5967435786863,-484.2436206576342
6668,569.0526759538244,-493.08695059081793
6669,561.3729911322865,-501.81276755414444
6670,553.5595193441569,-510.4189920022824
6671,545.6141227037608,-518.9035728913084
6672,537.5386947658869,-527.2644881675104
6673,529.3351600745088,-535.4997452492896
6674,521.0054737041305,-543.6073815020309
6675,512.5516207938476,-551.5854647058422
6676,503.9756160742489,-559.4320935160417
6677,495.27950338726333,-567.1453979162891
6678,486.46535519906865,-574.7235396642493
6679,477.5352721061809,-582.1647127296843
6680,468.49138233483694,-589.4671437248676
6681,459.3358412337939,-596.6290923272205
6682,450.07083076066436,-603.6488516940668
6683,440.69855896190944,-610.5247488694102
6684,431.22125944661576,-617.2551451826339
6685,421.6411908541801,-623.8384366390299
6686,411.960636316026,-630.273054302066
6687,402.1819029114879,-636.557464667295
6688,392.30732111798386,-642.6901700278223
6689,382.3392442556163,-648.669708831239
6690,372.28004792632396,-654.4946560279419
6691,362.13212944772675,-660.1636234107533
6692,351.8979072817961,-665.675259945758
6693,341.5798204584819,-671.028252094285
6694,331.18032799444416,-676.2213241259494
6695,320.7019083070147,-681.2532384226876
6696,310.1470586235388,-686.1227957737063
6697,299.51829438623474,-690.8288356612808
6698,288.8181486527103,-695.370236537329
6699,278.0491714922819,-699.7459160907019
6700,267.2139293782401,-703.9548315051193
6701,256.3150045762034,-707.9959797076964
6702,245.35499452871392,-711.8683976079952
6703,234.33651123620746,-715.5711623275514
6704,223.2621806345228,-719.1033914198136
6705,212.13464196908464,-722.4642430804505
6706,200.95654716591494,-725.6529163479696
6707,189.7305601996264,-728.6686512946031
6708,178.45935645853743,-731.5107292074155
6709,167.14562210707408,-734.1784727595867
6710,155.7920534455992,-736.6712461718346
6711,144.40135626782788,-738.9884553639331
6712,132.97624521597996,-741.1295480962958
6713,121.51944313382403,-743.0940141015841
6714,110.03368041776514,-744.8813852063167
6715,98.52169436613752,-746.4912354424433
6716,86.98622852684439,-747.9231811488635
6717,75.4300320435165,-749.1768810628596
6718,63.855859000332224,-750.2520364014281
6719,52.26646776566009,-751.148390932485
6720,40.664620334685445,-751.8657310359316
6721,29.053081671164303,-752.403885754565
6722,17.434619048478165,-752.7627268348205
6723,5.812001390132968,-752.9421687573363
6724,-5.812001390133119,-752.9421687573363
6725,-17.434619048477977,-752.7627268348205
6726,-29.053081671164122,-752.403885754565
6727,-40.66462033468559,-751.8657310359316
6728,-52.266467765660245,-751.148390932485
6729,-63.855859000332046,-750.2520364014281
6730,-75.43003204351632,-749.1768810628596
6731,-86.98622852684422,-747.9231811488635
6732,-98.52169436613767,-746.4912354424433
6733,-110.03368041776528,-744.8813852063166
6734,-121.51944313382387,-743.0940141015841
6735,-132.97624521597976,-741.1295480962958
6736,-144.40135626782802,-738.9884553639331
6737,-155.79205344559935,-736.6712461718345
6738,-167.14562210707388,-734.1784727595867
6739,-178.45935645853726,-731.5107292074155
6740,-189.7305601996259,-728.6686512946033
6741,-200.95654716591505,-725.6529163479696
6742,-212.1346419690845,-722.4642430804506
6743,-223.26218063452262,-719.1033914198138
6744,-234.3365112362073,-715.5711623275514
6745,-245.35499452871375,-711.8683976079953
6746,-256.31500457620353,-707.9959797076963
6747,-267.2139293782399,-703.9548315051194
6748,-278.04917149228174,-699.7459160907019
6749,-288.8181486527105,-695.370236537329
6750,-299.5182943862346,-690.8288356612808
6751,-310.1470586235386,-686.1227957737063
6752,-320.70190830701455,-681.2532384226876
6753,-331.180327994444,-676.2213241259495
6754,-341.579820458482,-671.028252094285
6755,-351.89790728179565,-665.6752599457582
6756,-362.1321294477266,-660.1636234107534
6757,-372.2800479263238,-654.4946560279419
6758,-382.3392442556164,-648.6697088312388
6759,-392.30732111798403,-642.6901700278222
6760,-402.1819029114875,-636.5574646672952
6761,-411.96063631602584,-630.273054302066
6762,-421.64119085418025,-623.8384366390297
6763,-431.2212594466158,-617.2551451826339
6764,-440.69855896190927,-610.5247488694104
6765,-450.07083076066397,-603.6488516940672
6766,-459.3358412337937,-596.6290923272205
6767,-468.49138233483706,-589.4671437248675
6768,-477.53527210618074,-582.1647127296843
6769,-486.4653551990685,-574.7235396642494
6770,-495.2795033872629,-567.1453979162894
6771,-503.97561607424905,-559.4320935160416
6772,-512.5516207938477,-551.585464705842
6773,-521.0054737041304,-543.6073815020311
6774,-529.3351600745088,-535.4997452492897
6775,-537.5386947658865,-527.2644881675109
6776,-545.614122703761,-518.9035728913083
6777,-553.5595193441568,-510.41899200228255
6778,-561.3729911322864,-501.8127675541445
6779,-569.0526759538243,-493.0869505908181
6780,-576.5967435786862,-484.2436206576344
6781,-584.0033960972125,-475.2848853057315
6782,-591.2708683486486,-466.21287958978047
6783,-598.3974283418171,-457.0297655591591
6784,-605.3813776678913,-447.73773174268655
6785,-612.2210519051581,-438.33899262705535
6786,-618.9148210156874,-428.83578812906893
6787,-625.4610897338032,-419.2303830618237
6788,-631.8582979462678,-409.52506659495873
6789,-638.1049210640925,-399.7221517090945
6790,-644.1994703858753,-389.82397464460513
6791,-650.1404934525937,-379.83289434483964
6792,-655.9265743937522,-369.7512918939399
6793,-661.5563342648175,-359.58156994937474
6794,-667.0284313758482,-349.3261521693381
6795,-672.3415616112466,-338.9874826351417
6796,-677.4944587405595,-328.56802526873537
6797,-682.4858947202453,-318.0702632455075
6798,-687.3146799863433,-307.4966984024879
6799,-691.9796637379725,-296.84985064210935
6800,-696.4797342115896,-286.1322573316639
6801,-700.8138189459482,-275.3464726985906
6802,-704.9808850376864,-264.4950672217543
6803,-708.9799393874911,-253.58062701884268
6804,-712.8100289367737,-242.60575323004142
6805,-716.4702408948035,-231.57306139813014
6806,-719.9597029562462,-220.4851808451392
6807,-723.2775835090508,-209.34475404573217
6808,-726.423091832642,-198.15443599744395
6809,-729.3954782863644,-186.9168935879414
6810,-732.1940344881376,-175.63480495944967
6811,-734.8180934832795,-164.31085887049036
6812,-737.2670299034543,-152.94775405509913
6813,-739.5402601157117,-141.54819857965526
6814,-741.6372423615786,-130.11490919749824
6815,-743.5574768861717,-118.6506107014634
6816,-745.3005060572998,-107.1580352745089
6817,-746.8659144745262,-95.63992183858035
6818,-748.2533290681683,-84.09901540186685
6819,-749.4624191882078,-72.53806640460677
6820,-750.492896683091,-60.95983006360194
6821,-751.3445159684022,-49.36706571559039
6822,-752.0170740853906,-37.762536159640504
6823,-752.5104107493405,-26.149006998716647
6824,-752.82440838777,-14.529245980576617
6825,-752.9589921684515,-2.9060223381612538
6826,-752.914130017245,8.717893870373228
6827,-752.689832625743,20.339732421816233
6828,-752.2861534487215,31.956723588106467
6829,-751.7031886914016,43.566098796417585
6830,-750.9410772865206,55.16509128896588
6831,-750.0000008612227,66.75093678238477
6832,-748.8801836937724,78.32087412651612
6833,-747.5818926601052,89.87214596244505
6834,-746.1054371702241,101.40199937964104
6835,-744.4511690944623,112.9076865720323
6836,-742.6194826796242,124.38646549286373
6837,-740.6108144550279,135.83560050818863
6838,-738.4256431284722,147.25236304882267
6839,-736.0644894721491,158.63403226062363
6840,-733.5279161985337,169.97789565292615
6841,-730.816527826278,181.28124974498323
6842,-727.9309705361412,192.54140071026694
6843,-724.8719320169912,203.75566501845933
6844,-721.6401413019144,214.92137007499534
6845,-718.2363685944704,226.03585485800266
6846,-714.6614250851387,237.0964705524707
6847,-710.9161627579927,248.10058118152665
6848,-707.0014741876552,259.04556423463873
6849,-702.9182923265796,269.928811292617
6850,-698.6675902827053,280.7477286492589
6851,-694.2503810875493,291.49973792947503
6852,-689.6677174547762,302.1822767037786
6853,-684.9206915293167,312.79279909896053
6854,-680.0104346270859,323.3287764048257
6855,-674.9381169653652,333.78769767684213
6856,-669.7049473839182,344.1670703345445
6857,-664.3121730568969,354.46442075557246
6858,-658.761079195613,364.6772948651881
6859,-653.052988742248,374.80325872112866
6860,-647.1892620545643,384.83989909367295
6861,-641.1712965817076,394.7848240407576
6862,-635.0005265311629,404.6356634780303
6863,-628.6784225269527,414.3900697436926
6864,-622.2064912591584,424.04571815799164
6865,-615.5862751248408,433.6003075772478
6866,-608.8193518604587,443.05156094225754
6867,-601.9073341658595,452.3972258209686
6868,-594.8518693199369,461.63507494528267
6869,-587.6546387880542,470.76290674185645
6870,-580.3173578213094,479.77854585678836
6871,-572.8417750477626,488.67984367404455
6872,-565.2296720556957,497.46467882752313
6873,-557.4828629690234,506.13095770662073
6874,-549.6031940149518,514.6766149551808
6875,-541.5925430839806,523.0996139637141
6876,-533.4528192823636,531.3979473547653
6877,-525.1859624771309,539.5696374613101
6878,-516.7939428337733,547.6127367980795
6879,-508.27876034671493,555.5253285256819
6880,-499.6424443626695,563.3055269074295
6881,-490.88705309700543,570.9514777587477
6882,-482.014673143231,578.4613588890655
6883,-473.0274189757144,585.8333805360821
6884,-463.92743244575905,593.0657857923062
6885,-454.7168822711572,600.1568510237624
6886,-445.39796351933745,607.1048862807703
6887,-435.97289708423614,613.9082357006934
6888,-426.4439291570105,620.5652779025673
6889,-416.8133306907231,627.0744263735095
6890,-407.08339685912756,633.4341298468169
6891,-397.25644650967956,639.6428726716667
6892,-387.33482161090836,645.6991751743267
6893,-377.3208866942755,651.6015940107925
6894,-367.2170282906562,657.3487225107687
6895,-357.02565436158045,662.9391910129053
6896,-346.74919372536453,668.3716671912191
6897,-336.39009547827396,673.6448563726126
6898,-325.95082841085133,678.7575018454232
6899,-315.43388041955086,683.7083851589247
6900,-304.8417579138212,688.4963264137081
6901,-294.1769852187775,693.1201845428765
6902,-283.44210397359757,697.578857583987
6903,-272.6396725258005,701.8712829416689
6904,-261.77226532153423,705.9964376408653
6905,-250.84247229203558,709.953338570627
6906,-239.85289823639116,713.7410427184102
6907,-228.8061622007609,717.3586473948154
6908,-217.70489685420551,720.8052904487174
6909,-206.55174786126517,724.0801504727335
6910,-195.3493732514405,727.1824469989834
6911,-184.10044278573076,730.1114406850901
6912,-172.80763732037195,732.8664334903809
6913,-161.47364816793478,735.4467688422446
6914,-150.10117645592703,737.8518317926078
6915,-138.69293248305678,740.0810491644887
6916,-127.25163507331342,742.1338896885981
6917,-115.78001092801343,744.0098641299517
6918,-104.28079397597223,745.7085254044645
6919,-92.75672472195022,747.2294686855012
6920,-81.21054959353171,748.5723315003544
6921,-69.6450202865955,749.7367938166299
6922,-58.062893109526684,750.7225781185163
6923,-46.46692832633255,751.5294494729235
6924,-34.85988949881236,752.1572155854723
6925,-23.244542827941217,752.6057268463217
6926,-11.62365649462769,752.8748763658241
6927,5.817390461611243,781.4168460242377
6928,17.450881784828393,781.2436214185572
6929,29.080504593908266,780.8972106076533
6930,40.703680832291724,780.3776903839274
6931,52.317833872496394,779.6851759147021
6932,63.92038908730385,778.8198207166903
6933,75.50877442050343,777.7818166219647
6934,87.08042095706587,776.5713937354312
6935,98.63276349262104,775.1888203838203
6936,110.16324110211256,773.6344030562032
6937,121.66929770750433,771.9084863360505
6938,133.14838264441207,770.0114528248441
6939,144.59795122753513,767.9437230572624
6940,156.01546531476262,765.7057554079557
6941,167.39839386982928,763.298045989934
6942,178.7442135233958,760.7211285445886
6943,190.05040913242993,757.9755743233721
6944,201.31447433776353,755.0619919611634
6945,212.53391211970288,751.9810273413448
6946,223.70623535156824,748.7333634526237
6947,234.82896735104057,745.3197202376265
6948,245.89964242919274,741.7408544333022
6949,256.915806437084,737.9975594031682
6950,267.8750173097956,734.0906649614383
6951,278.7748456077891,730.0210371890685
6952,289.61287505546363,725.7895782417645
6953,300.3867030767975,721.3972261499914
6954,311.0939413279506,716.8449546110313
6955,321.7322162267133,712.1337727731338
6956,332.2991694786827,707.2647250118075
6957,342.79245860004903,702.2388906983034
6958,353.2097574368787,697.0573839603388
6959,363.54875668077545,691.7213534351185
6960,373.80716438080935,686.2319820147037
6961,383.9827064515958,680.5904865837883
6962,394.0731271774154,674.7981177499405
6963,404.0761897122619,668.8561595663675
6964,413.98967657570614,662.7659292472662
6965,423.811390144467,656.528776875823
6966,433.539153139582,650.1460851049278
6967,443.17080910906554,643.6192688506662
6968,452.7042229059525,636.9497749786616
6969,462.13728116161747,630.1390819833333
6970,471.46789275426676,623.188699660144
6971,480.69398927249836,616.1001687709079
6972,489.81352547382835,608.8750607022341
6973,498.8244797380797,601.5149771171821
6974,507.7248545155359,594.0215496002041
6975,516.5126767697582,586.3964392954558
6976,525.1859984149679,578.6413365385532
6977,533.7428967478992,570.7579604818591
6978,542.1814748740237,562.7480587133805
6979,550.4998621280546,554.6134068693641
6980,558.6962144886359,546.3558082406721
6981,566.7687149871253,537.9770933730289
6982,574.7155741103807,529.4791196612247
6983,582.5350301974586,520.8637709373689
6984,590.2253498301403,512.1329570532816
6985,597.784828217196,503.288613457117
6986,605.2117895723034,494.33270076431313
6987,612.5045874855355,485.2672043229626
6988,619.6616052883381,476.09413377370004
6989,626.6812564119125,466.8155226042047
6990,633.5619847389262,457.4334276984168
6991,640.3022649484736,447.9499288805666
6992,646.9006028542093,438.36712845411955
6993,653.3555357355792,428.6871507357366
6994,659.6656326620774,418.91214158435554
6995,665.8294948104538,409.044267925497
6996,671.8457557748069,399.08571727089964
6997,677.713081869488,389.03869723359225
6998,683.4301724247529,378.90543503851
6999,688.9957600750947,368.6881770287629
7000,694.408611040194,358.38918816766557
7001,699.6675253984228,348.0107515366406
7002,704.7713373528433,337.5551678291044
7003,709.7189154896424,327.0247548404489
7004,714.5091630289443,316.42184695423214
7005,719.1410180679428,305.74879462469295
7006,723.6134538163064,295.0079638557001
7007,727.9254788237957,284.20173567625795
7008,732.0761372000491,273.3325056126785
7009,736.0645088264839,262.40268315754093
7010,739.8897095602699,251.4146912355549
7011,743.5508914303241,240.37096566644718
7012,747.0472428252912,229.27395462498663
7013,750.37798867346,218.1261180982751
7014,753.5423906145829,206.92992734041468
7015,756.5397471635546,195.68786432468124
7016,759.3693938659177,184.40242119332024
7017,762.0307034451596,173.0760997050867
7018,764.5230859417666,161.71141068065734
7019,766.8459888440063,150.3108734460288
7020,768.998897210409,138.8770152740356
7021,770.9813337839195,127.4123708241022
7022,772.7928590976954,115.91948158035979
7023,774.433071572529,104.40089528824971
7024,775.9016076058683,92.85916538973964
7025,777.1981416524216,81.29685045727418
7026,778.3223862963232,69.71651362659279
7027,779.2740923148493,58.12072202853072
7028,780.0530487336641,46.5120462199396
7029,780.65908287359,34.89305961384413
7030,781.0920603888864,23.266337908968364
7031,781.3518852970315,11.634458518754032
7032,781.4385,4.7849307887775446e-14
7033,781.3518852970315,-11.634458518754283
7034,781.0920603888864,-23.266337908968268
7035,780.65908287359,-34.89305961384404
7036,780.0530487336641,-46.51204621993968
7037,779.2740923148493,-58.12072202853062
7038,778.3223862963233,-69.7165136265927
7039,777.1981416524216,-81.29685045727409
7040,775.9016076058683,-92.85916538973956
7041,774.433071572529,-104.4008952882498
7042,772.7928590976954,-115.91948158035969
7043,770.9813337839195,-127.41237082410211
7044,768.998897210409,-138.87701527403573
7045,766.8459888440063,-150.31087344602872
7046,764.5230859417666,-161.71141068065725
7047,762.0307034451596,-173.07609970508662
7048,759.3693938659177,-184.40242119332015
7049,756.5397471635546,-195.68786432468124
7050,753.5423906145829,-206.92992734041457
7051,750.3779886734601,-218.12611809827501
7052,747.047242825291,-229.27395462498686
7053,743.5508914303241,-240.3709656664471
7054,739.8897095602698,-251.41469123555515
7055,736.0645088264839,-262.4026831575408
7056,732.0761372000491,-273.3325056126784
7057,727.9254788237957,-284.20173567625807
7058,723.6134538163064,-295.0079638557
7059,719.1410180679428,-305.7487946246929
7060,714.5091630289444,-316.421846954232
7061,709.7189154896424,-327.02475484044885
7062,704.7713373528433,-337.5551678291043
7063,699.6675253984228,-348.01075153664067
7064,694.4086110401942,-358.38918816766534
7065,688.9957600750948,-368.68817702876277
7066,683.4301724247528,-378.90543503851006
7067,677.713081869488,-389.0386972335922
7068,671.8457557748069,-399.08571727089964
7069,665.8294948104538,-409.0442679254973
7070,659.6656326620773,-418.9121415843556
7071,653.3555357355791,-428.68715073573674
7072,646.9006028542093,-438.36712845411955
7073,640.3022649484735,-447.94992888056663
7074,633.5619847389262,-457.4334276984167
7075,626.6812564119124,-466.8155226042048
7076,619.6616052883383,-476.0941337736999
7077,612.5045874855355,-485.2672043229627
7078,605.2117895723034,-494.332700764313
7079,597.784828217196,-503.288613457117
7080,590.2253498301404,-512.1329570532815
7081,582.5350301974586,-520.8637709373689
7082,574.7155741103805,-529.4791196612248
7083,566.7687149871255,-537.9770933730288
7084,558.696214488636,-546.3558082406721
7085,550.4998621280546,-554.6134068693641
7086,542.1814748740236,-562.7480587133806
7087,533.7428967478993,-570.757960481859
7088,525.1859984149681,-578.6413365385531
7089,516.512676769758,-586.396439295456
7090,507.7248545155359,-594.0215496002041
7091,498.82447973807984,-601.514977117182
7092,489.81352547382835,-608.8750607022341
7093,480.6939892724983,-616.100168770908
7094,471.46789275426676,-623.188699660144
7095,462.13728116161735,-630.1390819833334
7096,452.70422290595263,-636.9497749786615
7097,443.17080910906554,-643.6192688506662
7098,433.53915313958186,-650.1460851049279
7099,423.811390144467,-656.528776875823
7100,413.98967657570626,-662.7659292472662
7101,404.0761897122622,-668.8561595663674
7102,394.07312717741513,-674.7981177499406
7103,383.9827064515956,-680.5904865837883
7104,373.80716438080947,-686.2319820147036
7105,363.54875668077545,-691.7213534351185
7106,353.20975743687853,-697.0573839603389
7107,342.7924586000491,-702.2388906983032
7108,332.2991694786826,-707.2647250118075
7109,321.73221622671343,-712.1337727731337
7110,311.0939413279505,-716.8449546110313
7111,300.3867030767973,-721.3972261499915
7112,289.6128750554636,-725.7895782417645
7113,278.77484560778913,-730.0210371890685
7114,267.87501730979557,-734.0906649614383
7115,256.91580643708375,-737.9975594031683
7116,245.89964242919274,-741.7408544333022
7117,234.82896735104075,-745.3197202376265
7118,223.70623535156795,-748.7333634526237
7119,212.53391211970276,-751.9810273413449
7120,201.31447433776358,-755.0619919611634
7121,190.05040913242985,-757.9755743233723
7122,178.7442135233959,-760.7211285445886
7123,167.3983938698292,-763.298045989934
7124,156.0154653147624,-765.7057554079557
7125,144.5979512275351,-767.9437230572624
7126,133.14838264441224,-770.0114528248441
7127,121.66929770750434,-771.9084863360505
7128,110.16324110211244,-773.6344030562032
7129,98.63276349262107,-775.1888203838201
7130,87.08042095706611,-776.5713937354312
7131,75.50877442050316,-777.7818166219647
7132,63.920389087303775,-778.8198207166903
7133,52.3178338724965,-779.6851759147021
7134,40.703680832291674,-780.3776903839274
7135,29.08050459390806,-780.8972106076533
7136,17.45088178482838,-781.2436214185572
7137,5.817390461611071,-781.4168460242377
7138,-5.817390461611226,-781.4168460242377
7139,-17.450881784828535,-781.2436214185572
7140,-29.080504593908216,-780.8972106076533
7141,-40.70368083229182,-780.3776903839274
7142,-52.3178338724963,-779.6851759147021
7143,-63.92038908730359,-778.8198207166904
7144,-75.50877442050366,-777.7818166219647
7145,-87.08042095706591,-776.5713937354312
7146,-98.6327634926209,-775.1888203838203
7147,-110.16324110211258,-773.6344030562032
7148,-121.6692977075045,-771.9084863360505
7149,-133.14838264441204,-770.0114528248441
7150,-144.59795122753525,-767.9437230572623
7151,-156.0154653147626,-765.7057554079557
7152,-167.39839386982936,-763.298045989934
7153,-178.74421352339573,-760.7211285445887
7154,-190.05040913243,-757.9755743233721
7155,-201.31447433776341,-755.0619919611634
7156,-212.53391211970293,-751.9810273413448
7157,-223.70623535156847,-748.7333634526237
7158,-234.82896735104057,-745.3197202376265
7159,-245.89964242919257,-741.7408544333022
7160,-256.9158064370842,-737.9975594031681
7161,-267.87501730979574,-734.0906649614383
7162,-278.77484560778896,-730.0210371890685
7163,-289.61287505546375,-725.7895782417645
7164,-300.3867030767974,-721.3972261499914
7165,-311.0939413279507,-716.8449546110313
7166,-321.73221622671326,-712.1337727731338
7167,-332.29916947868276,-707.2647250118075
7168,-342.7924586000489,-702.2388906983034
7169,-353.20975743687865,-697.0573839603388
7170,-363.5487566807756,-691.7213534351185
7171,-373.8071643808093,-686.2319820147037
7172,-383.98270645159545,-680.5904865837883
7173,-394.0731271774156,-674.7981177499404
7174,-404.076189712262,-668.8561595663674
7175,-413.9896765757061,-662.7659292472662
7176,-423.81139014446717,-656.528776875823
7177,-433.53915313958225,-650.1460851049277
7178,-443.1708091090656,-643.6192688506661
7179,-452.70422290595246,-636.9497749786616
7180,-462.1372811616175,-630.1390819833333
7181,-471.46789275426687,-623.1886996601439
7182,-480.69398927249836,-616.1001687709079
7183,-489.8135254738284,-608.875060702234
7184,-498.8244797380797,-601.5149771171821
7185,-507.72485451553575,-594.0215496002043
7186,-516.5126767697584,-586.3964392954557
7187,-525.185998414968,-578.6413365385532
7188,-533.742896747899,-570.7579604818592
7189,-542.1814748740237,-562.7480587133805
7190,-550.4998621280547,-554.613406869364
7191,-558.6962144886359,-546.3558082406721
7192,-566.7687149871252,-537.977093373029
7193,-574.7155741103808,-529.4791196612247
7194,-582.5350301974587,-520.8637709373688
7195,-590.2253498301403,-512.1329570532816
7196,-597.7848282171963,-503.2886134571169
7197,-605.2117895723036,-494.33270076431296
7198,-612.5045874855358,-485.26720432296224
7199,-619.6616052883381,-476.0941337737001
7200,-626.6812564119125,-466.8155226042047
7201,-633.5619847389263,-457.4334276984166
7202,-640.3022649484739,-447.9499288805663
7203,-646.9006028542092,-438.3671284541197
7204,-653.3555357355792,-428.6871507357366
7205,-659.6656326620774,-418.91214158435554
7206,-665.8294948104535,-409.04426792549737
7207,-671.8457557748071,-399.0857172708993
7208,-677.713081869488,-389.0386972335923
7209,-683.4301724247529,-378.90543503850995
7210,-688.995760075095,-368.6881770287626
7211,-694.4086110401943,-358.3891881676652
7212,-699.6675253984226,-348.01075153664084
7213,-704.7713373528431,-337.55516782910445
7214,-709.7189154896425,-327.0247548404487
7215,-714.5091630289444,-316.4218469542319
7216,-719.1410180679428,-305.74879462469306
7217,-723.6134538163064,-295.00796385570015
7218,-727.9254788237957,-284.2017356762579
7219,-732.0761372000492,-273.33250561267823
7220,-736.0645088264841,-262.40268315754054
7221,-739.8897095602698,-251.41469123555515
7222,-743.5508914303241,-240.37096566644712
7223,-747.0472428252912,-229.27395462498654
7224,-750.3779886734602,-218.12611809827473
7225,-753.5423906145829,-206.9299273404148
7226,-756.5397471635546,-195.68786432468133
7227,-759.3693938659178,-184.40242119331998
7228,-762.0307034451597,-173.07609970508645
7229,-764.5230859417668,-161.71141068065674
7230,-766.8459888440065,-150.31087344602824
7231,-768.998897210409,-138.87701527403556
7232,-770.9813337839195,-127.41237082410194
7233,-772.7928590976956,-115.91948158035937
7234,-774.4330715725291,-104.4008952882493
7235,-775.9016076058684,-92.85916538973888
7236,-777.1981416524217,-81.29685045727341
7237,-778.3223862963233,-69.71651362659236
7238,-779.2740923148493,-58.12072202853029
7239,-780.0530487336641,-46.512046219939
7240,-780.65908287359,-34.89305961384406
7241,-781.0920603888864,-23.26633790896811
7242,-781.3518852970315,-11.634458518753087
7243,-781.4385,5.505088883595099e-13
7244,-781.3518852970315,11.634458518754881
7245,-781.0920603888864,23.266337908969213
7246,-780.65908287359,34.893059613844464
7247,-780.0530487336641,46.5120462199401
7248,-779.2740923148493,58.1207220285307
7249,-778.3223862963232,69.71651362659277
7250,-777.1981416524216,81.2968504572745
7251,-775.9016076058683,92.85916538973997
7252,-774.433071572529,104.40089528825038
7253,-772.7928590976953,115.91948158036045
7254,-770.9813337839195,127.41237082410237
7255,-768.9988972104089,138.87701527403598
7256,-766.8459888440062,150.31087344602932
7257,-764.5230859417666,161.71141068065714
7258,-762.0307034451596,173.07609970508685
7259,-759.3693938659176,184.40242119332106
7260,-756.5397471635545,195.6878643246817
7261,-753.5423906145827,206.9299273404152
7262,-750.3779886734599,218.12611809827575
7263,-747.047242825291,229.27395462498694
7264,-743.550891430324,240.37096566644752
7265,-739.8897095602697,251.41469123555555
7266,-736.0645088264839,262.4026831575409
7267,-732.076137200049,273.3325056126793
7268,-727.9254788237954,284.2017356762589
7269,-723.6134538163063,295.00796385570055
7270,-719.1410180679427,305.74879462469346
7271,-714.5091630289439,316.4218469542329
7272,-709.7189154896424,327.024754840449
7273,-704.771337352843,337.55516782910485
7274,-699.6675253984228,348.01075153664056
7275,-694.408611040194,358.38918816766557
7276,-688.9957600750944,368.6881770287636
7277,-683.4301724247528,378.9054350385103
7278,-677.7130818694877,389.0386972335927
7279,-671.8457557748065,399.0857172709002
7280,-665.8294948104538,409.0442679254972
7281,-659.6656326620772,418.91214158435594
7282,-653.3555357355791,428.68715073573696
7283,-646.9006028542094,438.36712845411944
7284,-640.3022649484732,447.94992888056714
7285,-633.5619847389256,457.43342769841746
7286,-626.6812564119123,466.81552260420506
7287,-619.6616052883379,476.09413377370043
7288,-612.5045874855351,485.2672043229631
7289,-605.2117895723032,494.3327007643132
7290,-597.7848282171959,503.28861345711715
7291,-590.2253498301401,512.132957053282
7292,-582.5350301974587,520.8637709373689
7293,-574.7155741103802,529.4791196612252
7294,-566.7687149871248,537.9770933730294
7295,-558.6962144886355,546.3558082406724
7296,-550.4998621280542,554.6134068693646
7297,-542.1814748740231,562.748058713381
7298,-533.742896747899,570.7579604818592
7299,-525.1859984149677,578.6413365385536
7300,-516.5126767697583,586.3964392954557
7301,-507.7248545155355,594.0215496002045
7302,-498.82447973807905,601.5149771171826
7303,-489.8135254738282,608.8750607022342
7304,-480.693989272498,616.1001687709081
7305,-471.46789275426624,623.1886996601444
7306,-462.13728116161747,630.1390819833333
7307,-452.70422290595235,636.9497749786617
7308,-443.17080910906526,643.6192688506663
7309,-433.5391531395816,650.146085104928
7310,-423.8113901444665,656.5287768758234
7311,-413.98967657570535,662.7659292472665
7312,-404.0761897122617,668.8561595663676
7313,-394.07312717741496,674.7981177499408
7314,-383.9827064515951,680.5904865837886
7315,-373.80716438080924,686.2319820147037
7316,-363.5487566807753,691.7213534351187
7317,-353.2097574368783,697.057383960339
7318,-342.7924586000486,702.2388906983035
7319,-332.2991694786821,707.2647250118077
7320,-321.7322162267126,712.1337727731342
7321,-311.0939413279503,716.8449546110315
7322,-300.38670307679706,721.3972261499916
7323,-289.61287505546306,725.7895782417647
7324,-278.7748456077889,730.0210371890686
7325,-267.87501730979534,734.0906649614384
7326,-256.91580643708284,737.9975594031686
7327,-245.89964242919217,741.7408544333023
7328,-234.8289673510399,745.3197202376268
7329,-223.70623535156807,748.7333634526237
7330,-212.53391211970253,751.981027341345
7331,-201.31447433776302,755.0619919611635
7332,-190.05040913242993,757.9755743233721
7333,-178.74421352339567,760.7211285445887
7334,-167.39839386982896,763.2980459899342
7335,-156.01546531476217,765.7057554079558
7336,-144.5979512275345,767.9437230572626
7337,-133.1483826444113,770.0114528248442
7338,-121.66929770750409,771.9084863360506
7339,-110.16324110211217,773.6344030562033
7340,-98.63276349262048,775.1888203838203
7341,-87.08042095706585,776.5713937354312
7342,-75.50877442050324,777.7818166219647
7343,-63.92038908730283,778.8198207166904
7344,-52.3178338724959,779.6851759147021
7345,-40.70368083229108,780.3776903839274
7346,-29.080504593907463,780.8972106076533
7347,-17.45088178482813,781.2436214185572
7348,-5.817390461610819,781.4168460242377
7349,0.0,810.4934999999999
7350,11.626269849507331,810.410108149964
7351,23.250147240218215,810.1599497602668
7352,34.86924020565741,809.7430763086091
7353,46.48115776389076,809.1595735793887
7354,58.08351040954247,808.4095616460473
7355,69.67391060550857,807.4931948463625
7356,81.2499732742653,806.410661750687
7357,92.8093162886714,805.1621851231461
7358,104.34956096216327,803.7480218757951
7359,115.86833253824209,802.168463015754
7360,127.36326067915225,800.4238335853227
7361,138.8319799536504,798.5144925950932
7362,150.272130323765,796.4408329500737
7363,161.68135763044594,794.2032813688355
7364,173.0573140780043,791.8022982957026
7365,184.3976587172429,789.2383778060017
7366,195.70005792717765,786.5120475043908
7367,206.96218589525128,783.6238684162889
7368,218.1817250959399,780.5744348724276
7369,229.35636676765444,777.3643743865492
7370,240.48381138783856,773.9943475262777
7371,251.56176914616543,770.4650477771859
7372,262.58796041573606,766.7772014000897
7373,273.5601162221814,762.9315672815985
7374,284.4759787105735,758.9289367779511
7375,295.3333016100473,754.7701335521688
7376,306.1298506960396,750.4560134045635
7377,316.86340425004863,745.9874640966295
7378,327.53175351682,741.3654051683603
7379,338.13270315886575,736.5907877490243
7380,348.6640717082215,731.6645943614425
7381,359.12369201535,726.5878387198026
7382,369.509411695098,721.3615655210585
7383,379.81909356961506,715.9868502299507
7384,390.0506161081431,710.4647988576969
7385,400.2018738635854,704.7965477343974
7386,410.2707779057671,698.9832632751993
7387,420.25525625129535,693.0261417402722
7388,430.1532542899339,686.9264089886408
7389,439.9627352074005,680.685320225927
7390,449.6816804045047,674.3041597460532
7391,459.3080899125349,667.7842406669602
7392,468.83998280481364,661.1269046603927
7393,478.2753976043331,654.3335216758094
7394,487.61239268738876,647.405489658475
7395,496.84904668312737,640.3442342617894
7396,505.9834588689279,633.1512085539171
7397,515.013749561533,625.8278927187733
7398,523.9380605038502,618.3757937514321
7399,532.7545552473465,610.7964451480149
7400,541.4614195299514,603.0914065901287
7401,550.0568616493985,595.2622636239125
7402,558.5391128319216,587.3106273337643
7403,566.906427596234,579.2381340108105
7404,575.1570841127148,571.0464448161896
7405,583.2893845577267,562.7372454392175
7406,591.3016554629965,554.3122457505062
7407,599.1922480599802,545.7731794501054
7408,606.9595386191489,537.1218037107409
7409,614.6019287841197,528.3598988162233
7410,622.1178459005664,519.4892677950997
7411,629.5057433398412,510.5117360496269
7412,636.7641008172399,501.4291509801378
7413,643.8914247048476,492.243381604884
7414,650.8862483388976,482.95631817542744
7415,657.7471323215825,473.569871787664
7416,664.4726648172531,464.0859739885577
7417,671.0614618429479,454.5065763786654
7418,677.5121675531889,444.8336502105361
7419,683.823454518988,435.0691859830657
7420,689.9940240010066,425.2151930318911
7421,696.0226062168093,415.2736991159086
7422,701.9079606021628,405.2467500000001
7423,707.6488760663168,395.1364090340556
7424,713.2441712412246,384.9447567283759
7425,718.6926947246454,374.6738903255436
7426,723.9933253170797,364.3259233688527
7427,729.1449722524904,353.902985267382
7428,734.1465754227618,343.4072208578047
7429,738.9971055958478,332.84078996302316
7430,743.6955646275692,322.2058669477187
7431,748.240985667011,311.5046402709111
7432,752.632433355482,300.73931203561636
7433,756.8690040189935,289.91209753569575
7434,760.9498258542168,279.0252247999935
7435,764.8740591078847,268.0809341338506
7436,768.6408962495949,257.08147765809457
7437,772.2495621379845,246.0291188455973
7438,775.6993141802394,234.92613205549551
7439,778.9894424849045,223.77480206517333
7440,782.1192700079661,212.57742360009954
7441,785.088152692174,201.33630086161705
7442,787.895479599576,190.0537470527849
7443,790.5406730372371,178.73208390236533
7444,793.0231886761169,167.3736411870573
7445,795.3425156630825,155.98075625207488
7446,797.4981767260317,144.55577353016682
7447,799.4897282721065,133.1010440591778
7448,801.3167604789753,121.61892499825194
7449,802.978897379167,110.11177914277422
7450,804.4757969374374,98.58197443815467
7451,805.8071511211531,87.03188349255103
7452,806.9726859636793,75.46388308863186
7453,807.9721616207564,63.880353694482274
7454,808.8053724198546,52.28367897374966
7455,809.4721469024986,40.67624529513162
7456,809.972347859549,29.060441241309835
7457,810.3058723594386,17.4386571174248
7458,810.4726517693526,5.8132844591980675
7459,810.4726517693526,-5.813284459197969
7460,810.3058723594386,-17.4386571174247
7461,809.972347859549,-29.060441241309913
7462,809.4721469024986,-40.67624529513153
7463,808.8053724198546,-52.28367897374938
7464,807.9721616207564,-63.880353694482174
7465,806.9726859636793,-75.46388308863158
7466,805.8071511211532,-87.03188349255075
7467,804.4757969374374,-98.58197443815457
7468,802.978897379167,-110.11177914277395
7469,801.3167604789753,-121.61892499825167
7470,799.4897282721065,-133.1010440591777
7471,797.4981767260318,-144.55577353016656
7472,795.3425156630825,-155.98075625207477
7473,793.0231886761169,-167.37364118705702
7474,790.5406730372371,-178.73208390236508
7475,787.895479599576,-190.0537470527848
7476,785.088152692174,-201.33630086161676
7477,782.1192700079662,-212.57742360009928
7478,778.9894424849045,-223.77480206517325
7479,775.6993141802395,-234.92613205549523
7480,772.2495621379846,-246.02911884559708
7481,768.640896249595,-257.08147765809446
7482,764.8740591078848,-268.0809341338503
7483,760.9498258542169,-279.0252247999932
7484,756.8690040189936,-289.91209753569547
7485,752.6324333554821,-300.7393120356161
7486,748.2409856670109,-311.50464027091124
7487,743.6955646275692,-322.2058669477186
7488,738.9971055958479,-332.84078996302304
7489,734.1465754227618,-343.40722085780465
7490,729.1449722524906,-353.9029852673817
7491,723.9933253170797,-364.3259233688526
7492,718.6926947246455,-374.67389032554337
7493,713.2441712412249,-384.9447567283755
7494,707.6488760663169,-395.13640903405553
7495,701.9079606021629,-405.2467499999998
7496,696.0226062168097,-415.27369911590813
7497,689.9940240010066,-425.215193031891
7498,683.8234545189881,-435.06918598306544
7499,677.5121675531891,-444.83365021053584
7500,671.061461842948,-454.50657637866533
7501,664.4726648172534,-464.08597398855744
7502,657.7471323215825,-473.569871787664
7503,650.8862483388978,-482.95631817542727
7504,643.8914247048477,-492.2433816048837
7505,636.7641008172399,-501.4291509801378
7506,629.5057433398412,-510.5117360496268
7507,622.1178459005664,-519.4892677950999
7508,614.60192878412,-528.359898816223
7509,606.959538619149,-537.1218037107408
7510,599.1922480599804,-545.7731794501053
7511,591.3016554629965,-554.3122457505062
7512,583.2893845577269,-562.7372454392174
7513,575.1570841127146,-571.0464448161896
7514,566.9064275962343,-579.2381340108103
7515,558.5391128319217,-587.3106273337643
7516,550.0568616493987,-595.2622636239124
7517,541.4614195299514,-603.0914065901286
7518,532.7545552473465,-610.7964451480146
7519,523.9380605038506,-618.3757937514318
7520,515.0137495615332,-625.827892718773
7521,505.9834588689281,-633.151208553917
7522,496.84904668312754,-640.3442342617892
7523,487.61239268738876,-647.405489658475
7524,478.27539760433325,-654.3335216758094
7525,468.83998280481387,-661.1269046603925
7526,459.3080899125352,-667.78424066696
7527,449.6816804045048,-674.3041597460532
7528,439.96273520740067,-680.6853202259268
7529,430.1532542899339,-686.9264089886408
7530,420.2552562512958,-693.0261417402719
7531,410.2707779057674,-698.9832632751992
7532,400.2018738635855,-704.7965477343974
7533,390.0506161081433,-710.4647988576969
7534,379.819093569615,-715.9868502299507
7535,369.50941169509804,-721.3615655210585
7536,359.1236920153502,-726.5878387198026
7537,348.6640717082218,-731.6645943614423
7538,338.1327031588658,-736.5907877490243
7539,327.5317535168202,-741.3654051683602
7540,316.8634042500486,-745.9874640966295
7541,306.1298506960397,-750.4560134045635
7542,295.3333016100475,-754.7701335521687
7543,284.47597871057377,-758.9289367779509
7544,273.5601162221815,-762.9315672815985
7545,262.58796041573623,-766.7772014000897
7546,251.56176914616543,-770.4650477771859
7547,240.48381138783895,-773.9943475262776
7548,229.3563667676546,-777.3643743865491
7549,218.1817250959402,-780.5744348724274
7550,206.96218589525137,-783.6238684162889
7551,195.70005792717785,-786.5120475043908
7552,184.39765871724285,-789.2383778060017
7553,173.05731407800474,-791.8022982957026
7554,161.68135763044612,-794.2032813688355
7555,150.2721303237653,-796.4408329500737
7556,138.83197995365046,-798.5144925950932
7557,127.36326067915245,-800.4238335853225
7558,115.86833253824243,-802.168463015754
7559,104.34956096216371,-803.7480218757951
7560,92.8093162886716,-805.162185123146
7561,81.24997327426526,-806.410661750687
7562,69.67391060550867,-807.4931948463625
7563,58.08351040954233,-808.4095616460473
7564,46.4811577638911,-809.1595735793887
7565,34.869240205657505,-809.7430763086091
7566,23.250147240218432,-810.1599497602668
7567,11.626269849507308,-810.410108149964
7568,9.925682705047352e-14,-810.4934999999999
7569,-11.626269849507109,-810.410108149964
7570,-23.250147240217874,-810.1599497602668
7571,-34.869240205657306,-809.7430763086091
7572,-46.481157763890536,-809.1595735793887
7573,-58.083510409542484,-808.4095616460473
7574,-69.67391060550845,-807.4931948463625
7575,-81.24997327426505,-806.410661750687
7576,-92.80931628867106,-805.1621851231461
7577,-104.34956096216317,-803.7480218757951
7578,-115.86833253824187,-802.1684630157541
7579,-127.36326067915225,-800.4238335853227
7580,-138.83197995364992,-798.5144925950932
7581,-150.27213032376477,-796.4408329500737
7582,-161.68135763044558,-794.2032813688356
7583,-173.0573140780042,-791.8022982957026
7584,-184.39765871724268,-789.2383778060018
7585,-195.70005792717768,-786.5120475043908
7586,-206.96218589525083,-783.6238684162892
7587,-218.18172509593967,-780.5744348724277
7588,-229.35636676765407,-777.3643743865493
7589,-240.48381138783841,-773.9943475262778
7590,-251.56176914616555,-770.4650477771858
7591,-262.58796041573606,-766.7772014000897
7592,-273.56011622218097,-762.9315672815989
7593,-284.47597871057326,-758.9289367779512
7594,-295.3333016100473,-754.7701335521688
7595,-306.1298506960395,-750.4560134045636
7596,-316.86340425004875,-745.9874640966295
7597,-327.53175351681966,-741.3654051683603
7598,-338.13270315886564,-736.5907877490245
7599,-348.6640717082213,-731.6645943614425
7600,-359.12369201535,-726.5878387198027
7601,-369.50941169509787,-721.3615655210587
7602,-379.81909356961523,-715.9868502299507
7603,-390.0506161081428,-710.4647988576971
7604,-400.2018738635854,-704.7965477343974
7605,-410.27077790576686,-698.9832632751994
7606,-420.25525625129535,-693.0261417402722
7607,-430.1532542899337,-686.9264089886409
7608,-439.96273520740027,-680.6853202259271
7609,-449.68168040450433,-674.3041597460534
7610,-459.30808991253474,-667.7842406669604
7611,-468.8399828048134,-661.1269046603928
7612,-478.2753976043331,-654.3335216758095
7613,-487.61239268738854,-647.4054896584751
7614,-496.8490466831271,-640.3442342617896
7615,-505.98345886892764,-633.1512085539173
7616,-515.0137495615329,-625.8278927187735
7617,-523.9380605038501,-618.3757937514322
7618,-532.7545552473465,-610.7964451480149
7619,-541.461419529951,-603.0914065901289
7620,-550.0568616493983,-595.2622636239128
7621,-558.5391128319212,-587.3106273337647
7622,-566.9064275962339,-579.2381340108107
7623,-575.1570841127148,-571.0464448161896
7624,-583.2893845577267,-562.7372454392176
7625,-591.3016554629965,-554.3122457505062
7626,-599.19224805998,-545.7731794501057
7627,-606.9595386191489,-537.121803710741
7628,-614.6019287841197,-528.3598988162233
7629,-622.1178459005663,-519.4892677951001
7630,-629.5057433398414,-510.5117360496266
7631,-636.7641008172395,-501.4291509801383
7632,-643.8914247048477,-492.24338160488395
7633,-650.8862483388976,-482.95631817542744
7634,-657.7471323215824,-473.56987178766417
7635,-664.472664817253,-464.085973988558
7636,-671.0614618429478,-454.5065763786658
7637,-677.5121675531885,-444.8336502105366
7638,-683.823454518988,-435.0691859830656
7639,-689.9940240010064,-425.21519303189115
7640,-696.0226062168093,-415.27369911590864
7641,-701.9079606021627,-405.2467500000003
7642,-707.6488760663166,-395.136409034056
7643,-713.2441712412244,-384.9447567283763
7644,-718.6926947246454,-374.67389032554354
7645,-723.9933253170796,-364.3259233688528
7646,-729.1449722524903,-353.90298526738223
7647,-734.1465754227615,-343.4072208578051
7648,-738.9971055958475,-332.84078996302355
7649,-743.6955646275688,-322.20586694771924
7650,-748.2409856670109,-311.50464027091124
7651,-752.6324333554819,-300.7393120356165
7652,-756.8690040189933,-289.91209753569603
7653,-760.9498258542168,-279.0252247999938
7654,-764.8740591078847,-268.080934133851
7655,-768.640896249595,-257.0814776580945
7656,-772.2495621379846,-246.02911884559725
7657,-775.6993141802394,-234.9261320554956
7658,-778.9894424849044,-223.77480206517362
7659,-782.119270007966,-212.57742360009982
7660,-785.0881526921739,-201.3363008616175
7661,-787.895479599576,-190.05374705278481
7662,-790.540673037237,-178.73208390236596
7663,-793.0231886761168,-167.37364118705742
7664,-795.3425156630824,-155.98075625207514
7665,-797.4981767260318,-144.5557735301664
7666,-799.4897282721064,-133.10104405917824
7667,-801.3167604789752,-121.6189249982524
7668,-802.978897379167,-110.11177914277415
7669,-804.4757969374373,-98.58197443815477
7670,-805.8071511211531,-87.03188349255113
7671,-806.9726859636793,-75.46388308863214
7672,-807.9721616207564,-63.880353694482736
7673,-808.8053724198546,-52.283678973749396
7674,-809.4721469024985,-40.676245295132446
7675,-809.972347859549,-29.060441241310116
7676,-810.3058723594386,-17.43865711742508
7677,-810.4726517693526,-5.813284459197808
7678,-810.4726517693526,5.81328445919751
7679,-810.3058723594386,17.438657117424064
7680,-809.972347859549,29.060441241309817
7681,-809.4721469024986,40.67624529513143
7682,-808.8053724198546,52.28367897374982
7683,-807.9721616207565,63.88035369448171
7684,-806.9726859636795,75.46388308863114
7685,-805.8071511211532,87.03188349255083
7686,-804.4757969374374,98.58197443815448
7687,-802.978897379167,110.11177914277384
7688,-801.3167604789753,121.61892499825139
7689,-799.4897282721066,133.10104405917727
7690,-797.4981767260317,144.5557735301668
7691,-795.3425156630827,155.98075625207414
7692,-793.0231886761169,167.3736411870571
7693,-790.5406730372371,178.73208390236496
7694,-787.8954795995759,190.0537470527852
7695,-785.088152692174,201.3363008616165
7696,-782.1192700079663,212.57742360009883
7697,-778.9894424849045,223.77480206517333
7698,-775.6993141802395,234.92613205549532
7699,-772.2495621379846,246.02911884559694
7700,-768.640896249595,257.08147765809423
7701,-764.8740591078849,268.08093413385
7702,-760.9498258542168,279.0252247999935
7703,-756.8690040189937,289.91209753569507
7704,-752.632433355482,300.7393120356162
7705,-748.240985667011,311.50464027091095
7706,-743.6955646275693,322.20586694771833
7707,-738.997105595848,332.84078996302264
7708,-734.146575422762,343.40722085780425
7709,-729.1449722524904,353.90298526738195
7710,-723.9933253170798,364.3259233688525
7711,-718.692694724646,374.67389032554263
7712,-713.2441712412249,384.9447567283754
7713,-707.648876066317,395.13640903405513
7714,-701.9079606021628,405.2467500000001
7715,-696.0226062168094,415.2736991159084
7716,-689.9940240010066,425.2151930318909
7717,-683.8234545189882,435.0691859830654
7718,-677.5121675531891,444.8336502105357
7719,-671.0614618429479,454.5065763786655
7720,-664.4726648172535,464.0859739885571
7721,-657.7471323215826,473.5698717876639
7722,-650.8862483388979,482.95631817542716
7723,-643.8914247048479,492.24338160488367
7724,-636.7641008172402,501.4291509801375
7725,-629.5057433398416,510.51173604962645
7726,-622.1178459005664,519.4892677950997
7727,-614.6019287841198,528.3598988162232
7728,-606.9595386191495,537.1218037107403
7729,-599.1922480599804,545.7731794501052
7730,-591.3016554629968,554.3122457505059
7731,-583.2893845577267,562.7372454392176
7732,-575.1570841127153,571.0464448161891
7733,-566.9064275962342,579.2381340108104
7734,-558.5391128319218,587.3106273337643
7735,-550.0568616493988,595.2622636239123
7736,-541.4614195299519,603.0914065901281
7737,-532.7545552473468,610.7964451480145
7738,-523.9380605038504,618.3757937514321
7739,-515.013749561533,625.8278927187732
7740,-505.9834588689287,633.1512085539164
7741,-496.8490466831276,640.3442342617892
7742,-487.6123926873891,647.4054896584747
7743,-478.27539760433297,654.3335216758095
7744,-468.83998280481364,661.1269046603927
7745,-459.3080899125356,667.7842406669597
7746,-449.68168040450485,674.3041597460531
7747,-439.9627352074008,680.6853202259267
7748,-430.1532542899336,686.9264089886409
7749,-420.2552562512959,693.0261417402719
7750,-410.2707779057678,698.983263275199
7751,-400.2018738635856,704.7965477343973
7752,-390.05061610814334,710.4647988576969
7753,-379.81909356961546,715.9868502299505
7754,-369.50941169509844,721.3615655210583
7755,-359.1236920153499,726.5878387198027
7756,-348.66407170822157,731.6645943614424
7757,-338.13270315886655,736.590787749024
7758,-327.53175351682023,741.3654051683601
7759,-316.863404250049,745.9874640966293
7760,-306.12985069603945,750.4560134045636
7761,-295.33330161004795,754.7701335521685
7762,-284.4759787105742,758.9289367779508
7763,-273.5601162221816,762.9315672815985
7764,-262.5879604157363,766.7772014000896
7765,-251.56176914616583,770.4650477771856
7766,-240.48381138783904,773.9943475262776
7767,-229.35636676765506,777.3643743865491
7768,-218.18172509593998,780.5744348724276
7769,-206.9621858952522,783.6238684162887
7770,-195.70005792717797,786.5120475043908
7771,-184.3976587172433,789.2383778060016
7772,-173.05731407800482,791.8022982957026
7773,-161.6813576304459,794.2032813688355
7774,-150.27213032376577,796.4408329500736
7775,-138.83197995365055,798.5144925950932
7776,-127.36326067915253,800.4238335853225
7777,-115.8683325382418,802.1684630157541
7778,-104.34956096216382,803.748021875795
7779,-92.80931628867206,805.162185123146
7780,-81.24997327426536,806.410661750687
7781,-69.67391060550875,807.4931948463624
7782,-58.08351040954278,808.4095616460473
7783,-46.4811577638912,809.1595735793887
7784,-34.86924020565797,809.7430763086091
7785,-23.250147240218173,810.1599497602668
7786,-11.626269849508127,810.410108149964
7787,5.813488801446726,840.1094858077222
7788,17.43935293583001,839.9485780482872
7789,29.061876877947515,839.6267933483846
7790,40.678834543796974,839.1441933400471
7791,52.288000915495566,838.5008704565673
7792,63.88715246744174,837.6969479147945
7793,75.47406759219135,836.7325796915339
7794,87.04652702596633,835.6079504940566
7795,98.60231427371438,834.3232757247202
7796,110.13921603363865,832.8788014397145
7797,121.65502262111536,831.2748043019324
7798,133.14752839191917,829.5115915279805
7799,144.61453216467416,827.5895008293377
7800,156.05383764245033,825.5089003476726
7801,167.46325383342472,823.2701885843322
7802,178.84059547052567,820.8737943240166
7803,190.1836834299819,818.3201765526526
7804,201.49034514869348,815.6098243694838
7805,212.75841504034764,812.7432568933926
7806,223.98573491019687,809.7210231634714
7807,235.17015436842283,806.5437020338651
7808,246.30953124200403,803.2119020629016
7809,257.4017319850102,799.7262613965337
7810,268.44463208724505,796.0874476461136
7811,279.43611648115717,792.296157760524
7812,290.3740799469428,788.3531178926905
7813,301.2564275157631,784.2590832604999
7814,312.08107487099716,780.0148380021517
7815,322.84594874745505,775.6211950259712
7816,333.5489873284744,771.0789958547108
7817,344.18814064082386,766.3891104643726
7818,354.7613709473388,761.5524371175793
7819,365.26665313721224,756.5699021915287
7820,375.70197511386885,751.4424600005631
7821,386.06533818034495,746.171092613387
7822,396.35475742210355,740.7568096649705
7823,406.56826208720804,735.2006481631714
7824,416.70389596378436,729.503672290115
7825,426.75971775469776,723.6669731983702
7826,436.7338014493737,717.6916688019577
7827,446.6242366926894,711.5789035622349
7828,456.4291291508687,705.3298482686945
7829,466.1466008743065,698.9456998147209
7830,475.7747906572566,692.4276809683475
7831,485.3118543943121,685.7770401380568
7832,494.75596543360956,678.9950511336714
7833,504.10531492669196,672.0830129223776
7834,513.3581121749605,665.0422493799327
7835,522.5125849726504,657.8741090371004
7836,531.5669799462653,650.5799648213637
7837,540.5195628904032,643.1612137939659
7838,549.3686190999133,635.6192768823287
7839,558.112453698316,627.9555986078992
7840,566.749391962426,620.1716468094784
7841,575.277779643115,612.2689123620826
7842,583.6959832821536,604.2489088913936
7843,592.0023905250704,596.1131724838514
7844,600.1954104299689,587.8632613924442
7845,608.2734737722443,579.5007557382534
7846,616.2350333451396,571.0272572078102
7847,624.0785642560855,562.4443887463212
7848,631.8025642187654,553.7537942468231
7849,639.4055538408512,544.9571382353241
7850,646.8860769073549,536.0561055519951
7851,654.242700659539,527.0524010284678
7852,661.4740160693365,517.9477491613061
7853,668.578638109224,508.74389378170935
7854,675.5552060174994,499.4425977215139
7855,682.4023835589103,490.04564247555334
7856,689.1188592805863,480.5548278604466
7857,695.7033467632237,470.97197166987513
7858,702.1545848674764,461.29890932641706
7859,708.4713379755032,451.53749353000626
7860,714.6523962276291,441.68959390308004
7861,720.6965757540718,431.7570966324879
7862,726.6027189016896,421.7419041082261
7863,732.3696944557106,411.64593455906885
7864,737.9963978563945,401.47112168516696
7865,743.4817514105927,391.2194142876829
7866,748.8247044981595,380.89277589553205
7867,754.0242337731808,370.49318438930516
7868,759.0793433599757,360.0226316224414
7869,763.9890650438404,349.4831230397238
7870,768.7524584564904,338.87667729317394
7871,773.3686112561728,328.2053258554144
7872,777.836639302407,317.47111263057815
7873,782.1556868253272,306.67609356283486
7874,786.3249265895892,295.8223362426123
7875,790.3435600528119,284.9119195105873
7876,794.2108175185242,273.94693305952063
7877,797.9259582835864,262.9294770340145
7878,801.488270780058,251.86166162826856
7879,804.8970727114861,240.74560668190938
7880,808.1517111835869,229.583441273974
7881,811.2515628292955,218.37730331512384
7882,814.1960339281608,207.12933913816562
7883,816.9845605200617,195.8417030869614
7884,819.6166085132239,184.51655710380183
7885,822.0916737865151,173.1560703153257
7886,824.409282286,161.7624186170641
7887,826.5689901157377,150.33778425668487
7888,828.5703836228008,138.8843554160245
7889,830.4130794765042,127.40432579198048
7890,832.0967247418242,115.89989417634847
7891,833.6209969469976,104.37326403468431
7892,834.9856041452845,92.8266430842691
7893,836.1902849708864,81.26224287126126
7894,837.2348086890053,69.68227834711563
7895,838.1189752400368,58.08896744434841
7896,838.8426152778887,46.48453065173301
7897,839.4055902024153,34.87119058900607
7898,839.807792185964,23.2511715811637
7899,840.0491441940278,11.62669923243373
7900,840.1296,2.379893463932719e-13
7901,840.0491441940278,-11.62669923243344
7902,839.807792185964,-23.251171581163412
7903,839.4055902024153,-34.871190589005785
7904,838.8426152778887,-46.48453065173272
7905,838.1189752400368,-58.08896744434794
7906,837.2348086890053,-69.68227834711533
7907,836.1902849708864,-81.26224287126097
7908,834.9856041452846,-92.82664308426861
7909,833.6209969469976,-104.37326403468401
7910,832.0967247418242,-115.89989417634816
7911,830.4130794765043,-127.40432579198003
7912,828.5703836228008,-138.88435541602442
7913,826.5689901157377,-150.33778425668473
7914,824.409282286,-161.762418617064
7915,822.0916737865151,-173.1560703153256
7916,819.616608513224,-184.51655710380138
7917,816.9845605200618,-195.84170308696113
7918,814.1960339281609,-207.12933913816534
7919,811.2515628292955,-218.37730331512356
7920,808.1517111835869,-229.5834412739737
7921,804.8970727114863,-240.74560668190892
7922,801.4882707800581,-251.86166162826828
7923,797.9259582835865,-262.9294770340142
7924,794.2108175185243,-273.9469330595201
7925,790.343560052812,-284.91191951058704
7926,786.3249265895893,-295.82233624261204
7927,782.1556868253274,-306.67609356283447
7928,777.8366393024071,-317.47111263057786
7929,773.3686112561729,-328.2053258554141
7930,768.7524584564906,-338.87667729317366
7931,763.9890650438404,-349.4831230397236
7932,759.0793433599758,-360.022631622441
7933,754.0242337731809,-370.49318438930493
7934,748.8247044981597,-380.89277589553177
7935,743.4817514105927,-391.2194142876828
7936,737.9963978563947,-401.47112168516674
7937,732.3696944557106,-411.64593455906856
7938,726.6027189016896,-421.7419041082261
7939,720.6965757540719,-431.7570966324876
7940,714.6523962276293,-441.68959390307975
7941,708.4713379755032,-451.537493530006
7942,702.1545848674766,-461.2989093264167
7943,695.703346763224,-470.97197166987473
7944,689.1188592805864,-480.55482786044644
7945,682.4023835589106,-490.04564247555294
7946,675.5552060174997,-499.4425977215135
7947,668.5786381092242,-508.7438937817092
7948,661.4740160693366,-517.9477491613059
7949,654.2427006595391,-527.0524010284677
7950,646.8860769073549,-536.0561055519951
7951,639.4055538408512,-544.9571382353244
7952,631.8025642187654,-553.753794246823
7953,624.0785642560855,-562.4443887463212
7954,616.2350333451399,-571.0272572078101
7955,608.2734737722441,-579.5007557382536
7956,600.1954104299689,-587.8632613924442
7957,592.0023905250703,-596.1131724838515
7958,583.6959832821539,-604.2489088913936
7959,575.2777796431152,-612.2689123620825
7960,566.7493919624262,-620.1716468094781
7961,558.1124536983159,-627.9555986078993
7962,549.3686190999134,-635.6192768823284
7963,540.5195628904032,-643.1612137939659
7964,531.5669799462655,-650.5799648213634
7965,522.5125849726506,-657.8741090371003
7966,513.3581121749605,-665.0422493799327
7967,504.10531492669196,-672.0830129223776
7968,494.75596543360973,-678.9950511336712
7969,485.31185439431215,-685.7770401380567
7970,475.774790657257,-692.4276809683472
7971,466.14660087430667,-698.9456998147208
7972,456.42912915086845,-705.3298482686946
7973,446.6242366926895,-711.5789035622349
7974,436.73380144937363,-717.6916688019577
7975,426.75971775469793,-723.6669731983701
7976,416.7038959637844,-729.503672290115
7977,406.56826208720804,-735.2006481631714
7978,396.3547574221035,-740.7568096649707
7979,386.06533818034507,-746.1710926133869
7980,375.7019751138688,-751.4424600005631
7981,365.26665313721253,-756.5699021915286
7982,354.7613709473386,-761.5524371175794
7983,344.188140640824,-766.3891104643726
7984,333.5489873284743,-771.0789958547109
7985,322.8459487474552,-775.6211950259711
7986,312.08107487099727,-780.0148380021517
7987,301.2564275157631,-784.2590832604999
7988,290.37407994694274,-788.3531178926906
7989,279.4361164811573,-792.2961577605239
7990,268.4446320872451,-796.0874476461136
7991,257.4017319850105,-799.7262613965337
7992,246.30953124200417,-803.2119020629016
7993,235.1701543684226,-806.5437020338652
7994,223.98573491019687,-809.7210231634714
7995,212.7584150403475,-812.7432568933926
7996,201.49034514869365,-815.6098243694838
7997,190.1836834299819,-818.3201765526526
7998,178.8405954705256,-820.8737943240166
7999,167.46325383342452,-823.2701885843322
8000,156.05383764245045,-825.5089003476726
8001,144.6145321646741,-827.5895008293378
8002,133.1475283919194,-829.5115915279804
8003,121.65502262111548,-831.2748043019324
8004,110.13921603363865,-832.8788014397145
8005,98.60231427371431,-834.3232757247202
8006,87.04652702596648,-835.6079504940566
8007,75.47406759219142,-836.7325796915339
8008,63.887152467442064,-837.6969479147945
8009,52.2880009154954,-838.5008704565673
8010,40.67883454379709,-839.1441933400471
8011,29.061876877947515,-839.6267933483846
8012,17.439352935830275,-839.9485780482871
8013,5.8134888014468835,-840.1094858077222
8014,-5.813488801446678,-840.1094858077222
8015,-17.43935293583007,-839.9485780482871
8016,-29.06187687794731,-839.6267933483846
8017,-40.67883454379688,-839.1441933400471
8018,-52.288000915495196,-838.5008704565673
8019,-63.88715246744186,-837.6969479147945
8020,-75.47406759219159,-836.7325796915339
8021,-87.04652702596628,-835.6079504940566
8022,-98.60231427371446,-834.3232757247202
8023,-110.13921603363843,-832.8788014397146
8024,-121.65502262111528,-831.2748043019324
8025,-133.1475283919192,-829.5115915279804
8026,-144.6145321646743,-827.5895008293377
8027,-156.05383764245025,-825.5089003476726
8028,-167.4632538334247,-823.2701885843322
8029,-178.84059547052541,-820.8737943240166
8030,-190.18368342998207,-818.3201765526525
8031,-201.49034514869345,-815.6098243694838
8032,-212.75841504034764,-812.7432568933926
8033,-223.98573491019667,-809.7210231634715
8034,-235.17015436842274,-806.5437020338652
8035,-246.3095312420036,-803.2119020629017
8036,-257.4017319850103,-799.7262613965337
8037,-268.44463208724494,-796.0874476461137
8038,-279.4361164811571,-792.296157760524
8039,-290.3740799469425,-788.3531178926906
8040,-301.25642751576294,-784.2590832605
8041,-312.08107487099744,-780.0148380021517
8042,-322.84594874745505,-775.6211950259712
8043,-333.5489873284745,-771.0789958547108
8044,-344.1881406408238,-766.3891104643727
8045,-354.76137094733843,-761.5524371175795
8046,-365.26665313721236,-756.5699021915287
8047,-375.70197511386897,-751.442460000563
8048,-386.06533818034495,-746.171092613387
8049,-396.3547574221036,-740.7568096649705
8050,-406.5682620872078,-735.2006481631715
8051,-416.70389596378453,-729.503672290115
8052,-426.75971775469776,-723.6669731983702
8053,-436.7338014493738,-717.6916688019577
8054,-446.62423669268935,-711.578903562235
8055,-456.4291291508687,-705.3298482686945
8056,-466.1466008743062,-698.9456998147211
8057,-475.77479065725674,-692.4276809683473
8058,-485.311854394312,-685.7770401380569
8059,-494.75596543360956,-678.9950511336714
8060,-504.10531492669173,-672.0830129223776
8061,-513.3581121749604,-665.0422493799327
8062,-522.5125849726504,-657.8741090371004
8063,-531.5669799462655,-650.5799648213637
8064,-540.519562890403,-643.1612137939659
8065,-549.3686190999132,-635.6192768823287
8066,-558.1124536983158,-627.9555986078993
8067,-566.7493919624259,-620.1716468094785
8068,-575.2777796431152,-612.2689123620823
8069,-583.6959832821537,-604.2489088913936
8070,-592.0023905250705,-596.1131724838514
8071,-600.1954104299688,-587.8632613924444
8072,-608.2734737722442,-579.5007557382535
8073,-616.2350333451396,-571.0272572078101
8074,-624.0785642560855,-562.4443887463211
8075,-631.8025642187653,-553.7537942468231
8076,-639.4055538408511,-544.9571382353245
8077,-646.8860769073548,-536.0561055519952
8078,-654.242700659539,-527.0524010284678
8079,-661.4740160693365,-517.9477491613061
8080,-668.5786381092241,-508.7438937817093
8081,-675.5552060174995,-499.4425977215137
8082,-682.4023835589101,-490.0456424755537
8083,-689.1188592805865,-480.5548278604464
8084,-695.7033467632236,-470.9719716698752
8085,-702.1545848674763,-461.2989093264172
8086,-708.4713379755032,-451.53749353000615
8087,-714.6523962276292,-441.6895939030799
8088,-720.6965757540714,-431.75709663248847
8089,-726.6027189016897,-421.7419041082258
8090,-732.3696944557104,-411.6459345590691
8091,-737.9963978563944,-401.47112168516725
8092,-743.4817514105926,-391.219414287683
8093,-748.8247044981596,-380.89277589553194
8094,-754.0242337731808,-370.4931843893051
8095,-759.0793433599757,-360.02263162244117
8096,-763.9890650438404,-349.4831230397236
8097,-768.7524584564902,-338.8766772931742
8098,-773.3686112561726,-328.2053258554146
8099,-777.8366393024069,-317.47111263057826
8100,-782.1556868253273,-306.6760935628348
8101,-786.3249265895893,-295.8223362426122
8102,-790.343560052812,-284.91191951058704
8103,-794.2108175185241,-273.9469330595209
8104,-797.9259582835863,-262.9294770340147
8105,-801.4882707800579,-251.86166162826865
8106,-804.8970727114861,-240.74560668190932
8107,-808.1517111835869,-229.5834412739739
8108,-811.2515628292955,-218.37730331512358
8109,-814.1960339281607,-207.12933913816607
8110,-816.9845605200619,-195.84170308696096
8111,-819.6166085132239,-184.51655710380194
8112,-822.091673786515,-173.156070315326
8113,-824.4092822860001,-161.76241861706347
8114,-826.5689901157377,-150.33778425668496
8115,-828.5703836228008,-138.88435541602445
8116,-830.4130794765041,-127.40432579198095
8117,-832.0967247418242,-115.89989417634818
8118,-833.6209969469976,-104.37326403468386
8119,-834.9856041452845,-92.8266430842692
8120,-836.1902849708864,-81.26224287126135
8121,-837.2348086890053,-69.68227834711554
8122,-838.1189752400368,-58.08896744434815
8123,-838.8426152778887,-46.48453065173274
8124,-839.4055902024153,-34.87119058900636
8125,-839.807792185964,-23.251171581163245
8126,-840.0491441940278,-11.626699232433833
8127,-840.1296,-1.543293038263419e-13
8128,-840.0491441940278,11.626699232432777
8129,-839.807792185964,23.251171581163682
8130,-839.4055902024153,34.871190589006055
8131,-838.8426152778887,46.484530651732435
8132,-838.1189752400368,58.08896744434783
8133,-837.2348086890053,69.68227834711523
8134,-836.1902849708864,81.26224287126105
8135,-834.9856041452845,92.82664308426888
8136,-833.6209969469976,104.37326403468354
8137,-832.0967247418242,115.89989417634862
8138,-830.4130794765043,127.4043257919799
8139,-828.5703836228008,138.88435541602414
8140,-826.5689901157376,150.33778425668535
8141,-824.4092822860001,161.7624186170639
8142,-822.0916737865151,173.15607031532568
8143,-819.6166085132242,184.51655710380092
8144,-816.9845605200617,195.8417030869614
8145,-814.1960339281608,207.1293391381658
8146,-811.2515628292956,218.37730331512327
8147,-808.151711183587,229.58344127397362
8148,-804.8970727114862,240.745606681909
8149,-801.488270780058,251.86166162826837
8150,-797.9259582835864,262.9294770340145
8151,-794.2108175185244,273.9469330595199
8152,-790.3435600528118,284.9119195105874
8153,-786.3249265895893,295.8223362426119
8154,-782.1556868253274,306.6760935628345
8155,-777.8366393024073,317.47111263057724
8156,-773.3686112561728,328.20532585541434
8157,-768.7524584564904,338.87667729317394
8158,-763.9890650438406,349.4831230397233
8159,-759.0793433599758,360.0226316224409
8160,-754.0242337731809,370.4931843893048
8161,-748.8247044981597,380.89277589553166
8162,-743.4817514105928,391.2194142876827
8163,-737.9963978563949,401.4711216851663
8164,-732.3696944557106,411.6459345590688
8165,-726.60271890169,421.7419041082255
8166,-720.696575754072,431.7570966324875
8167,-714.6523962276289,441.6895939030803
8168,-708.4713379755033,451.537493530006
8169,-702.1545848674765,461.2989093264169
8170,-695.7033467632242,470.9719716698744
8171,-689.1188592805862,480.5548278604466
8172,-682.4023835589102,490.0456424755534
8173,-675.5552060174997,499.44259772151344
8174,-668.5786381092244,508.74389378170906
8175,-661.4740160693367,517.9477491613058
8176,-654.2427006595392,527.0524010284677
8177,-646.886076907355,536.0561055519951
8178,-639.4055538408517,544.9571382353236
8179,-631.8025642187652,553.7537942468232
8180,-624.0785642560859,562.4443887463209
8181,-616.2350333451399,571.02725720781
8182,-608.2734737722444,579.5007557382532
8183,-600.1954104299689,587.8632613924441
8184,-592.0023905250704,596.1131724838514
8185,-583.6959832821542,604.2489088913932
8186,-575.2777796431155,612.2689123620821
8187,-566.7493919624258,620.1716468094785
8188,-558.1124536983164,627.955598607899
8189,-549.3686190999135,635.6192768823284
8190,-540.5195628904039,643.1612137939653
8191,-531.5669799462653,650.5799648213637
8192,-522.512584972651,657.8741090371
8193,-513.3581121749609,665.0422493799324
8194,-504.1053149266917,672.0830129223777
8195,-494.75596543360973,678.9950511336712
8196,-485.31185439431226,685.7770401380567
8197,-475.7747906572573,692.427680968347
8198,-466.1466008743065,698.9456998147209
8199,-456.42912915086856,705.3298482686945
8200,-446.6242366926899,711.5789035622347
8201,-436.7338014493741,717.6916688019576
8202,-426.75971775469804,723.66697319837
8203,-416.7038959637845,729.503672290115
8204,-406.5682620872081,735.2006481631713
8205,-396.3547574221042,740.7568096649703
8206,-386.06533818034484,746.1710926133871
8207,-375.70197511386925,751.442460000563
8208,-365.2666531372126,756.5699021915286
8209,-354.76137094733906,761.5524371175793
8210,-344.1881406408241,766.3891104643726
8211,-333.5489873284744,771.0789958547108
8212,-322.8459487474557,775.6211950259709
8213,-312.0810748709977,780.0148380021516
8214,-301.2564275157629,784.2590832605
8215,-290.37407994694314,788.3531178926904
8216,-279.43611648115746,792.2961577605239
8217,-268.44463208724596,796.0874476461132
8218,-257.40173198501026,799.7262613965337
8219,-246.3095312420046,803.2119020629015
8220,-235.1701543684234,806.5437020338651
8221,-223.9857349101966,809.7210231634715
8222,-212.75841504034796,812.7432568933925
8223,-201.49034514869373,815.6098243694838
8224,-190.18368342998275,818.3201765526524
8225,-178.84059547052573,820.8737943240166
8226,-167.4632538334246,823.2701885843322
8227,-156.05383764245093,825.5089003476725
8228,-144.6145321646746,827.5895008293377
8229,-133.14752839191948,829.5115915279804
8230,-121.65502262111558,831.2748043019324
8231,-110.13921603363875,832.8788014397145
8232,-98.60231427371514,834.3232757247202
8233,-87.04652702596621,835.6079504940566
8234,-75.47406759219189,836.7325796915339
8235,-63.887152467442164,837.6969479147945
8236,-52.28800091549513,838.5008704565673
8237,-40.678834543797194,839.1441933400471
8238,-29.06187687794762,839.6267933483846
8239,-17.43935293583075,839.9485780482871
8240,-5.8134888014466135,840.1094858077222
8241,0.0,870.3468
8242,11.610165672665405,870.2693584881024
8243,23.218265252175588,870.0370477335547
8244,34.822233013048034,869.6499090773397
8245,46.420003965080184,869.108011412921
8246,58.009514220825864,868.4114511739834
8247,69.58870136287548,867.5603523172716
8248,81.15550481087453,866.5548663005316
8249,92.70786618821543,865.3951720555575
8250,104.24372968833673,864.0814759563505
8251,115.76104244056557,862.6140117823926
8252,127.25775487543713,860.9930406770447
8253,138.731821089427,859.218851101075
8254,150.18119920903086,857.2917587813249
8255,161.60385175412728,855.2121066545249
8256,172.99774600055858,852.9802648062652
8257,184.3608543418653,850.5966304051395
8258,195.69115465010984,848.0616276320648
8259,206.9866306357255,845.3757076047962
8260,218.2452722063263,842.5393482976488
8261,229.46507582441404,839.5530544564388
8262,240.64404486391877,836.4173575086617
8263,251.78018996550944,833.1328154689215
8264,262.87152939061167,829.7000128396293
8265,273.91608937406875,826.119560506987
8266,284.91190447538395,822.3920956322779
8267,295.85701792848226,818.5182815384796
8268,306.7494819899268,814.4988075922222
8269,317.58735828553097,810.3343890811112
8270,328.36871815530316,806.0257670864395
8271,339.09164299666173,801.573708351306
8272,349.75422460586157,796.9790051441711
8273,360.3545655175692,792.2424751178669
8274,370.8907793425273,787.3649611640925
8275,381.36099110324807,782.3473312634155
8276,391.76333756767593,777.1904783308113
8277,402.0959675807598,771.895320056763
8278,412.3570423938765,766.462798743954
8279,422.5447359920461,760.8938811395792
8280,432.6572354188819,755.189558263308
8281,442.692741099215,749.3508452309261
8282,452.6494671593397,743.3787810736906
8283,462.5256417448188,737.2744285534278
8284,472.31950733579566,731.03887397341
8285,482.0293210597541,724.6732269850409
8286,491.6533550016719,718.1786203903873
8287,501.18989651151344,711.5562099405911
8288,510.63724850900513,704.8071741301961
8289,519.9937297856399,697.9327139874293
8290,529.2576753038577,690.9340528604713
8291,538.4274364933481,683.8124361997533
8292,547.5013815444229,676.5691313363242
8293,556.4778956984054,669.2054272563207
8294,565.3553815349848,661.7226343715861
8295,574.1322592564875,654.1220842864743
8296,582.8069669690097,646.4051295608842
8297,591.3779609603661,638.5731434695637
8298,599.8437159748,630.6275197577279
8299,608.2027254844138,622.5696723930348
8300,616.4535019572618,614.4010353139619
8301,624.5945771220651,606.1230621746286
8302,632.6245022294996,597.7372260861105
8303,640.541848310008,589.2450193542909
8304,648.3452064280933,580.6479532142977
8305,656.033187933046,571.9475575615696
8306,663.6044247060628,563.1453806796034
8307,671.0575694037112,554.2429889644283
8308,678.3912956976958,545.2419666458568
8309,685.6042985108861,536.1439155055625
8310,692.6952942495628,526.9504545920344
8311,699.6630210318395,517.6632199324573
8312,706.5062389122221,508.2838642415734
8313,713.2237301022635,498.81405662757095
8314,719.8142991872766,489.2554822950581
8315,726.2767733390639,479.6098422451712
8316,732.6100025246299,469.87885297287204
8317,738.8128597108345,460.0642461614888
8318,744.8842410649561,450.1677683745522
8319,750.8230661511238,440.19118074498624
8320,756.6282781225876,430.136258661704
8321,762.2988439097893,420.00479145366745
8322,767.8337544042039,409.79858207146674
8323,773.2320246379154,399.519446766475
8324,778.4926939588973,389.16921476763645
8325,783.6148262019663,378.74972795594476
8326,788.5975098553779,368.26284053667086
8327,793.4398582230344,357.7104187093954
8328,798.1410095822788,347.0943403359103
8329,802.7001273372414,336.41649460604106
8330,807.1164001677178,325.6787817014557
8331,811.3890421735475,314.88311245751686
8332,815.5172930144688,304.0314080232387
8333,819.5004180454264,293.1255995194064
8334,823.3377084473047,282.16762769492357
8335,827.0284813530666,271.1594425814459
8336,830.5720799692732,260.10300314636
8337,833.9678736929638,249.00027694417656
8338,837.2152582238757,237.85323976639282
8339,840.313655671982,226.6638752898877
8340,843.2625146603307,215.4341747239182
8341,846.0613104231653,204.16613645577053
8342,848.7095448993101,192.86176569513702
8343,851.2067468208021,181.52307411727867
8344,853.5524717967563,170.15207950503427
8345,855.7463023924477,158.75080538974734
8346,857.7878482035956,147.32128069116592
8347,859.6767459258385,135.8655393563848
8348,861.412659419386,124.38561999789528
8349,862.9952797688371,112.88356553080088
8350,864.4243253381527,101.36142280927018
8351,865.6995418207748,89.82124226228795
8352,866.8207022848819,78.26507752876886
8353,867.7876072137723,66.69498509210308
8354,868.6000845413691,55.11302391419181
8355,869.2579896828418,43.521255069044535
8356,869.761205560333,31.921741375999314
8357,870.1096426237965,20.31654703263273
8358,870.3032388669309,8.707737247424463
8359,870.341959838214,-2.9026221277581294
8360,870.2257986470358,-14.51246496528881
8361,869.9547759649219,-26.11972522946324
8362,869.5289400218566,-37.7223373441597
8363,868.9483665976998,-49.31823656041979
8364,868.2131590087014,-60.90535932388383
8365,867.3234480891157,-72.4816436420089
8366,866.2793921679183,-84.04502945101466
8367,865.0811770406317,-95.59345898248121
8368,863.7290159362605,-107.12487712954031
8369,862.2231494793472,-118.63723181259498
8370,860.5638456471512,-130.12847434449566
8371,858.7513997219613,-141.59655979511734
8372,856.7861342385477,-153.03944735526625
8373,854.6683989267661,-164.4551006998513
8374,852.3985706493207,-175.84148835026122
8375,849.9770533346996,-187.19658403587735
8376,847.4042779052937,-198.51836705465772
8377,844.6807022007113,-209.80482263273515
8378,841.8068108963031,-221.05394228295447
8379,838.7831154169122,-232.2637241622958
8380,835.6101538458619,-243.43217342811354
8381,832.288490829202,-254.55730259312813
8382,828.8187174752264,-265.6371318791119
8383,825.2014512492823,-276.6696895692012
8384,821.4373358638887,-287.6530123587738
8385,817.527041164184,-298.5851457048304
8386,813.4712630087234,-309.46414417381607
8387,809.2707231456477,-320.288071787821
8388,804.9261690842438,-331.055002369098
8389,800.4383739619204,-341.7630198828376
8390,795.8081364066256,-352.41021877813586
8391,791.0362803947253,-362.9947043270984
8392,786.1236551043727,-373.5145929620171
8393,781.0711347643924,-383.96801261056174
8394,775.8796184987053,-394.3531030289269
8395,770.5500301663274,-404.6680161328693
8396,765.0833181969604,-414.91091632658794
8397,759.4804554222159,-425.07998082937706
8398,753.7424389024941,-435.1734000000002
8399,747.8702897495505,-445.1893776587257
8400,741.8650529447847,-455.1261314069671
8401,735.7277971532793,-464.98189294447064
8402,729.4596145336252,-474.7549083839944
8403,723.0616205435663,-484.44343856342175
8404,716.5349537414972,-494.04575935525486
8405,709.8807755838508,-503.56016197343354
8406,703.1002702184102,-512.9849532774218
8407,696.1946442735837,-522.3184560735131
8408,689.1651266436781,-531.5590094132947
8409,682.0129682702106,-540.704968889224
8410,674.7394419192964,-549.7547069272591
8411,667.3458419551533,-558.7066130764944
8412,659.8334841097615,-567.559094295751
8413,652.2037052487238,-576.3105752370642
8414,644.4578631333612,-584.9594985260278
8415,636.5973361790922,-593.5043250389368
8416,628.6235232101362,-601.9435341766828
8417,620.5378432105858,-610.2756241353529
8418,612.341735071889,-618.4991121734844
8419,604.0366573367925,-626.6125348759266
8420,595.6240879397842,-634.6144484142638
8421,587.1055239440876,-642.5034288037523
8422,578.4824812752521,-650.2780721567257
8423,569.7564944513821,-657.9369949324267
8424,560.9291163100652,-665.4788341832138
8425,552.0019177320346,-672.9022477971047
8426,542.9764873616203,-680.2059147366158
8427,533.8544313240437,-687.3885352738449
8428,524.6373729395988,-694.4488312217657
8429,515.3269524347701,-701.38554616169
8430,505.9248266503489,-708.1974456668524
8431,496.4326687465883,-714.8833175220835
8432,486.85216790545337,-721.4419719395319
8433,477.1850290300236,-727.8722417703917
8434,467.4329724410965,-734.1729827126036
8435,457.59773357104547,-740.3430735144907
8436,447.68106265498966,-746.3814161742904
8437,437.6847244193319,-752.2869361355503
8438,427.6104977677158,-758.0585824783507
8439,417.46017546445694,-763.6953281063234
8440,407.23556381551396,-769.1961699294274
8441,396.938482347046,-774.5601290424546
8442,386.57076348161524,-779.7862508992328
8443,376.1342522121001,-784.8736054824906
8444,365.6308057733682,-789.8212874693601
8445,355.0622933117698,-794.6284163924839
8446,344.43059555251256,-799.2941367967
8447,333.73760446497926,-803.8176183912724
8448,322.98522292603803,-808.1980561976486
8449,312.1753643814152,-812.4346706927091
8450,301.30995250519004,-816.5267079474867
8451,290.3909208574631,-820.4734397613336
8452,279.4202125402686,-824.274163791509
8453,268.39977985179195,-827.9282036781628
8454,257.3315839389443,-831.4349091647007
8455,246.21759444836502,-834.7936562134984
8456,235.05978917591656,-838.0038471169531
8457,223.86015371472004,-841.0649106038499
8458,212.62068110181045,-843.9763019410215
8459,201.34337146346402,-846.7375030302871
8460,190.0302316592649,-849.3480225006509
8461,178.68327492497357,-851.8073957957434
8462,167.30452051425868,-854.1151852564934
8463,155.89599333936343,-856.2709801990098
8464,144.45972361075786,-858.274396987667
8465,132.99774647585156,-860.1250791033739
8466,121.51210165683152,-861.8226972070182
8467,110.0048330876784,-863.3669491980754
8468,98.47798855043912,-864.7575602683677
8469,86.93361931081226,-865.9942829509689
8470,75.37377975311414,-867.0768971642417
8471,63.800527014689614,-868.005210251003
8472,52.215920619833234,-868.7790570128077
8473,40.62202211328545,-869.3982997393472
8474,29.020894693368984,-869.8628282329556
8475,17.414602844833166,-870.1725598282198
8476,5.8052119714636365,-870.3274394066905
8477,-5.805211971464196,-870.3274394066905
8478,-17.414602844833336,-870.1725598282198
8479,-29.02089469336954,-869.8628282329556
8480,-40.622022113286015,-869.3982997393472
8481,-52.215920619833405,-868.7790570128077
8482,-63.80052701468978,-868.005210251003
8483,-75.37377975311469,-867.0768971642417
8484,-86.93361931081243,-865.9942829509689
8485,-98.47798855043928,-864.7575602683677
8486,-110.00483308767856,-863.3669491980753
8487,-121.51210165683207,-861.8226972070182
8488,-132.99774647585173,-860.1250791033739
8489,-144.45972361075764,-858.2743969876672
8490,-155.895993339364,-856.2709801990098
8491,-167.30452051425885,-854.1151852564933
8492,-178.68327492497335,-851.8073957957436
8493,-190.03023165926544,-849.3480225006508
8494,-201.3433714634642,-846.7375030302871
8495,-212.62068110181062,-843.9763019410215
8496,-223.86015371472055,-841.0649106038497
8497,-235.0597891759171,-838.003847116953
8498,-246.21759444836522,-834.7936562134983
8499,-257.3315839389444,-831.4349091647007
8500,-268.3997798517925,-827.9282036781628
8501,-279.4202125402688,-824.2741637915088
8502,-290.39092085746324,-820.4734397613335
8503,-301.30995250519055,-816.5267079474866
8504,-312.1753643814154,-812.434670692709
8505,-322.9852229260382,-808.1980561976486
8506,-333.73760446497977,-803.8176183912722
8507,-344.4305955525127,-799.2941367966998
8508,-355.06229331176996,-794.6284163924838
8509,-365.63080577336865,-789.82128746936
8510,-376.1342522121006,-784.8736054824905
8511,-386.570763481615,-779.7862508992328
8512,-396.93848234704615,-774.5601290424545
8513,-407.2355638155144,-769.1961699294271
8514,-417.46017546445677,-763.6953281063234
8515,-427.6104977677159,-758.0585824783506
8516,-437.68472441933244,-752.28693613555
8517,-447.68106265498943,-746.3814161742905
8518,-457.5977335710456,-740.3430735144906
8519,-467.432972441097,-734.1729827126035
8520,-477.1850290300237,-727.8722417703916
8521,-486.85216790545354,-721.4419719395318
8522,-496.43266874658855,-714.8833175220835
8523,-505.9248266503493,-708.1974456668521
8524,-515.3269524347703,-701.3855461616898
8525,-524.6373729395989,-694.4488312217655
8526,-533.8544313240443,-687.3885352738446
8527,-542.9764873616203,-680.2059147366157
8528,-552.0019177320347,-672.9022477971047
8529,-560.9291163100656,-665.4788341832134
8530,-569.7564944513827,-657.9369949324265
8531,-578.4824812752521,-650.2780721567256
8532,-587.1055239440881,-642.503428803752
8533,-595.6240879397847,-634.6144484142634
8534,-604.0366573367926,-626.6125348759266
8535,-612.3417350718893,-618.4991121734843
8536,-620.5378432105858,-610.2756241353527
8537,-628.6235232101365,-601.9435341766828
8538,-636.5973361790923,-593.5043250389367
8539,-644.4578631333613,-584.9594985260277
8540,-652.2037052487242,-576.3105752370637
8541,-659.8334841097618,-567.5590942957506
8542,-667.3458419551531,-558.7066130764946
8543,-674.7394419192967,-549.7547069272587
8544,-682.0129682702108,-540.7049688892239
8545,-689.1651266436779,-531.5590094132949
8546,-696.1946442735838,-522.3184560735128
8547,-703.1002702184105,-512.9849532774214
8548,-709.8807755838509,-503.5601619734333
8549,-716.5349537414976,-494.04575935525446
8550,-723.0616205435664,-484.4434385634215
8551,-729.4596145336255,-474.7549083839939
8552,-735.7277971532794,-464.98189294447053
8553,-741.865052944785,-455.1261314069665
8554,-747.8702897495506,-445.18937765872545
8555,-753.7424389024942,-435.1733999999997
8556,-759.480455422216,-425.07998082937695
8557,-765.0833181969605,-414.9109163265874
8558,-770.5500301663277,-404.6680161328684
8559,-775.8796184987057,-394.3531030289264
8560,-781.0711347643924,-383.9680126105619
8561,-786.123655104373,-373.5145929620166
8562,-791.0362803947254,-362.99470432709825
8563,-795.8081364066259,-352.4102187781355
8564,-800.4383739619204,-341.7630198828376
8565,-804.9261690842438,-331.0550023690977
8566,-809.2707231456478,-320.28807178782085
8567,-813.4712630087236,-309.46414417381567
8568,-817.5270411641841,-298.5851457048297
8569,-821.4373358638888,-287.6530123587735
8570,-825.2014512492823,-276.6696895692012
8571,-828.8187174752267,-265.63713187911156
8572,-832.288490829202,-254.55730259312813
8573,-835.6101538458619,-243.4321734281132
8574,-838.7831154169123,-232.26372416229526
8575,-841.8068108963032,-221.05394228295413
8576,-844.6807022007114,-209.8048226327344
8577,-847.4042779052937,-198.51836705465755
8578,-849.9770533346996,-187.19658403587735
8579,-852.3985706493207,-175.84148835026105
8580,-854.6683989267661,-164.45510069985133
8581,-856.7861342385477,-153.03944735526665
8582,-858.7513997219614,-141.5965597951168
8583,-860.5638456471513,-130.1284743444953
8584,-862.2231494793473,-118.63723181259422
8585,-863.7290159362606,-107.12487712954014
8586,-865.0811770406317,-95.59345898248122
8587,-866.2793921679183,-84.04502945101449
8588,-867.3234480891157,-72.48164364200834
8589,-868.2131590087015,-60.90535932388347
8590,-868.9483665976998,-49.31823656041923
8591,-869.5289400218566,-37.722337344159335
8592,-869.9547759649219,-26.119725229463455
8593,-870.2257986470358,-14.512464965288638
8594,-870.341959838214,-2.9026221277573763
8595,-870.3032388669309,8.707737247424635
8596,-870.1096426237965,20.316547032633288
8597,-869.761205560333,31.92174137599949
8598,-869.2579896828418,43.521255069044315
8599,-868.6000845413691,55.11302391419199
8600,-867.7876072137723,66.69498509210285
8601,-866.8207022848818,78.2650775287698
8602,-865.6995418207747,89.82124226228831
8603,-864.4243253381527,101.36142280927035
8604,-862.995279768837,112.88356553080143
8605,-861.412659419386,124.38561999789543
8606,-859.6767459258385,135.8655393563846
8607,-857.7878482035954,147.32128069116666
8608,-855.7463023924477,158.7508053897479
8609,-853.5524717967563,170.15207950503444
8610,-851.206746820802,181.52307411727904
8611,-848.70954489931,192.8617656951372
8612,-846.0613104231654,204.16613645577013
8613,-843.2625146603305,215.43417472391894
8614,-840.3136556719819,226.6638752898882
8615,-837.2152582238757,237.85323976639282
8616,-833.9678736929637,249.0002769441771
8617,-830.5720799692732,260.10300314636
8618,-827.0284813530667,271.1594425814455
8619,-823.3377084473045,282.1676276949245
8620,-819.5004180454263,293.12559951940676
8621,-815.5172930144688,304.0314080232387
8622,-811.3890421735473,314.88311245751737
8623,-807.1164001677178,325.67878170145565
8624,-802.7001273372416,336.4164946060407
8625,-798.1410095822786,347.09434033591106
8626,-793.4398582230343,357.71041870939575
8627,-788.5975098553774,368.2628405366714
8628,-783.6148262019661,378.7497279559451
8629,-778.4926939588973,389.1692147676364
8630,-773.2320246379152,399.51944676647537
8631,-767.8337544042039,409.79858207146674
8632,-762.2988439097891,420.0047914536678
8633,-756.6282781225872,430.1362586617047
8634,-750.8230661511237,440.1911807449865
8635,-744.8842410649561,450.1677683745521
8636,-738.8128597108342,460.064246161489
8637,-732.6100025246299,469.87885297287204
8638,-726.2767733390638,479.60984224517136
8639,-719.8142991872762,489.25548229505864
8640,-713.2237301022634,498.81405662757123
8641,-706.5062389122222,508.28386424157327
8642,-699.6630210318394,517.6632199324574
8643,-692.695294249563,526.9504545920341
8644,-685.6042985108855,536.1439155055633
8645,-678.3912956976953,545.2419666458572
8646,-671.0575694037111,554.2429889644285
8647,-663.6044247060624,563.1453806796039
8648,-656.0331879330457,571.9475575615697
8649,-648.3452064280934,580.6479532142976
8650,-640.5418483100075,589.2450193542916
8651,-632.6245022294993,597.7372260861108
8652,-624.5945771220651,606.1230621746288
8653,-616.4535019572613,614.4010353139624
8654,-608.2027254844138,622.5696723930349
8655,-599.8437159748003,630.6275197577277
8656,-591.3779609603658,638.5731434695638
8657,-582.8069669690095,646.4051295608846
8658,-574.1322592564874,654.1220842864744
8659,-565.3553815349844,661.7226343715864
8660,-556.4778956984053,669.2054272563208
8661,-547.5013815444232,676.569131336324
8662,-538.4274364933481,683.8124361997533
8663,-529.2576753038572,690.9340528604715
8664,-519.9937297856392,697.93271398743
8665,-510.6372485090048,704.8071741301965
8666,-501.18989651151344,711.5562099405911
8667,-491.6533550016721,718.1786203903871
8668,-482.029321059754,724.673226985041
8669,-472.3195073357953,731.0388739734103
8670,-462.52564174481813,737.2744285534283
8671,-452.64946715933917,743.3787810736908
8672,-442.69274109921497,749.3508452309261
8673,-432.6572354188815,755.1895582633082
8674,-422.5447359920461,760.8938811395792
8675,-412.3570423938761,766.4627987439541
8676,-402.09596758075907,771.8953200567634
8677,-391.76333756767553,777.1904783308114
8678,-381.36099110324807,782.3473312634155
8679,-370.89077934252697,787.3649611640925
8680,-360.3545655175692,792.2424751178669
8681,-349.7542246058619,796.9790051441709
8682,-339.09164299666105,801.5737083513061
8683,-328.3687181553028,806.0257670864396
8684,-317.587358285531,810.3343890811112
8685,-306.74948198992644,814.4988075922222
8686,-295.85701792848226,818.5182815384795
8687,-284.9119044753844,822.3920956322778
8688,-273.916089374068,826.1195605069872
8689,-262.8715293906114,829.7000128396293
8690,-251.78018996550878,833.1328154689218
8691,-240.64404486391842,836.4173575086618
8692,-229.46507582441413,839.5530544564388
8693,-218.24527220632606,842.5393482976488
8694,-206.98663063572485,845.3757076047963
8695,-195.69115465010952,848.0616276320649
8696,-184.36085434186464,850.5966304051398
8697,-172.99774600055832,852.9802648062652
8698,-161.60385175412742,855.2121066545246
8699,-150.18119920903058,857.2917587813249
8700,-138.73182108942635,859.2188511010751
8701,-127.25775487543689,860.9930406770447
8702,-115.76104244056495,862.6140117823926
8703,-104.2437296883365,864.0814759563505
8704,-92.70786618821556,865.3951720555575
8705,-81.15550481087433,866.5548663005316
8706,-69.58870136287565,867.5603523172716
8707,-58.00951422082488,868.4114511739836
8708,-46.420003965079594,869.108011412921
8709,-34.822233013047835,869.6499090773397
8710,-23.218265252175787,870.0370477335547
8711,-11.610165672665222,870.2693584881024
8712,5.813164662888004,901.1263498370316
8713,17.43852636069084,900.9763532148763
8714,29.06098533564028,900.6763849381929
8715,40.67860697602766,900.2264949380794
8716,52.289457475340875,899.6267581007941
8717,63.89160415415541,898.8772742552894
8718,75.4831157818376,897.978168156596
8719,87.06206289800697,896.9295894650559
8720,98.62651813370373,895.731712721411
8721,110.17455653220814,894.3847373177504
8722,121.70425586945854,892.8888874643202
8723,133.21369697401423,891.2444121522029
8724,144.7009640465104,889.4515851118714
8725,156.16414497855195,887.5107047676258
8726,167.60133167099235,885.422094187919
8727,179.0106203515458,883.1861010315803
8728,190.39011189167888,880.8030974899465
8729,201.73791212272891,878.2734802249082
8730,213.05213215119747,875.5976703028845
8731,224.33088867316502,872.7761131247338
8732,235.57230428777575,869.8092783516153
8733,246.7745078097394,866.6976598268112
8734,257.9356345807989,863.4417754935249
8735,269.0538267801109,860.0421673086664
8736,280.12723373348894,856.4994011526413
8737,291.15401222145675,852.8140667351577
8738,302.1323267860601,848.9867774970653
8739,313.0603500363877,845.0181705082468
8740,323.93626295274856,840.9089063615736
8741,334.7582551894564,836.6596690629476
8742,345.52452537616966,832.2711659174447
8743,356.2332814177382,827.7441274115815
8744,366.8827407925058,823.0793070917221
8745,377.4711308490185,818.2774814386457
8746,387.99668910109153,813.3394497383003
8747,398.4576635211823,808.2660339487552
8748,408.85231283202427,803.0580785633844
8749,419.17890679646956,797.7164504702952
8750,429.43572650549606,792.2420388080318
8751,439.62106466432675,786.6357548175737
8752,449.7332258766173,780.8985316906554
8753,459.7705269266624,775.0313244144326
8754,469.7312970595747,769.0351096125195
8755,479.61387825938976,762.9108853824262
8756,489.4166255250504,756.6596711294204
8757,499.1379071442247,750.2825073968428
8758,508.7761049649118,743.7804556929035
8759,518.3296146647913,737.1545983139894
8760,527.7968460182691,730.4060381645114
8761,537.176223161179,723.5358985733197
8762,546.4661848530917,716.5453231067221
8763,555.6651847371902,709.4354753781308
8764,564.7716915976688,702.2075388543743
8765,573.784189614611,694.8627166587039
8766,582.7011786163037,687.4022313705278
8767,591.5211743289485,679.827324821908
8768,600.2427086237259,672.1392578908504
8769,608.8643297611717,664.3393102914273
8770,617.3846026328262,656.4287803607621
8771,625.8021090001137,648.4089848429154
8772,634.1154477304159,640.2812586697071
8773,642.3232350302965,632.0469547385104
8774,650.4241046758393,623.7074436870566
8775,658.4167082400636,615.2641136652852
8776,666.2997153173752,606.7183701042806
8777,674.071813745019,598.0716354823312
8778,681.7317098214941,589.325349088152
8779,689.2781285218965,580.480966781308
8780,696.7098137101533,571.5399607498794
8781,704.0255283481117,562.5038192654093
8782,711.2240547014501,553.3740464351747
8783,718.3041945423753,544.1521619518198
8784,725.2647693490734,534.8397008403971
8785,732.1046205018796,525.4382132028551
8786,738.8226094761362,515.9492639600165
8787,745.4176180317053,506.3744325910905
8788,751.8885483991046,496.7153128707605
8789,758.2343234622366,486.9735126038935
8790,764.4538869376795,477.15065335791337
8791,770.5462035505101,467.2483701928838
8792,776.5102592066299,457.2683113893444
8793,782.3450611615671,447.21213817394766
8794,788.0496381857212,437.0815244429396
8795,793.6230407260309,426.87815648353194
8796,799.0643410640303,416.6037326932121
8797,804.3726334702716,406.25996329703753
8798,809.5470343550893,395.84857006295994
8799,814.5866824156766,385.37128601522966
8800,819.4907387794532,374.8298551459264
8801,824.2583871437006,364.22603212466237
8802,828.8888339114382,353.5615820065106
8803,833.3813083235217,342.8382799382026
8804,837.7350625869396,332.05791086264827
8805,841.9493719992867,321.22226922182233
8806,846.0235350693939,310.3331586580722
8807,849.9568736340949,299.39239171389346
8808,853.7487329711096,288.40178953022337
8809,857.3984819080252,277.36318154330394
8810,860.9055129273587,266.27840518016376
8811,864.2692422676799,255.1493055527697
8812,867.4891100207815,243.97773515089983
8813,870.5645802248789,232.76555353378765
8814,873.4951409538229,221.5146270205902
8815,876.2803044023125,210.22682837973042
8816,878.9196069670922,198.9040365171664
8817,881.4126093241208,187.5481361636388
8818,883.7588965016993,176.16101756094872
8819,885.9580779495442,164.74457614731818
8820,888.0097876037969,153.3007122418864
8821,889.9136839479567,141.8313307283917
8822,891.6694500697274,130.3383407380958
8823,893.2767937137695,118.82365533199996
8824,894.7354473303463,107.28919118240698
8825,896.0451681198604,95.73686825388245
8826,897.2057380732671,84.16860948366778
8827,898.2169640083642,72.5863404615985
8828,899.0786776019477,60.99198910958089
8829,899.7907354178296,49.38748536068063
8830,900.3530189307144,37.774760837876485
8831,900.7654345459272,26.155748532532822
8832,901.0279136149936,14.532382482644307
8833,901.1404124470662,2.9065974509064003
8834,901.1029123161974,-8.719671397334796
8835,900.9154194644565,-20.344488816199906
8836,900.5779651008902,-31.96591980140602
8837,900.0906053963281,-43.58202991235831
8838,899.4534214740328,-55.19088559414569
8839,898.6665193961963,-66.79055449939017
8840,897.7300301462859,-78.37910580989491
8841,896.6441096072409,-89.95461055803781
8842,895.4089385355256,-101.51514194785707
8843,894.024722531041,-113.05877567577514
8844,892.4916920029026,-124.583590250908
8845,890.810102131087,-136.08766731490604
8846,888.9802328239562,-147.56909196127373
8847,887.0023886716657,-159.02595305411452
8848,884.8768988954643,-170.45634354624826
8849,882.6041172928927,-181.85836079664796
8850,880.1844221788939,-193.2301068871432
8851,877.6182163228395,-204.56968893833672
8852,874.9059268814874,-215.87521942468408
8853,872.0480053278799,-227.14481648867994
8854,869.0449273761933,-238.3766042541024
8855,865.8971929025539,-249.5687131382609
8856,862.6053258618304,-260.7192801631972
8857,859.1698742004197,-271.82644926578627
8858,855.5914097650392,-282.8883716066869
8859,851.8705282075392,-293.903205878089
8860,848.0078488857546,-304.8691186102084
8861,844.0040147604101,-315.7842844764756
8862,839.8596922880956,-326.64688659737044
8863,835.5755713103327,-337.4551168428496
8864,831.152364938746,-348.2071761333183
8865,826.5908094363635,-358.9012747390953
8866,821.8916640950616,-369.53563257832207
8867,817.0557111091779,-380.10847951326446
8868,812.083755445311,-390.61805564496177
8869,806.9766247083303,-401.06261160616884
8870,801.7351690036176,-411.4404088525469
8871,796.3602607955622,-421.749719952052
8872,790.8527947623365,-431.98882887247396
8873,785.2136876469722,-442.1560312670781
8874,779.4438781047634,-452.2496347583014
8875,773.5443265470241,-462.2679592194564
8876,767.5160149812235,-472.2093370543962
8877,761.3599468475253,-482.07211347509366
8878,755.0771468517613,-491.8546467770879
8879,748.668660794864,-501.5553086127542
8880,742.1355553987885,-511.1724842623494
8881,735.4789181289516,-520.7045729027901
8882,728.6998570132182,-530.149987874116
8883,721.7995004574649,-539.5071569435981
8884,714.7789970577518,-548.7745225674427
8885,707.6395154091331,-557.9505421500523
8886,700.3822439111398,-567.0336883007983
8887,693.0083905699639,-576.0224490882612
8888,685.5191827973819,-584.915328291899
8889,677.9158672064445,-593.7108456511
8890,670.1997094039738,-602.4075371115797
8891,662.371993779897,-611.0039550690766
8892,654.4340232934521,-619.4986686103172
8893,646.3871192563072,-627.890263751193
8894,638.2326211126186,-636.1773436721295
8895,629.9718862160785,-644.3585289505885
8896,621.6062896039723,-652.4324577906839
8897,613.1372237683023,-660.3977862498548
8898,604.5660984239962,-668.2531884625745
8899,595.8943402742583,-675.9973568610433
8900,587.1233927730833,-683.6290023928431
8901,578.254715884992,-691.1468547355022
8902,569.2897858420081,-698.5496625079498
8903,560.2300948979378,-705.8361934788112
8904,551.0771510799723,-713.0052347715208
8905,541.8324779376748,-720.0555930662085
8906,532.4976142893734,-726.9860947983365
8907,523.0741139660227,-733.7955863540408
8908,513.5635455525578,-740.4829342621584
8909,503.9674921267983,-747.0470253828977
8910,494.28755099593644,-753.4867670931253
8911,484.52533343065863,-759.8010874682394
8912,474.68246439694207,-765.9889354605953
8913,464.76058228557133,-772.0492810744576
8914,454.761338639421,-777.9811155374481
8915,444.6863978785485,-783.7834514684597
8916,434.5374370231441,-789.4553230420119
8917,424.3161454143828,-794.9957861490151
8918,414.0242244332259,-800.4039185539235
8919,403.66338721721837,-805.6788200482448
8920,393.23535837532927,-810.8196126003837
8921,382.7418737008824,-815.825440501795
8922,372.18467988262546,-820.6954705094197
8923,361.56553421398723,-825.4288919843818
8924,350.8862043005643,-830.0249170269244
8925,340.14846776590036,-834.4827806075571
8926,329.3541119555864,-838.801740694401
8927,318.50493363975534,-842.9810783767007
8928,307.6027387139948,-847.0200979844928
8929,296.649341898754,-850.9181272044017
8930,285.64656643726886,-854.67451719155
8931,274.5962437920809,-858.2886426775611
8932,263.5002133401758,-861.7599020746393
8933,252.36032206681693,-865.0877175757049
8934,241.17842425809974,-868.2715352505749
8935,229.95638119230372,-871.310825138165
8936,218.6960608300677,-874.2050813347068
8937,207.39933750346555,-876.9538220779551
8938,196.0680916040088,-879.5565898273812
8939,184.70420926965255,-882.0129513403318
8940,173.30958207083492,-884.3224977441446
8941,161.88610669561845,-886.484844604207
8942,150.43568463397716,-888.4996319879467
8943,138.96022186128485,-890.3665245247446
8944,127.46162852105678,-892.0852114617584
8945,115.94181860699753,-893.6554067156491
8946,104.40270964440779,-895.0768489202006
8947,92.84622237100366,-896.3493014698255
8948,81.27428041720088,-897.4725525589495
8949,69.68880998591779,-898.4464152172665
8950,58.09173953194999,-899.2707273408615
8951,46.48499944097015,-899.9453517191936
8952,34.870521708206034,-900.4701760579345
8953,23.250239616853094,-900.8451129976612
8954,11.626087416266099,-901.070100128397
8955,5.105472616474879e-13,-901.1451000000001
8956,-11.626087416265879,-901.070100128397
8957,-23.25023961685207,-900.8451129976613
8958,-34.870521708205814,-900.4701760579346
8959,-46.48499944096912,-899.9453517191937
8960,-58.09173953194938,-899.2707273408615
8961,-69.68880998591678,-898.4464152172666
8962,-81.27428041720026,-897.4725525589495
8963,-92.84622237100264,-896.3493014698256
8964,-104.40270964440717,-895.0768489202006
8965,-115.9418186069965,-893.6554067156492
8966,-127.46162852105616,-892.0852114617585
8967,-138.96022186128383,-890.3665245247448
8968,-150.43568463397654,-888.4996319879468
8969,-161.88610669561825,-886.484844604207
8970,-173.30958207083432,-884.3224977441448
8971,-184.70420926965235,-882.0129513403318
8972,-196.0680916040082,-879.5565898273813
8973,-207.39933750346495,-876.9538220779552
8974,-218.6960608300671,-874.2050813347071
8975,-229.95638119230313,-871.3108251381652
8976,-241.17842425809917,-868.271535250575
8977,-252.36032206681634,-865.087717575705
8978,-263.50021334017526,-861.7599020746395
8979,-274.5962437920803,-858.2886426775614
8980,-285.6465664372683,-854.6745171915502
8981,-296.6493418987534,-850.9181272044018
8982,-307.60273871399426,-847.0200979844931
8983,-318.50493363975477,-842.9810783767009
8984,-329.35411195558623,-838.801740694401
8985,-340.14846776589974,-834.4827806075574
8986,-350.88620430056415,-830.0249170269244
8987,-361.5655342139866,-825.428891984382
8988,-372.18467988262523,-820.6954705094198
8989,-382.74187370088185,-815.8254405017954
8990,-393.2353583753287,-810.8196126003841
8991,-403.66338721721786,-805.6788200482451
8992,-414.02422443322536,-800.4039185539239
8993,-424.3161454143822,-794.9957861490154
8994,-434.5374370231436,-789.4553230420121
8995,-444.686397878548,-783.78345146846
8996,-454.7613386394204,-777.9811155374483
8997,-464.76058228557076,-772.0492810744579
8998,-474.68246439694155,-765.9889354605956
8999,-484.5253334306584,-759.8010874682395
9000,-494.28755099593593,-753.4867670931256
9001,-503.9674921267981,-747.0470253828977
9002,-513.5635455525573,-740.4829342621587
9003,-523.0741139660224,-733.7955863540409
9004,-532.4976142893729,-726.9860947983368
9005,-541.8324779376743,-720.055593066209
9006,-551.0771510799718,-713.0052347715211
9007,-560.2300948979373,-705.8361934788115
9008,-569.2897858420075,-698.5496625079503
9009,-578.2547158849915,-691.1468547355025
9010,-587.1233927730829,-683.6290023928435
9011,-595.8943402742577,-675.9973568610436
9012,-604.5660984239958,-668.2531884625748
9013,-613.1372237683019,-660.3977862498551
9014,-621.606289603972,-652.4324577906843
9015,-629.971886216078,-644.3585289505888
9016,-638.2326211126185,-636.1773436721296
9017,-646.3871192563067,-627.8902637511934
9018,-654.4340232934519,-619.4986686103173
9019,-662.3719937798967,-611.0039550690769
9020,-670.1997094039735,-602.4075371115798
9021,-677.915867206444,-593.7108456511006
9022,-685.5191827973814,-584.9153282918994
9023,-693.0083905699636,-576.0224490882617
9024,-700.3822439111393,-567.0336883007988
9025,-707.6395154091327,-557.9505421500528
9026,-714.7789970577513,-548.7745225674431
9027,-721.7995004574645,-539.5071569435986
9028,-728.6998570132179,-530.1499878741165
9029,-735.4789181289512,-520.7045729027906
9030,-742.1355553987881,-511.1724842623499
9031,-748.6686607948636,-501.55530861275463
9032,-755.0771468517607,-491.85464677708836
9033,-761.359946847525,-482.07211347509417
9034,-767.5160149812232,-472.2093370543967
9035,-773.5443265470238,-462.26795921945694
9036,-779.4438781047629,-452.24963475830197
9037,-785.2136876469718,-442.1560312670787
9038,-790.8527947623363,-431.9888288724745
9039,-796.3602607955619,-421.74971995205254
9040,-801.7351690036172,-411.4404088525475
9041,-806.9766247083302,-401.0626116061694
9042,-812.0837554453108,-390.6180556449623
9043,-817.0557111091777,-380.1084795132651
9044,-821.8916640950613,-369.53563257832263
9045,-826.5908094363635,-358.90127473909536
9046,-831.1523649387457,-348.207176133319
9047,-835.5755713103327,-337.4551168428496
9048,-839.8596922880954,-326.6468865973712
9049,-844.0040147604101,-315.7842844764756
9050,-848.0078488857544,-304.86911861020917
9051,-851.8705282075392,-293.903205878089
9052,-855.5914097650389,-282.8883716066877
9053,-859.1698742004197,-271.8264492657863
9054,-862.60532586183,-260.719280163198
9055,-865.8971929025539,-249.56871313826093
9056,-869.0449273761931,-238.37660425410314
9057,-872.0480053278799,-227.14481648867994
9058,-874.9059268814874,-215.87521942468408
9059,-877.6182163228395,-204.56968893833675
9060,-880.1844221788941,-193.23010688714243
9061,-882.6041172928927,-181.85836079664816
9062,-884.8768988954641,-170.4563435462485
9063,-887.0023886716656,-159.02595305411475
9064,-888.9802328239563,-147.56909196127316
9065,-890.810102131087,-136.08766731490624
9066,-892.4916920029026,-124.58359025090823
9067,-894.024722531041,-113.05877567577537
9068,-895.4089385355256,-101.51514194785649
9069,-896.6441096072409,-89.95461055803804
9070,-897.7300301462859,-78.37910580989512
9071,-898.6665193961963,-66.79055449939038
9072,-899.4534214740328,-55.190885594145115
9073,-900.0906053963282,-43.58202991235773
9074,-900.5779651008902,-31.96591980140624
9075,-900.9154194644565,-20.344488816200123
9076,-901.1029123161975,-8.719671397334416
9077,-901.1404124470662,2.90659745090678
9078,-901.0279136149936,14.532382482643886
9079,-900.7654345459273,26.1557485325324
9080,-900.3530189307144,37.77476083787686
9081,-899.7907354178296,49.38748536068101
9082,-899.0786776019477,60.99198910958048
9083,-898.2169640083642,72.58634046159808
9084,-897.2057380732671,84.16860948366816
9085,-896.0451681198604,95.73686825388282
9086,-894.7354473303465,107.28919118240657
9087,-893.2767937137695,118.82365533199953
9088,-891.6694500697273,130.3383407380962
9089,-889.9136839479565,141.83133072839206
9090,-888.0097876037968,153.30071224188674
9091,-885.9580779495443,164.74457614731776
9092,-883.7588965016993,176.1610175609489
9093,-881.4126093241208,187.54813616363896
9094,-878.9196069670922,198.90403651716656
9095,-876.2803044023127,210.22682837972982
9096,-873.4951409538229,221.51462702059035
9097,-870.5645802248789,232.76555353378788
9098,-867.4891100207814,243.97773515090003
9099,-864.2692422676798,255.1493055527699
9100,-860.9055129273587,266.27840518016393
9101,-857.3984819080251,277.3631815433041
9102,-853.7487329711095,288.40178953022354
9103,-849.9568736340946,299.39239171389437
9104,-846.0235350693938,310.33315865807236
9105,-841.9493719992867,321.22226922182244
9106,-837.7350625869395,332.05791086264844
9107,-833.3813083235214,342.8382799382036
9108,-828.8888339114382,353.5615820065106
9109,-824.2583871437006,364.22603212466237
9110,-819.4907387794532,374.82985514592633
9111,-814.5866824156761,385.3712860152304
9112,-809.5470343550894,395.8485700629597
9113,-804.3726334702717,406.2599632970373
9114,-799.0643410640304,416.60373269321195
9115,-793.6230407260307,426.8781564835324
9116,-788.0496381857213,437.0815244429394
9117,-782.3450611615672,447.21213817394755
9118,-776.51025920663,457.2683113893442
9119,-770.5462035505097,467.2483701928843
9120,-764.4538869376792,477.1506533579139
9121,-758.2343234622368,486.97351260389325
9122,-751.8885483991047,496.7153128707602
9123,-745.417618031705,506.37443259109097
9124,-738.822609476136,515.949263960017
9125,-732.1046205018798,525.4382132028547
9126,-725.2647693490736,534.8397008403967
9127,-718.3041945423752,544.1521619518202
9128,-711.2240547014499,553.3740464351749
9129,-704.025528348112,562.503819265409
9130,-696.7098137101535,571.539960749879
9131,-689.2781285218963,580.4809667813083
9132,-681.7317098214938,589.3253490881523
9133,-674.0718137450194,598.0716354823309
9134,-666.2997153173757,606.7183701042801
9135,-658.4167082400634,615.2641136652854
9136,-650.4241046758391,623.7074436870569
9137,-642.3232350302962,632.0469547385106
9138,-634.1154477304162,640.2812586697067
9139,-625.8021090001134,648.4089848429155
9140,-617.3846026328258,656.4287803607622
9141,-608.8643297611716,664.3393102914274
9142,-600.2427086237263,672.1392578908499
9143,-591.5211743289484,679.827324821908
9144,-582.7011786163035,687.402231370528
9145,-573.7841896146108,694.862716658704
9146,-564.7716915976694,702.207538854374
9147,-555.66518473719,709.4354753781308
9148,-546.4661848530915,716.5453231067222
9149,-537.176223161179,723.5358985733199
9150,-527.7968460182698,730.406038164511
9151,-518.3296146647912,737.1545983139895
9152,-508.7761049649118,743.7804556929035
9153,-499.1379071442246,750.2825073968428
9154,-489.4166255250504,756.6596711294205
9155,-479.61387825938976,762.9108853824262
9156,-469.7312970595747,769.0351096125195
9157,-459.7705269266624,775.0313244144326
9158,-449.7332258766174,780.8985316906554
9159,-439.6210646643268,786.6357548175737
9160,-429.4357265054961,792.2420388080318
9161,-419.1789067964696,797.7164504702952
9162,-408.85231283202427,803.0580785633842
9163,-398.4576635211817,808.2660339487555
9164,-387.99668910109165,813.3394497383003
9165,-377.4711308490187,818.2774814386457
9166,-366.8827407925059,823.079307091722
9167,-356.23328141773766,827.7441274115819
9168,-345.5245253761698,832.2711659174447
9169,-334.7582551894566,836.6596690629475
9170,-323.93626295274873,840.9089063615736
9171,-313.06035003638715,845.018170508247
9172,-302.13232678606033,848.9867774970652
9173,-291.154012221457,852.8140667351576
9174,-280.1272337334893,856.4994011526413
9175,-269.0538267801104,860.0421673086666
9176,-257.9356345807991,863.4417754935249
9177,-246.77450780973973,866.6976598268111
9178,-235.57230428777603,869.8092783516153
9179,-224.33088867316454,872.7761131247339
9180,-213.05213215119704,875.5976703028846
9181,-201.73791212272928,878.2734802249081
9182,-190.39011189167923,880.8030974899464
9183,-179.01062035154544,883.1861010315804
9184,-167.60133167099198,885.4220941879191
9185,-156.16414497855237,887.5107047676258
9186,-144.70096404651085,889.4515851118714
9187,-133.21369697401386,891.2444121522029
9188,-121.70425586945821,892.8888874643202
9189,-110.17455653220861,894.3847373177504
9190,-98.62651813370421,895.7317127214109
9191,-87.06206289800669,896.9295894650559
9192,-75.48311578183733,897.978168156596
9193,-63.89160415415593,898.8772742552894
9194,-52.28945747534143,899.626758100794
9195,-40.678606976027424,900.2264949380794
9196,-29.060985335640062,900.6763849381929
9197,-17.438526360691437,900.9763532148763
9198,-5.813164662888617,901.1263498370316
9199,0.0,932.5245000000001
9200,11.62514378493211,932.4520358346749
9201,23.24848084770054,932.2346546007203
9202,34.86820474693342,931.872390082449
9203,46.4825096027988,931.3652985812151
9204,58.08959037766559,930.7134589066633
9205,69.6876431566335,929.9169723644815
9206,81.27486542788857,928.9759627406561
9207,92.84945636284064,927.8905762822334
9208,104.40961709599912,926.6609816745912
9209,115.9535510045438,925.2873700152222
9210,127.47946398754705,923.7699547840349
9211,138.985564744804,922.1089718101749
9212,150.4700650552277,920.3046792353746
9213,161.93118005476538,918.3573574738328
9214,173.36712851379338,916.2673091686356
9215,184.77613311394666,914.0348591447195
9216,196.15642072434122,911.6603543583901
9217,207.50622267714513,909.144163843399
9218,218.82377504245594,906.4866786535911
9219,230.10731890244227,903.6883118021279
9220,241.35510062470564,900.7494981973003
9221,252.56537213482184,897.6706945749366
9222,263.7363911880174,894.4523794274188
9223,274.8664216399413,891.0950529293181
9224,285.9537337164872,887.5992368596598
9225,296.99660428262695,883.9654745208317
9226,307.99331711021125,880.1943306541455
9227,318.9421631446976,876.2863913520689
9228,329.841440770763,872.2422639671374
9229,340.6894560767604,868.0625770175624
9230,351.4845231179782,863.74798008955
9231,362.2249641786616,859.2991437363461
9232,372.9091100327543,854.7167593740218
9233,383.53530020332204,850.0015391740169
9234,394.1018832206149,845.1542159524586
9235,404.6072168787314,840.1755430562696
9236,415.0496684908412,835.0662942460874
9237,425.42761514292965,829.8272635760105
9238,435.739443946023,824.4592652701896
9239,445.9835522868555,818.9631335962857
9240,456.1583480769395,813.3397227358123
9241,466.26225,807.5899066513819
9242,476.2936877577355,801.7145789508802
9243,486.25110231386486,795.7146527485852
9244,496.13294613642614,789.5910605232561
9245,505.93768343828543,783.3447539732116
9246,515.6637904158221,776.9767038684219
9247,525.3097554857502,770.4878998996361
9248,534.874079520041,763.87935052457
9249,544.3552760789113,757.1520828111763
9250,553.7518716418369,750.3071422780225
9251,563.0624058365607,743.3455927318023
9252,572.2854316660568,736.2685161020029
9253,581.4195157334145,729.0770122727583
9254,590.4632384646117,721.7721989119098
9255,599.4151943291353,714.3552112973035
9256,608.2739920584244,706.827202140352
9257,617.0382548620927,699.189341406885
9258,625.7066206419029,691.4428161353186
9259,634.2777422034577,683.588830252173
9260,642.7502874655736,675.6286043849628
9261,651.122939667306,667.5633756724944
9262,659.3943975725947,659.3943975725947
9263,667.5633756724944,651.122939667306
9264,675.6286043849628,642.7502874655735
9265,683.588830252173,634.2777422034577
9266,691.4428161353186,625.7066206419029
9267,699.189341406885,617.0382548620926
9268,706.827202140352,608.2739920584244
9269,714.3552112973035,599.4151943291354
9270,721.7721989119098,590.4632384646115
9271,729.0770122727583,581.4195157334146
9272,736.2685161020029,572.2854316660566
9273,743.3455927318023,563.0624058365606
9274,750.3071422780226,553.7518716418368
9275,757.1520828111763,544.3552760789114
9276,763.87935052457,534.874079520041
9277,770.4878998996361,525.3097554857501
9278,776.9767038684219,515.6637904158221
9279,783.3447539732117,505.93768343828543
9280,789.5910605232561,496.132946136426
9281,795.7146527485852,486.25110231386475
9282,801.7145789508802,476.29368775773537
9283,807.5899066513819,466.26225000000017
9284,813.3397227358122,456.1583480769395
9285,818.9631335962857,445.9835522868555
9286,824.4592652701896,435.739443946023
9287,829.8272635760105,425.4276151429296
9288,835.0662942460874,415.04966849084127
9289,840.1755430562697,404.6072168787312
9290,845.1542159524586,394.1018832206149
9291,850.0015391740169,383.535300203322
9292,854.7167593740218,372.9091100327542
9293,859.2991437363461,362.22496417866165
9294,863.74798008955,351.48452311797826
9295,868.0625770175624,340.68945607676034
9296,872.2422639671374,329.8414407707629
9297,876.2863913520689,318.9421631446977
9298,880.1943306541455,307.9933171102111
9299,883.9654745208315,296.99660428262695
9300,887.5992368596598,285.95373371648736
9301,891.0950529293182,274.86642163994117
9302,894.4523794274188,263.7363911880175
9303,897.6706945749366,252.56537213482184
9304,900.7494981973003,241.35510062470564
9305,903.6883118021279,230.10731890244216
9306,906.4866786535911,218.82377504245588
9307,909.144163843399,207.5062226771452
9308,911.6603543583901,196.15642072434125
9309,914.0348591447195,184.77613311394663
9310,916.2673091686356,173.3671285137933
9311,918.3573574738328,161.93118005476546
9312,920.3046792353746,150.4700650552275
9313,922.1089718101749,138.98556474480398
9314,923.7699547840349,127.47946398754718
9315,925.2873700152222,115.9535510045437
9316,926.6609816745912,104.40961709599917
9317,927.8905762822334,92.84945636284064
9318,928.9759627406561,81.27486542788854
9319,929.9169723644815,69.68764315663341
9320,930.7134589066633,58.08959037766566
9321,931.3652985812151,46.48250960279883
9322,931.8723900824491,34.8682047469334
9323,932.2346546007203,23.24848084770069
9324,932.4520358346749,11.625143784932005
9325,932.5245000000001,5.710065720257431e-14
9326,932.4520358346749,-11.625143784932304
9327,932.2346546007203,-23.248480847700577
9328,931.8723900824491,-34.86820474693329
9329,931.3652985812151,-46.48250960279892
9330,930.7134589066633,-58.089590377665544
9331,929.9169723644815,-69.6876431566335
9332,928.9759627406561,-81.27486542788863
9333,927.8905762822334,-92.84945636284074
9334,926.6609816745912,-104.40961709599907
9335,925.2873700152222,-115.95355100454378
9336,923.7699547840349,-127.47946398754708
9337,922.1089718101749,-138.98556474480387
9338,920.3046792353746,-150.47006505522782
9339,918.3573574738328,-161.93118005476538
9340,916.2673091686356,-173.36712851379335
9341,914.0348591447195,-184.7761331139467
9342,911.6603543583901,-196.15642072434113
9343,909.144163843399,-207.50622267714508
9344,906.4866786535911,-218.82377504245594
9345,903.6883118021279,-230.1073189024423
9346,900.7494981973003,-241.35510062470573
9347,897.6706945749366,-252.5653721348219
9348,894.4523794274189,-263.7363911880174
9349,891.0950529293182,-274.8664216399413
9350,887.5992368596598,-285.95373371648725
9351,883.9654745208317,-296.99660428262683
9352,880.1943306541453,-307.99331711021136
9353,876.2863913520689,-318.9421631446976
9354,872.2422639671374,-329.841440770763
9355,868.0625770175624,-340.68945607676045
9356,863.74798008955,-351.48452311797814
9357,859.2991437363461,-362.22496417866154
9358,854.7167593740218,-372.9091100327543
9359,850.0015391740169,-383.53530020332204
9360,845.1542159524587,-394.1018832206148
9361,840.1755430562696,-404.6072168787313
9362,835.0662942460874,-415.04966849084116
9363,829.8272635760104,-425.42761514292965
9364,824.4592652701896,-435.7394439460231
9365,818.9631335962857,-445.98355228685557
9366,813.3397227358122,-456.1583480769396
9367,807.5899066513819,-466.2622499999998
9368,801.71457895088,-476.29368775773565
9369,795.7146527485853,-486.25110231386475
9370,789.5910605232563,-496.1329461364259
9371,783.3447539732117,-505.9376834382853
9372,776.9767038684219,-515.6637904158221
9373,770.487899899636,-525.3097554857502
9374,763.8793505245699,-534.8740795200412
9375,757.1520828111762,-544.3552760789114
9376,750.3071422780225,-553.751871641837
9377,743.3455927318024,-563.0624058365606
9378,736.2685161020029,-572.2854316660565
9379,729.0770122727581,-581.4195157334149
9380,721.7721989119098,-590.4632384646115
9381,714.3552112973035,-599.4151943291354
9382,706.827202140352,-608.2739920584244
9383,699.1893414068849,-617.0382548620927
9384,691.4428161353187,-625.7066206419026
9385,683.5888302521728,-634.2777422034578
9386,675.6286043849627,-642.7502874655737
9387,667.5633756724944,-651.122939667306
9388,659.3943975725947,-659.3943975725947
9389,651.1229396673061,-667.5633756724944
9390,642.7502874655734,-675.6286043849632
9391,634.2777422034577,-683.588830252173
9392,625.7066206419028,-691.4428161353186
9393,617.0382548620925,-699.189341406885
9394,608.2739920584246,-706.8272021403519
9395,599.4151943291355,-714.3552112973034
9396,590.4632384646113,-721.7721989119099
9397,581.4195157334144,-729.0770122727586
9398,572.2854316660568,-736.2685161020029
9399,563.0624058365607,-743.3455927318023
9400,553.7518716418368,-750.3071422780226
9401,544.3552760789116,-757.1520828111761
9402,534.874079520041,-763.8793505245701
9403,525.30975548575,-770.4878998996362
9404,515.6637904158218,-776.976703868422
9405,505.93768343828555,-783.3447539732116
9406,496.13294613642614,-789.5910605232561
9407,486.25110231386486,-795.7146527485852
9408,476.2936877577355,-801.7145789508802
9409,466.26225,-807.5899066513819
9410,456.1583480769394,-813.3397227358123
9411,445.9835522868554,-818.9631335962858
9412,435.73944394602324,-824.4592652701895
9413,425.4276151429295,-829.8272635760105
9414,415.04966849084093,-835.0662942460875
9415,404.6072168787315,-840.1755430562695
9416,394.101883220615,-845.1542159524586
9417,383.53530020332204,-850.0015391740169
9418,372.90911003275426,-854.7167593740218
9419,362.22496417866154,-859.2991437363461
9420,351.48452311797814,-863.7479800895501
9421,340.68945607676017,-868.0625770175625
9422,329.84144077076314,-872.2422639671373
9423,318.94216314469776,-876.2863913520689
9424,307.99331711021136,-880.1943306541455
9425,296.99660428262655,-883.9654745208317
9426,285.9537337164872,-887.5992368596598
9427,274.8664216399413,-891.0950529293182
9428,263.73639118801736,-894.4523794274189
9429,252.5653721348221,-897.6706945749366
9430,241.3551006247059,-900.7494981973002
9431,230.10731890244205,-903.6883118021279
9432,218.8237750424557,-906.4866786535911
9433,207.50622267714522,-909.144163843399
9434,196.1564207243413,-911.6603543583901
9435,184.77613311394668,-914.0348591447195
9436,173.36712851379374,-916.2673091686355
9437,161.93118005476535,-918.3573574738328
9438,150.47006505522756,-920.3046792353746
9439,138.98556474480384,-922.1089718101749
9440,127.47946398754722,-923.7699547840349
9441,115.95355100454395,-925.2873700152222
9442,104.40961709599883,-926.6609816745912
9443,92.8494563628407,-927.8905762822334
9444,81.27486542788859,-928.9759627406561
9445,69.68764315663347,-929.9169723644815
9446,58.08959037766551,-930.7134589066633
9447,46.48250960279909,-931.3652985812151
9448,34.86820474693325,-931.8723900824491
9449,23.248480847700336,-932.2346546007203
9450,11.625143784932268,-932.4520358346749
9451,1.1420131440514862e-13,-932.5245000000001
9452,-11.62514378493204,-932.4520358346749
9453,-23.248480847700932,-932.2346546007203
9454,-34.868204746933436,-931.872390082449
9455,-46.482509602798864,-931.3652985812151
9456,-58.089590377665694,-930.7134589066633
9457,-69.68764315663323,-929.9169723644815
9458,-81.27486542788836,-928.9759627406561
9459,-92.8494563628409,-927.8905762822334
9460,-104.40961709599942,-926.6609816745911
9461,-115.95355100454373,-925.2873700152222
9462,-127.47946398754702,-923.7699547840349
9463,-138.98556474480404,-922.1089718101749
9464,-150.47006505522737,-920.3046792353746
9465,-161.93118005476552,-918.3573574738328
9466,-173.36712851379352,-916.2673091686355
9467,-184.77613311394686,-914.0348591447195
9468,-196.15642072434107,-911.6603543583901
9469,-207.50622267714502,-909.144163843399
9470,-218.82377504245628,-906.486678653591
9471,-230.10731890244224,-903.6883118021279
9472,-241.35510062470567,-900.7494981973003
9473,-252.56537213482184,-897.6706945749366
9474,-263.7363911880175,-894.4523794274188
9475,-274.866421639941,-891.0950529293182
9476,-285.95373371648736,-887.5992368596598
9477,-296.9966042826271,-883.9654745208315
9478,-307.9933171102111,-880.1943306541455
9479,-318.94216314469753,-876.2863913520689
9480,-329.8414407707629,-872.2422639671374
9481,-340.6894560767604,-868.0625770175624
9482,-351.48452311797826,-863.74798008955
9483,-362.22496417866165,-859.2991437363461
9484,-372.9091100327545,-854.7167593740216
9485,-383.5353002033218,-850.001539174017
9486,-394.10188322061475,-845.1542159524587
9487,-404.60721687873126,-840.1755430562696
9488,-415.0496684908415,-835.0662942460873
9489,-425.4276151429296,-829.8272635760105
9490,-435.739443946023,-824.4592652701896
9491,-445.9835522868555,-818.9631335962857
9492,-456.1583480769392,-813.3397227358124
9493,-466.26225000000017,-807.5899066513819
9494,-476.29368775773554,-801.7145789508801
9495,-486.25110231386503,-795.7146527485851
9496,-496.1329461364259,-789.5910605232563
9497,-505.9376834382853,-783.3447539732117
9498,-515.6637904158221,-776.9767038684219
9499,-525.3097554857502,-770.4878998996361
9500,-534.8740795200412,-763.87935052457
9501,-544.3552760789114,-757.1520828111762
9502,-553.7518716418369,-750.3071422780225
9503,-563.0624058365605,-743.3455927318024
9504,-572.2854316660565,-736.2685161020031
9505,-581.4195157334149,-729.0770122727581
9506,-590.4632384646115,-721.7721989119098
9507,-599.4151943291353,-714.3552112973035
9508,-608.2739920584244,-706.827202140352
9509,-617.0382548620927,-699.189341406885
9510,-625.7066206419026,-691.4428161353188
9511,-634.2777422034578,-683.5888302521729
9512,-642.7502874655737,-675.6286043849627
9513,-651.1229396673059,-667.5633756724944
9514,-659.3943975725947,-659.3943975725948
9515,-667.5633756724943,-651.1229396673061
9516,-675.6286043849631,-642.7502874655734
9517,-683.588830252173,-634.2777422034577
9518,-691.4428161353186,-625.7066206419029
9519,-699.189341406885,-617.0382548620926
9520,-706.8272021403521,-608.2739920584243
9521,-714.3552112973034,-599.4151943291355
9522,-721.7721989119099,-590.4632384646114
9523,-729.0770122727582,-581.4195157334148
9524,-736.2685161020026,-572.2854316660571
9525,-743.3455927318022,-563.0624058365607
9526,-750.3071422780229,-553.7518716418365
9527,-757.1520828111763,-544.3552760789113
9528,-763.8793505245698,-534.8740795200414
9529,-770.4878998996361,-525.3097554857501
9530,-776.9767038684221,-515.6637904158216
9531,-783.3447539732117,-505.93768343828526
9532,-789.5910605232561,-496.13294613642614
9533,-795.7146527485854,-486.2511023138645
9534,-801.7145789508801,-476.2936877577355
9535,-807.5899066513817,-466.26225000000045
9536,-813.3397227358123,-456.15834807693943
9537,-818.963133596286,-445.98355228685506
9538,-824.4592652701897,-435.73944394602296
9539,-829.8272635760103,-425.4276151429299
9540,-835.0662942460875,-415.04966849084093
9541,-840.1755430562695,-404.60721687873155
9542,-845.1542159524588,-394.10188322061464
9543,-850.0015391740169,-383.5353002033221
9544,-854.7167593740218,-372.909110032754
9545,-859.2991437363461,-362.22496417866154
9546,-863.7479800895499,-351.48452311797854
9547,-868.0625770175624,-340.68945607676017
9548,-872.2422639671373,-329.8414407707632
9549,-876.2863913520689,-318.9421631446974
9550,-880.1943306541453,-307.9933171102114
9551,-883.9654745208317,-296.9966042826266
9552,-887.5992368596598,-285.95373371648725
9553,-891.0950529293183,-274.8664216399409
9554,-894.4523794274188,-263.7363911880174
9555,-897.6706945749365,-252.56537213482216
9556,-900.7494981973003,-241.35510062470553
9557,-903.6883118021278,-230.1073189024425
9558,-906.4866786535911,-218.82377504245576
9559,-909.1441638433992,-207.50622267714448
9560,-911.6603543583902,-196.15642072434096
9561,-914.0348591447195,-184.7761331139467
9562,-916.2673091686355,-173.3671285137938
9563,-918.3573574738328,-161.93118005476538
9564,-920.3046792353745,-150.47006505522805
9565,-922.1089718101749,-138.9855647448039
9566,-923.769954784035,-127.47946398754648
9567,-925.2873700152222,-115.9535510045436
9568,-926.6609816745912,-104.40961709599928
9569,-927.8905762822333,-92.84945636284118
9570,-928.9759627406561,-81.27486542788864
9571,-929.9169723644815,-69.6876431566331
9572,-930.7134589066633,-58.089590377665566
9573,-931.3652985812151,-46.482509602798324
9574,-931.8723900824491,-34.86820474693331
9575,-932.2346546007203,-23.248480847700804
9576,-932.4520358346749,-11.625143784931911
9577,-932.5245000000001,-1.713019716077229e-13
9578,-932.4520358346749,11.625143784932398
9579,-932.2346546007203,23.24848084770046
9580,-931.872390082449,34.86820474693379
9581,-931.3652985812151,46.48250960279964
9582,-930.7134589066633,58.089590377665225
9583,-929.9169723644815,69.6876431566336
9584,-928.9759627406561,81.2748654278883
9585,-927.8905762822334,92.84945636284084
9586,-926.6609816745912,104.40961709599895
9587,-925.2873700152222,115.95355100454408
9588,-923.7699547840348,127.47946398754777
9589,-922.108971810175,138.98556474480355
9590,-920.3046792353746,150.4700650552277
9591,-918.3573574738331,161.93118005476506
9592,-916.2673091686355,173.36712851379346
9593,-914.0348591447195,184.7761331139472
9594,-911.6603543583901,196.15642072434144
9595,-909.1441638433989,207.50622267714576
9596,-906.4866786535912,218.82377504245542
9597,-903.6883118021279,230.10731890244216
9598,-900.7494981973005,241.35510062470522
9599,-897.6706945749366,252.56537213482179
9600,-894.4523794274187,263.7363911880179
9601,-891.0950529293181,274.8664216399414
9602,-887.5992368596596,285.9537337164877
9603,-883.9654745208317,296.9966042826263
9604,-880.1943306541455,307.993317110211
9605,-876.2863913520689,318.94216314469793
9606,-872.2422639671374,329.84144077076286
9607,-868.0625770175623,340.6894560767607
9608,-863.74798008955,351.48452311797826
9609,-859.299143736346,362.22496417866205
9610,-854.716759374022,372.90911003275363
9611,-850.001539174017,383.53530020332175
9612,-845.1542159524585,394.1018832206151
9613,-840.1755430562697,404.6072168787312
9614,-835.0662942460873,415.04966849084144
9615,-829.8272635760105,425.42761514292954
9616,-824.4592652701893,435.73944394602336
9617,-818.9631335962857,445.98355228685546
9618,-813.3397227358124,456.15834807693915
9619,-807.5899066513819,466.26225000000017
9620,-801.7145789508803,476.29368775773514
9621,-795.7146527485852,486.2511023138649
9622,-789.5910605232558,496.13294613642654
9623,-783.3447539732115,505.93768343828566
9624,-776.9767038684219,515.663790415822
9625,-770.4878998996363,525.3097554857497
9626,-763.87935052457,534.874079520041
9627,-757.152082811176,544.3552760789117
9628,-750.3071422780225,553.7518716418369
9629,-743.345592731802,563.0624058365611
9630,-736.2685161020029,572.2854316660569
9631,-729.0770122727585,581.4195157334145
9632,-721.7721989119101,590.4632384646112
9633,-714.3552112973036,599.4151943291353
9634,-706.8272021403518,608.2739920584246
9635,-699.189341406885,617.0382548620926
9636,-691.4428161353183,625.7066206419032
9637,-683.5888302521729,634.2777422034578
9638,-675.6286043849631,642.7502874655734
9639,-667.5633756724943,651.1229396673062
9640,-659.3943975725948,659.3943975725946
9641,-651.1229396673059,667.5633756724945
9642,-642.7502874655737,675.6286043849627
9643,-634.2777422034576,683.5888302521731
9644,-625.7066206419023,691.4428161353192
9645,-617.0382548620929,699.1893414068846
9646,-608.2739920584243,706.8272021403521
9647,-599.4151943291356,714.3552112973033
9648,-590.4632384646114,721.7721989119099
9649,-581.4195157334148,729.0770122727582
9650,-572.2854316660565,736.2685161020031
9651,-563.0624058365601,743.3455927318026
9652,-553.7518716418373,750.3071422780223
9653,-544.3552760789113,757.1520828111763
9654,-534.8740795200415,763.8793505245698
9655,-525.3097554857501,770.4878998996361
9656,-515.6637904158217,776.9767038684221
9657,-505.93768343828526,783.3447539732117
9658,-496.1329461364255,789.5910605232565
9659,-486.25110231386526,795.714652748585
9660,-476.29368775773554,801.7145789508801
9661,-466.26225000000045,807.5899066513816
9662,-456.1583480769395,813.3397227358123
9663,-445.9835522868551,818.963133596286
9664,-435.73944394602296,824.4592652701896
9665,-425.4276151429292,829.8272635760108
9666,-415.0496684908418,835.0662942460871
9667,-404.6072168787316,840.1755430562695
9668,-394.1018832206147,845.1542159524587
9669,-383.53530020332215,850.0015391740169
9670,-372.90911003275403,854.7167593740218
9671,-362.2249641786616,859.2991437363461
9672,-351.4845231179778,863.7479800895501
9673,-340.6894560767611,868.062577017562
9674,-329.84144077076326,872.2422639671373
9675,-318.9421631446975,876.2863913520689
9676,-307.9933171102115,880.1943306541453
9677,-296.99660428262666,883.9654745208317
9678,-285.9537337164865,887.59923685966
9679,-274.86642163994094,891.0950529293182
9680,-263.7363911880174,894.4523794274188
9681,-252.5653721348222,897.6706945749365
9682,-241.35510062470559,900.7494981973003
9683,-230.10731890244256,903.6883118021278
9684,-218.82377504245582,906.4866786535911
9685,-207.50622267714456,909.1441638433992
9686,-196.156420724341,911.6603543583901
9687,-184.77613311394677,914.0348591447195
9688,-173.36712851379386,916.2673091686355
9689,-161.93118005476543,918.3573574738328
9690,-150.47006505522728,920.3046792353747
9691,-138.98556474480395,922.1089718101749
9692,-127.47946398754652,923.769954784035
9693,-115.95355100454366,925.2873700152222
9694,-104.40961709599934,926.6609816745912
9695,-92.84945636284122,927.8905762822333
9696,-81.27486542788871,928.9759627406561
9697,-69.68764315663317,929.9169723644815
9698,-58.08959037766562,930.7134589066633
9699,-46.48250960279838,931.3652985812151
9700,-34.868204746933365,931.8723900824491
9701,-23.24848084770086,932.2346546007203
9702,-11.62514378493197,932.4520358346749
9703,5.815740170053579,964.4674656987008
9704,17.44637467833571,964.3271951135587
9705,29.074471814159185,964.0466743440008
9706,40.698340405921684,963.6259441885134
9707,52.316289897013526,963.0650658374084
9708,63.9266305916894,962.3641208639243
9709,75.52767390081503,961.523211212362
9710,87.11773258745285,960.5424591832582
9711,98.69512101225091,959.4220074155988
9712,110.25815537859967,958.162018866073
9713,121.80515397752066,956.7626767853733
9714,133.33443743225124,955.2241846915441
9715,144.8443289424908,953.5467663403823
9716,156.33315452827165,951.7306656928943
9717,167.79924327342005,949.7761468798151
9718,179.2409275685714,947.6834941631928
9719,190.6565433537049,945.4530118950477
9720,202.0444303601615,943.0850244731055
9721,213.40293235211084,940.5798762936195
9722,224.73039736743144,937.9379317012808
9723,236.02517795796936,935.1595749362293
9724,247.28563142914047,932.2452100781702
9725,258.5101200788411,929.195260987605
9726,269.69701143563327,926.0101712441867
9727,280.8446784961681,922.6904040822058
9728,291.9514999618147,919.236442323218
9729,303.01586047445954,915.6487883058237
9730,314.0361508514412,911.9279638126089
9731,325.0107683195872,908.074509994258
9732,335.93811674831915,904.088987290849
9733,346.816606881791,899.9719753503448
9734,357.6446565700281,895.7240729442896
9735,368.4206909990321,891.345897880725
9736,379.14314291982015,886.8380869143369
9737,389.8104528763621,882.2012956538467
9738,400.421069432386,877.4361984666604
9739,410.973449397016,872.5434883807904
9740,421.46605804921194,867.5238769840623
9741,431.89736936097637,862.3780943206226
9742,442.26586621929744,857.1068887847623
9743,452.570040646796,851.7110270120716
9744,462.80839402104283,846.1912937679419
9745,472.97943729251585,840.5484918334311
9746,483.0816912011656,834.7834418885068
9747,493.1136864915557,828.8969823926902
9748,503.07396412654975,822.8899694631107
9749,512.9610754995106,816.763276749993
9750,522.7735826449837,810.5177953095963
9751,532.5100584478324,804.1544334746195
9752,542.1690868507957,797.6741167220952
9753,551.7492630604364,791.0777875387892
9754,561.2491937514528,784.3664052841276
9755,570.6674972693212,777.540946050669
9756,580.002803831242,770.6024025221425
9757,589.253755725358,763.5517838290735
9758,598.4190075082183,756.3901154020188
9759,607.4972262004575,749.1184388224272
9760,616.4870914806612,741.7378116711558
9761,625.3872958773932,734.2493073746562
9762,634.1965449593495,726.6540150488568
9763,642.913557523621,718.9530393407639
9764,651.5370657820271,711.1475002678044
9765,660.0658155455028,703.2385330549305
9766,668.4985664065044,695.2272879695162
9767,676.8340919194135,687.1149301540632
9768,685.0711797789085,678.9026394567447
9769,693.2086319962802,670.5916102598109
9770,701.2452650736666,662.1830513058782
9771,709.1799101761771,653.6781855221341
9772,717.0114133018878,645.0782498424743
9773,724.7386354496758,636.3844950276067
9774,732.3604527848755,627.5981854831422
9775,739.8757568027256,618.7205990757009
9776,747.2834544895898,609.7530269470628
9777,754.5824684819216,600.6967733263848
9778,761.7717372229553,591.5531553405164
9779,768.8502151170964,582.3235028224387
9780,775.8168726819918,573.0091581178563
9781,782.6706966982558,563.6114758899672
9782,789.4106903568312,554.1318229224445
9783,796.0358734039636,544.5715779206524
9784,802.5452822837674,534.9321313111303
9785,808.9379702783651,525.2148850393705
9786,815.2130076455746,515.421252365923
9787,821.3694817541315,505.55265766085114
9788,827.4064972164183,495.61053619657577
9789,833.3231760186906,485.5963339391296
9790,839.1186576487722,475.51150733785914
9791,844.792099221207,465.35752311360187
9792,850.3426755998478,455.13585804536694
9793,855.7695795178613,444.84799875555603
9794,861.072021695137,434.4954414937512
9795,866.249230953078,424.0796919191028
9796,871.3004543267604,413.60226488134856
9797,876.2249571744429,403.0646842004966
9798,881.0220232844122,392.46848244520345
9799,885.6909549791479,381.81520070987915
9800,890.231073216791,371.10638839055423
9801,894.6417176899026,360.34360295953746
9802,898.9222469214992,349.5284097388987
9803,903.0720383583462,338.66238167281284
9804,907.0904884615026,327.74709909879124
9805,910.977012794098,316.78414951784146
9806,914.731046106332,305.7751273635838
9807,918.3520424176836,294.7216337703584
9808,921.8394750963179,283.6252763403595
9809,925.1928369356781,272.4876689098282
9810,928.4116402282525,261.31043131433927
9811,931.4954168365073,250.09518915321394
9812,934.4437182609698,238.84357355309655
9813,937.2561157054596,227.5572209307242
9814,939.9322001394498,216.23777275493168
9815,942.4715823575577,204.88687530791628
9816,944.8738930361486,193.50617944580748
9817,947.1387827870511,182.09734035856636
9818,949.2659222083701,170.66201732926072
9819,951.2550019323958,159.2018734927387
9820,953.1057326705965,147.71857559374766
9821,954.8178452556932,136.2137937445227
9822,956.3910906808062,124.68920118189129
9823,957.8252401356706,113.14647402391795
9824,959.120085039914,101.5872910261342
9825,960.2754370733918,90.01333333738152
9826,961.2911282035768,78.42628425530884
9827,962.1670107099974,66.82782898155581
9828,962.9029572057209,55.21965437666076
9829,963.4988606558819,43.6034487147254
9830,963.9546343932484,31.98090143787468
9831,964.2702121308266,20.353702910549064
9832,964.4455479715019,8.723544173658247
9833,964.4806164147136,-2.9078833013593277
9834,964.3754123601643,-14.5388878585418
9835,964.1299511085612,-26.167777903436864
9836,963.7442683593907,-37.792862149122804
9837,963.2184202057273,-49.41244986218675
9838,962.5524831260739,-61.02485110862329
9839,961.7465539732399,-72.6283769996148
9840,960.8007499602555,-84.22133993716125
9841,959.7152086433234,-95.80205385952075
9842,958.4900879018135,-107.36883448642924
9843,957.1255659153009,-118.9199995640574
9844,955.6218411376517,-130.4538691096777
9845,953.979132268161,-141.96876565599518
9846,952.197678219744,-153.46301449511822
9847,950.277738084191,-164.93494392212335
9848,948.2195910944832,-176.38288547818746
9849,946.0235365841835,-187.80517419324323
9850,943.6898939439005,-199.20014882813192
9851,941.2190025748384,-210.56615211620937
9852,938.6112218394329,-221.9015310043785
9853,935.866931009088,-233.20463689350402
9854,932.9865292090146,-244.4738258781842
9855,929.9704353601825,-255.70745898583615
9856,926.8190881183926,-266.9039024150668
9857,923.5329458104808,-278.0615277732893
9858,920.1124863676586,-289.1787123135545
9859,916.5582072560039,-300.25383917055956
9860,912.8706254041108,-311.2852975958033
9861,909.0502771279071,-322.2714831918512
9862,905.0977180526547,-333.2107981456743
9863,901.0135230321399,-344.1016514610351
9864,896.7982860650675,-354.9424591898772
9865,892.4526202086704,-365.73164466269407
9866,887.9771574895478,-376.46763871783594
9867,883.3725488117445,-387.1488799297271
9868,878.6394638620843,-397.7738148359559
9869,873.7785910127715,-408.3408981632088
9870,868.7906372212752,-418.84859305201314
9871,863.6763279275115,-429.29537128025265
9872,858.4364069483353,-439.6797134854329
9873,853.0716363693617,-450.000109385653
9874,847.5827964341296,-460.2550579992589
9875,841.9706854306232,-470.44306786314405
9876,836.2361195751716,-480.56265724966545
9877,830.3799328937396,-490.6123543821424
9878,824.4029771006268,-500.5906976489114
9879,818.3061214745971,-510.49623581589907
9880,812.0902527324523,-520.327528237688
9881,805.7562749000682,-530.0831450670414
9882,799.3051091809155,-539.7616674628582
9883,792.7376938220813,-549.3616877965267
9884,786.0549839778116,-558.8818098566481
9885,779.2579515705966,-568.3206490520981
9886,772.3475851498132,-577.6768326134018
9887,765.3248897479547,-586.948999792385
9888,758.1908867344584,-596.1358020600807
9889,750.9466136671623,-605.2359033028544
9890,743.5931241413992,-614.2479800167306
9891,736.1314876367687,-623.1707214998777
9892,728.5627893615921,-632.0028300432339
9893,720.8881300950792,-640.7430211192474
9894,713.108626027236,-649.3900235686932
9895,705.2254085965269,-657.9425797855478
9896,697.2396243253183,-666.3994458998965
9897,689.152434653133,-674.7593919588371
9898,680.9650157677299,-683.0212021053634
9899,672.6785584340428,-691.1836747551973
9900,664.2942678209972,-699.2456227715446
9901,655.8133633262312,-707.2058736377526
9902,647.2370783987504,-715.0632696278351
9903,638.5666603595354,-722.8166679748538
9904,629.803370220134,-730.4649410371187
9905,620.9484824992616,-738.0069764621907
9906,612.0032850374374,-745.4416773486611
9907,602.9690788096839,-752.7679624056815
9908,593.8471777363136,-759.9847661102262
9909,584.638908491834,-767.0910388620619
9910,575.3456103120017,-774.0857471363947
9911,565.9686347990423,-780.9678736341903
9912,556.5093457250777,-787.7364174301238
9913,546.9691188337804,-794.3903941181553
9914,537.3493416402878,-800.9288359546993
9915,527.6514132294053,-807.350791999371
9916,517.876744052124,-813.6553282532913
9917,508.0267557204865,-819.8415277949254
9918,498.10288080083353,-825.908490913437
9919,488.1065626054494,-831.8553352395431
9920,478.03925498265306,-837.6811958738421
9921,467.9024221053484,-843.3852255126056
9922,457.69753825808067,-848.9665945710072
9923,447.4260876226193,-854.424491303776
9924,437.089564062097,-859.758121923257
9925,426.68947090374854,-864.9667107148572
9926,416.22732072026866,-870.0495001498632
9927,405.70463510982415,-875.0057509956175
9928,395.1229444747564,-879.8347424230295
9929,384.4837877990023,-884.5357721114121
9930,373.78871242426584,-889.1081563506264
9931,363.03927382497767,-893.5512301405181
9932,352.23703538206513,-897.8643472876367
9933,341.3835681555817,-902.0468804992141
9934,330.4804506562107,-906.0982214743985
9935,319.529268615691,-910.0177809927243
9936,308.5316147561906,-913.8049889998073
9937,297.48908855866335,-917.4592946902527
9938,286.40329603022286,-920.9801665877636
9939,275.27584947056954,-924.3670926224369
9940,264.10836723749554,-927.6195802052393
9941,252.90247351151947,-930.7371562996481
9942,241.659798059664,-933.7193674904482
9943,230.38197599842502,-936.5657800496778
9944,219.07064755596696,-939.2759799997067
9945,207.72745783356586,-941.8495731734471
9946,196.35405656635243,-944.286185271678
9947,184.9520978833746,-946.5854619174852
9948,173.5232400670233,-948.7470687077996
9949,162.06914531185836,-950.7706912620329
9950,150.59147948285704,-952.6560352678003
9951,139.09191187313738,-954.4028265237251
9952,127.5721149611745,-956.0108109793179
9953,116.03376416756161,-957.4797547719256
9954,104.47853761133975,-958.8094442607437
9955,92.90811586593092,-959.9996860578877
9956,81.32418171472214,-961.0503070565198
9957,69.72841990632364,-961.9611544560246
9958,58.122516909539655,-962.7320957842325
9959,46.508160668092906,-963.363018916686
9960,34.88704035513227,-963.8538320929474
9961,23.260846127561813,-964.2044639299437
9962,11.631268880229227,-964.4148634323487
9963,1.1811534680756352e-13,-964.4850000000001
9964,-11.631268880228562,-964.4148634323487
9965,-23.260846127561578,-964.2044639299437
9966,-34.88704035513161,-963.8538320929474
9967,-46.50816066809223,-963.363018916686
9968,-58.12251690953899,-962.7320957842325
9969,-69.7284199063234,-961.9611544560246
9970,-81.32418171472148,-961.05030705652
9971,-92.90811586593027,-959.9996860578879
9972,-104.47853761133908,-958.8094442607437
9973,-116.03376416756096,-957.4797547719257
9974,-127.57211496117384,-956.010810979318
9975,-139.09191187313675,-954.4028265237253
9976,-150.5914794828572,-952.6560352678003
9977,-162.0691453118577,-950.770691262033
9978,-173.52324006702264,-948.7470687077998
9979,-184.95209788337394,-946.5854619174853
9980,-196.35405656635223,-944.2861852716782
9981,-207.72745783356606,-941.849573173447
9982,-219.0706475559663,-939.2759799997069
9983,-230.38197599842437,-936.5657800496779
9984,-241.65979805966336,-933.7193674904482
9985,-252.90247351151885,-930.7371562996482
9986,-264.1083672374949,-927.6195802052395
9987,-275.27584947056886,-924.3670926224369
9988,-286.40329603022263,-920.9801665877637
9989,-297.48908855866273,-917.4592946902529
9990,-308.53161475619,-913.8049889998074
9991,-319.5292686156904,-910.0177809927244
9992,-330.4804506562104,-906.0982214743985
9993,-341.38356815558103,-902.0468804992144
9994,-352.23703538206485,-897.8643472876369
9995,-363.0392738249771,-893.5512301405183
9996,-373.7887124242656,-889.1081563506265
9997,-384.4837877990017,-884.5357721114124
9998,-395.1229444747558,-879.8347424230299
9999,-405.70463510982347,-875.0057509956179
10000,-416.22732072026844,-870.0495001498633
10001,-426.689470903748,-864.9667107148574
10002,-437.08956406209643,-859.7581219232574
10003,-447.42608762261875,-854.4244913037763
10004,-457.6975382580801,-848.9665945710077
10005,-467.9024221053478,-843.385225512606
10006,-478.0392549826525,-837.6811958738424
10007,-488.10656260544965,-831.855335239543
10008,-498.102880800833,-825.9084909134373
10009,-508.02675572048594,-819.8415277949257
10010,-517.8767440521234,-813.6553282532916
10011,-527.6514132294051,-807.3507919993712
10012,-537.3493416402872,-800.9288359546996
10013,-546.9691188337797,-794.3903941181557
10014,-556.5093457250771,-787.7364174301242
10015,-565.9686347990421,-780.9678736341904
10016,-575.3456103120011,-774.0857471363952
10017,-584.6389084918335,-767.0910388620621
10018,-593.847177736313,-759.9847661102267
10019,-602.9690788096839,-752.7679624056816
10020,-612.0032850374372,-745.4416773486612
10021,-620.948482499261,-738.0069764621912
10022,-629.8033702201334,-730.464941037119
10023,-638.5666603595353,-722.8166679748539
10024,-647.23707839875,-715.0632696278356
10025,-655.813363326231,-707.2058736377527
10026,-664.2942678209969,-699.2456227715452
10027,-672.6785584340425,-691.1836747551976
10028,-680.9650157677295,-683.0212021053637
10029,-689.1524346531324,-674.7593919588373
10030,-697.239624325318,-666.399445899897
10031,-705.2254085965267,-657.942579785548
10032,-713.1086260272356,-649.3900235686936
10033,-720.8881300950787,-640.7430211192479
10034,-728.5627893615915,-632.0028300432344
10035,-736.1314876367683,-623.1707214998781
10036,-743.5931241413988,-614.2479800167312
10037,-750.9466136671615,-605.2359033028553
10038,-758.1908867344584,-596.1358020600808
10039,-765.3248897479546,-586.9489997923852
10040,-772.3475851498129,-577.6768326134023
10041,-779.2579515705963,-568.3206490520984
10042,-786.0549839778114,-558.8818098566486
10043,-792.7376938220809,-549.3616877965272
10044,-799.3051091809153,-539.7616674628584
10045,-805.7562749000678,-530.083145067042
10046,-812.0902527324521,-520.3275282376882
10047,-818.3061214745968,-510.49623581589964
10048,-824.4029771006266,-500.5906976489116
10049,-830.3799328937392,-490.612354382143
10050,-836.2361195751715,-480.5626572496657
10051,-841.9706854306231,-470.4430678631442
10052,-847.5827964341292,-460.25505799925946
10053,-853.0716363693612,-450.00010938565396
10054,-858.4364069483349,-439.6797134854336
10055,-863.6763279275114,-429.2953712802529
10056,-868.7906372212752,-418.848593052013
10057,-873.7785910127712,-408.3408981632094
10058,-878.6394638620839,-397.77381483595667
10059,-883.3725488117443,-387.14887992972757
10060,-887.9771574895477,-376.46763871783617
10061,-892.45262020867,-365.7316446626947
10062,-896.7982860650674,-354.9424591898774
10063,-901.0135230321397,-344.10165146103566
10064,-905.0977180526546,-333.21079814567474
10065,-909.0502771279068,-322.271483191852
10066,-912.8706254041106,-311.2852975958039
10067,-916.5582072560039,-300.25383917055956
10068,-920.1124863676584,-289.1787123135549
10069,-923.5329458104808,-278.0615277732895
10070,-926.8190881183924,-266.9039024150674
10071,-929.9704353601824,-255.70745898583638
10072,-932.9865292090144,-244.4738258781848
10073,-935.8669310090879,-233.20463689350444
10074,-938.6112218394329,-221.90153100437854
10075,-941.2190025748384,-210.56615211620917
10076,-943.6898939439005,-199.20014882813194
10077,-946.0235365841834,-187.8051741932439
10078,-948.2195910944833,-176.38288547818686
10079,-950.277738084191,-164.93494392212338
10080,-952.197678219744,-153.4630144951185
10081,-953.979132268161,-141.96876565599518
10082,-955.6218411376517,-130.45386910967815
10083,-957.1255659153009,-118.91999956405765
10084,-958.4900879018135,-107.36883448642882
10085,-959.7152086433233,-95.802053859521
10086,-960.8007499602555,-84.22133993716105
10087,-961.7465539732399,-72.62837699961524
10088,-962.5524831260738,-61.024851108624155
10089,-963.2184202057273,-49.41244986218634
10090,-963.7442683593907,-37.792862149122826
10091,-964.1299511085612,-26.167777903436672
10092,-964.3754123601643,-14.538887858542036
10093,-964.4806164147136,-2.9078833013597776
10094,-964.4455479715019,8.723544173658869
10095,-964.2702121308266,20.353702910549043
10096,-963.9546343932484,31.98090143787423
10097,-963.498860655882,43.60344871472516
10098,-962.9029572057209,55.219654376660316
10099,-962.1670107099973,66.82782898155665
10100,-961.2911282035768,78.42628425530906
10101,-960.2754370733918,90.0133333373813
10102,-959.1200850399139,101.58729102613438
10103,-957.8252401356706,113.1464740239177
10104,-956.3910906808062,124.68920118189126
10105,-954.8178452556932,136.2137937445231
10106,-953.1057326705966,147.71857559374743
10107,-951.2550019323959,159.20187349273826
10108,-949.2659222083701,170.66201732926046
10109,-947.138782787051,182.09734035856656
10110,-944.8738930361485,193.50617944580787
10111,-942.4715823575576,204.88687530791648
10112,-939.93220013945,216.23777275493126
10113,-937.2561157054596,227.55722093072418
10114,-934.4437182609701,238.84357355309592
10115,-931.4954168365073,250.0951891532139
10116,-928.4116402282525,261.3104313143395
10117,-925.1928369356781,272.4876689098279
10118,-921.8394750963179,283.6252763403595
10119,-918.3520424176838,294.721633770358
10120,-914.731046106332,305.7751273635838
10121,-910.9770127940978,316.78414951784185
10122,-907.0904884615027,327.74709909879107
10123,-903.0720383583464,338.6623816728122
10124,-898.9222469214992,349.52840973889863
10125,-894.6417176899025,360.3436029595376
10126,-890.2310732167906,371.1063883905548
10127,-885.6909549791479,381.8152007098791
10128,-881.0220232844124,392.4684824452028
10129,-876.2249571744429,403.0646842004965
10130,-871.3004543267602,413.6022648813489
10131,-866.249230953078,424.0796919191028
10132,-861.0720216951369,434.4954414937515
10133,-855.7695795178613,444.84799875555586
10134,-850.342675599848,455.1358580453663
10135,-844.7920992212067,465.3575231136024
10136,-839.1186576487721,475.5115073378593
10137,-833.3231760186904,485.59633393912986
10138,-827.4064972164183,495.61053619657565
10139,-821.3694817541317,505.55265766085074
10140,-815.2130076455747,515.4212523659229
10141,-808.9379702783649,525.2148850393709
10142,-802.5452822837675,534.9321313111301
10143,-796.0358734039635,544.5715779206525
10144,-789.4106903568314,554.1318229224443
10145,-782.6706966982557,563.6114758899673
10146,-775.8168726819915,573.0091581178567
10147,-768.8502151170964,582.3235028224387
10148,-761.7717372229552,591.5531553405166
10149,-754.5824684819218,600.6967733263846
10150,-747.2834544895902,609.7530269470623
10151,-739.8757568027253,618.7205990757013
10152,-732.3604527848754,627.5981854831422
10153,-724.7386354496756,636.384495027607
10154,-717.0114133018878,645.0782498424743
10155,-709.1799101761776,653.6781855221337
10156,-701.245265073666,662.1830513058787
10157,-693.2086319962801,670.591610259811
10158,-685.0711797789086,678.9026394567446
10159,-676.8340919194135,687.1149301540632
10160,-668.4985664065048,695.2272879695159
10161,-660.0658155455021,703.238533054931
10162,-651.5370657820268,711.1475002678045
10163,-642.913557523621,718.9530393407639
10164,-634.1965449593494,726.6540150488569
10165,-625.3872958773933,734.249307374656
10166,-616.4870914806611,741.7378116711559
10167,-607.4972262004569,749.1184388224276
10168,-598.4190075082182,756.3901154020188
10169,-589.2537557253582,763.5517838290733
10170,-580.0028038312421,770.6024025221425
10171,-570.6674972693216,777.5409460506687
10172,-561.2491937514523,784.3664052841282
10173,-551.7492630604362,791.0777875387893
10174,-542.1690868507959,797.674116722095
10175,-532.5100584478323,804.1544334746196
10176,-522.773582644984,810.5177953095962
10177,-512.9610754995106,816.763276749993
10178,-503.0739641265495,822.8899694631108
10179,-493.1136864915558,828.8969823926901
10180,-483.08169120116537,834.7834418885069
10181,-472.979437292516,840.5484918334308
10182,-462.8083940210426,846.1912937679419
10183,-452.5700406467955,851.7110270120718
10184,-442.26586621929744,857.1068887847623
10185,-431.8973693609767,862.3780943206224
10186,-421.46605804921205,867.5238769840623
10187,-410.9734493970158,872.5434883807906
10188,-400.4210694323854,877.4361984666606
10189,-389.810452876362,882.2012956538467
10190,-379.14314291982043,886.8380869143368
10191,-368.42069099903205,891.3458978807251
10192,-357.6446565700276,895.7240729442897
10193,-346.816606881791,899.9719753503448
10194,-335.9381167483189,904.0889872908491
10195,-325.0107683195873,908.074509994258
10196,-314.0361508514418,911.9279638126088
10197,-303.015860474459,915.6487883058238
10198,-291.95149996181465,919.236442323218
10199,-280.84467849616766,922.690404082206
10200,-269.6970114356333,926.0101712441867
10201,-258.5101200788416,929.195260987605
10202,-247.28563142914055,932.2452100781701
10203,-236.0251779579691,935.1595749362294
10204,-224.7303973674317,937.9379317012808
10205,-213.40293235211072,940.5798762936196
10206,-202.04443036016187,943.0850244731055
10207,-190.65654335370488,945.4530118950477
10208,-179.240927568571,947.6834941631929
10209,-167.79924327342013,949.7761468798151
10210,-156.33315452827136,951.7306656928944
10211,-144.84432894249102,953.5467663403823
10212,-133.3344374322519,955.224184691544
10213,-121.8051539775201,956.7626767853734
10214,-110.25815537859962,958.162018866073
10215,-98.69512101225047,959.4220074155988
10216,-87.11773258745288,960.5424591832582
10217,-75.52767390081556,961.5232112123618
10218,-63.926630591688706,962.3641208639244
10219,-52.31628989701331,963.0650658374084
10220,-40.69834040592195,963.6259441885134
10221,-29.07447181415907,964.0466743440008
10222,-17.44637467833608,964.3271951135587
10223,-5.815740170052718,964.4674656987008
10224,0.0,997.0266000000001
10225,11.622191105993798,996.9588586202824
10226,23.24280290956805,996.7556436862884
10227,34.86025632290958,996.4169828122468
10228,46.47297268738876,995.9429220177014
10229,58.0793739880784,995.3335257212595
10230,69.67788306818515,994.5888767318366
10231,81.26692384336434,993.7090762374052
10232,92.84492151588893,992.6942437912435
10233,104.41030278864389,991.5445172956906
10234,115.96149607891641,990.2600529834068
10235,127.49693173195331,988.8410253961442
10236,139.01504223425638,987.2876273610281
10237,150.51426242658684,985.6000699643547
10238,161.99302971664972,983.7785825229073
10239,173.4497842914296,981.8234125527955
10240,184.8829693291487,979.7348257358199
10241,196.29103121081818,977.5131058833707
10242,207.67241973135478,975.1585548978608
10243,219.02558831023296,972.6714927317016
10244,230.3489942016449,970.0522573438252
10245,241.64109870413944,967.3012046537607
10246,252.90036736971086,964.4187084932694
10247,264.1252702123108,961.4051605555455
10248,275.3142819157525,958.2609703419909
10249,286.4658820409815,954.9865651065688
10250,297.57855523268336,951.5823897977459
10251,308.6507914251999,948.0489069980293
10252,319.681086047728,944.3865968611083
10253,330.6679402287703,940.595957046607
10254,341.60986099981216,936.67750265246
10255,352.5053614981967,932.6317661449165
10256,363.35296116916925,928.459297286185
10257,374.1511859670658,924.1606630597292
10258,384.8985685556163,919.736447593221
10259,395.59364850733556,915.187252079166
10260,406.2349725019772,910.513694693209
10261,416.8210945240195,905.7164105101324
10262,427.3505760591611,900.7960514175578
10263,437.82198628979484,895.7532860273632
10264,448.233902289438,890.5887995848268
10265,458.58490921608876,885.3032938755124
10266,468.87360050448467,879.8974871299049
10267,479.098578057236,874.372113925813
10268,489.2584524348094,868.727925088549
10269,499.35184304433386,862.9656875889025
10270,509.377378327205,857.0861844389184
10271,519.3336959454623,851.0902145854965
10272,529.2194429669124,844.9785928018243
10273,539.0332760489752,838.752149576661
10274,548.7738616212254,832.4117310014848
10275,558.4398760666082,825.95819865552
10276,568.0300059013015,819.3924294886594
10277,577.5429479531994,812.7153157022994
10278,586.9774095389982,805.9277646281008
10279,596.3321086398533,799.0306986046946
10280,605.6057740755901,792.0250548523484
10281,614.7971456774394,784.9117853456104
10282,623.904974459278,777.6918566839489
10283,632.92802278735,770.3662499604043
10284,641.8650645484444,762.9359606282704
10285,650.7148853165077,755.4019983658268
10286,659.4762825176687,747.7653869391364
10287,668.1480655936518,740.0271640629292
10288,676.7290561635592,732.1883812595898
10289,685.2180881839963,724.2501037162709
10290,693.6140081075221,716.2134101401473
10291,701.9156750394009,708.0793926118332
10292,710.1219608926348,699.849156436985
10293,718.2317505412565,691.523819996103
10294,726.2439419718588,683.104514592559
10295,734.1574464333456,674.5923842988665
10296,741.971188584877,665.9885858012171
10297,749.6841066419946,657.2942882423023
10298,757.2951525209047,648.5106730624408
10299,764.803291980898,639.6389338390384
10300,772.2075047648899,630.6802761243948
10301,779.5067847380594,621.6359172818869
10302,786.7001400245706,612.5070863205432
10303,793.7865931423544,603.2950237280386
10304,800.7651811359359,594.0009813021289
10305,807.6349557072873,584.6262219805475
10306,814.3949833446894,575.1720196693884
10307,821.0443454495831,565.6396590699999
10308,827.582138461395,556.0304355044109
10309,834.0074739803189,546.3456547393125
10310,840.3194788880387,536.5866328086223
10311,846.5172954663726,526.7546958346534
10312,852.6000815138261,516.8511798479108
10313,858.5670104600363,506.8774306055421
10314,864.4172714780914,496.8348034084689
10315,870.1500695947116,486.7246629172175
10316,875.7646257982756,476.5483829664796
10317,881.2601771446781,466.3073463784277
10318,886.6359768610034,456.0029447748058
10319,891.8912944470022,445.6365783878282
10320,897.0254157743574,435.20965586990553
10321,902.0376431837237,424.7235941022272
10322,906.9272955795313,414.1798180022267
10323,911.6937085225375,403.57976032995373
10324,916.3362343201144,392.9248614933809
10325,920.8542421142635,382.21656935267174
10326,925.2471179673392,371.4563390234349
10327,929.514264945476,360.6456326789935
10328,933.6551031997037,349.7859193516955
10329,937.6690700447405,338.8786747332912
10330,941.5556200354556,327.9253809744056
10331,945.3142250409871,316.92752648313495
10332,948.9443743165087,305.88660572279076
10333,952.4455745726327,294.80411900882234
10334,955.8173500424415,283.681572304944
10335,959.0592425461389,272.5204770184929
10336,962.1708115533089,261.32234979505114
10337,965.1516342427805,250.08871231235213
10338,968.0013055600809,238.82109107350476
10339,970.7194382724788,227.52101719956232
10340,973.3056630216038,216.19002622146238
10341,975.7596283736368,204.8296578713698
10342,978.0810008670662,193.44145587344585
10343,980.2694650579999,182.02696773407794
10344,982.3247235630304,170.58774453159327
10345,984.2464970996457,159.1253407054871
10346,986.0345245241795,147.6413138451961
10347,987.688562867297,136.13722447844196
10348,989.2083873670124,124.61463585917613
10349,990.5937914992296,113.0751137551549
10350,991.8445870058072,101.52022623517037
10351,992.9606039201396,89.95154345597322
10352,993.941690590254,78.3706374489074
10353,994.7877136994168,66.77908190629228
10354,995.4985582842507,55.17845196757875
10355,996.0741277503561,43.57032400530782
10356,996.5143438854369,31.95627541090378
10357,996.8191468699289,20.337884380325832
10358,996.9884952851281,8.716729699613653
10359,997.02236611882,-2.9056094696495225
10360,996.9207547684044,-14.52755380492475
10361,996.6836750415238,-26.147524037325145
10362,996.3111591541845,-37.763941166218586
10363,995.8032577263804,-49.37522667379283
10364,995.1600397752139,-60.97980273955483
10365,994.3815927055175,-72.57609245473745
10366,993.4680222979765,-84.16252003657796
10367,992.4194526947553,-95.73751104244788
10368,991.2360263826268,-107.29949258379845
10369,989.9179041736122,-118.84689353989532
10370,988.4652651831276,-130.37814477131388
10371,986.8783068056442,-141.89167933316324
10372,985.1572446878661,-153.38593268801486
10373,983.3023126994262,-164.85934291850114
10374,981.3137629011067,-176.31035093956075
10375,979.1918655105862,-187.73740071029653
10376,976.9369088657224,-199.13893944542144
10377,974.5491993853702,-210.51341782626181
10378,972.0290615277423,-221.85929021128865
10379,969.3768377463213,-233.1750148461509
10380,966.5928884433233,-244.45905407317892
10381,963.6775919207255,-255.7098745403314
10382,960.6313443288585,-266.9259474095586
10383,957.4545596125757,-278.1057485645504
10384,954.1476694550032,-289.2477588178449
10385,950.7111232188798,-300.35046411726427
10386,947.145387885495,-311.4123557516555
10387,943.4509479912311,-322.4319305559046
10388,939.628305561723,-333.4076911151956
10389,935.6779800436378,-344.33814596849123
10390,931.6005082340902,-355.22180981120124
10391,927.3964442076976,-366.05720369701646
10392,923.0663592412901,-376.842855238878
10393,918.61084173628,-387.5772988090549
10394,914.0304971387069,-398.2590757383045
10395,909.3259478569652,-408.88673451408533
10396,904.4978331772269,-419.45883097779887
10397,899.5468091765714,-429.9739285210318
10398,894.4735486338328,-440.4305982807718
10399,889.2787409381787,-450.8274193335716
10400,883.9630919954308,-461.16297888863306
10401,878.5273241321415,-471.43587247978843
10402,872.9721759974403,-481.64470415634645
10403,867.2984024626596,-491.788086672785
10404,861.5067745187592,-501.8646416772595
10405,855.5980791715576,-511.872999898902
10406,849.5731193347885,-521.8118013338884
10407,843.4327137209962,-531.6796954302434
10408,837.1776967302825,-541.4753412713634
10409,830.8089183369232,-551.1974077582297
10410,824.3272439738677,-560.8445737902863
10411,817.7335544151375,-570.4155284449623
10412,811.0287456561421,-579.9089711558057
10413,804.2137287919234,-589.3236118892157
10414,797.2894298933509,-598.6581713197404
10415,790.2567898812807,-607.9113810039203
10416,783.116764398697,-617.0819835526523
10417,775.870323680851,-626.1687328020554
10418,768.5184524234228,-635.1703939828018
10419,761.0621496487088,-644.0857438879133
10420,753.5024285698735,-652.9135710389721
10421,745.8403164532622,-661.6526758507501
10422,738.0768544788118,-670.3018707942139
10423,730.2130975985687,-678.8599805578934
10424,722.2501143933315,-687.3258422075952
10425,714.1889869274494,-695.6983053444243
10426,706.03081060178,-703.9762322611139
10427,697.7766940048409,-712.1584980966209
10428,689.4277587621674,-720.2439909889808
10429,680.9851393838957,-728.2316122263962
10430,672.4499831106026,-736.1202763965347
10431,663.8234497574056,-743.9089115340249
10432,655.1067115563626,-751.5964592661204
10433,646.3009529971804,-759.1818749565198
10434,637.4073706662575,-766.6641278473179
10435,628.4271730840837,-774.0422011990737
10436,619.3615805410195,-781.3150924289704
10437,610.2118249314733,-788.4818132470535
10438,600.9791495865037,-795.5413897905269
10439,591.6648091048678,-802.4928627560874
10440,582.2700691825358,-809.3352875302826
10441,572.7962064407034,-816.0677343178687
10442,563.2445082523105,-822.689288268161
10443,553.6162725671103,-829.1990495993464
10444,543.9128077352897,-835.5961337207551
10445,534.1354323296839,-841.8796713530635
10446,524.285474966602,-848.0488086464155
10447,514.3642741252808,-854.1027072964547
10448,504.3731779660082,-860.0405446582328
10449,494.3135441469214,-865.8615138580013
10450,484.1867396395225,-871.564823902852
10451,473.994140542924,-877.1496997882033
10452,463.73713189685316,-882.6153826031137
10453,453.41710749344804,-887.9611296334065
10454,443.03546968785406,-893.1862144625962
10455,432.59362920766614,-898.2899270705981
10456,422.0930049612283,-903.271573930211
10457,411.53502384482266,-908.1304781013582
10458,400.9211205487736,-912.8659793230746
10459,390.2527373624905,-917.4774341032281
10460,379.53132397848225,-921.964215805961
10461,368.75833729536157,-926.3257147368417
10462,357.9352412198719,-930.5613382257144
10463,347.06350646796204,-934.6705107072348
10464,336.14461036493555,-938.6526737990821
10465,325.18003664469984,-942.507286377836
10466,314.17127524814947,-946.2338246525072
10467,303.11982212070035,-949.8317822357153
10468,292.02717900901155,-953.3006702124986
10469,280.89485325691777,-956.6400172067521
10470,269.7243576005995,-959.8493694452814
10471,258.51720996302623,-962.9282908194633
10472,247.27493324768483,-965.8763629445092
10473,235.99905513164381,-968.6931852163159
10474,224.69110785795604,-971.378374865904
10475,213.35262802744964,-973.9315670114307
10476,201.9851563899271,-976.3524147077718
10477,190.59023763479146,-978.6405889936683
10478,179.1694201811503,-980.795778936426
10479,167.72425596739956,-982.8176916741693
10480,156.25630024034038,-984.7060524556356
10481,144.76711134383984,-986.460604677511
10482,133.25825050707087,-988.0811099192996
10483,121.73128163236649,-989.567347975721
10484,110.18777108270015,-990.919116886634
10485,98.62928746884239,-992.13623296448
10486,87.05740143620518,-993.218530819243
10487,75.47368545141235,-994.1658633809258
10488,63.879713588622586,-994.9781019195326
10489,52.27706131563175,-995.6551360625635
10490,40.66730527979022,-996.1968738100119
10491,29.052023093755587,-996.6032415468657
10492,17.43279312111633,-996.8741840531114
10493,5.811194261913048,-997.0096645112376
10494,-5.811194261912804,-997.0096645112376
10495,-17.432793121116532,-996.8741840531114
10496,-29.05202309375534,-996.6032415468657
10497,-40.66730527978953,-996.1968738100119
10498,-52.27706131563151,-995.6551360625635
10499,-63.87971358862191,-994.9781019195326
10500,-75.47368545141255,-994.1658633809258
10501,-87.05740143620493,-993.218530819243
10502,-98.62928746884258,-992.1362329644799
10503,-110.1877710826999,-990.919116886634
10504,-121.7312816323658,-989.5673479757211
10505,-133.25825050707107,-988.0811099192996
10506,-144.7671113438392,-986.4606046775111
10507,-156.25630024034058,-984.7060524556355
10508,-167.7242559673993,-982.8176916741694
10509,-179.1694201811501,-980.7957789364261
10510,-190.59023763479166,-978.6405889936682
10511,-201.98515638992646,-976.3524147077721
10512,-213.3526280274498,-973.9315670114307
10513,-224.69110785795533,-971.3783748659041
10514,-235.99905513164356,-968.6931852163159
10515,-247.27493324768503,-965.8763629445092
10516,-258.517209963026,-962.9282908194634
10517,-269.72435760059926,-959.8493694452814
10518,-280.89485325691714,-956.6400172067523
10519,-292.02717900901126,-953.3006702124986
10520,-303.1198221207001,-949.8317822357153
10521,-314.1712752481492,-946.2338246525072
10522,-325.18003664469927,-942.5072863778362
10523,-336.1446103649353,-938.6526737990822
10524,-347.0635064679618,-934.6705107072348
10525,-357.9352412198721,-930.5613382257143
10526,-368.75833729536134,-926.3257147368419
10527,-379.5313239784816,-921.9642158059613
10528,-390.2527373624903,-917.4774341032282
10529,-400.921120548773,-912.8659793230748
10530,-411.5350238448229,-908.130478101358
10531,-422.0930049612281,-903.2715739302112
10532,-432.5936292076659,-898.2899270705982
10533,-443.03546968785383,-893.1862144625964
10534,-453.4171074934475,-887.9611296334067
10535,-463.7371318968533,-882.6153826031136
10536,-473.9941405429234,-877.1496997882036
10537,-484.18673963952233,-871.5648239028521
10538,-494.3135441469212,-865.8615138580014
10539,-504.373177966008,-860.0405446582329
10540,-514.3642741252809,-854.1027072964546
10541,-524.2854749666014,-848.0488086464159
10542,-534.1354323296837,-841.8796713530635
10543,-543.9128077352891,-835.5961337207555
10544,-553.6162725671101,-829.1990495993465
10545,-563.2445082523107,-822.6892882681609
10546,-572.7962064407031,-816.0677343178688
10547,-582.2700691825356,-809.3352875302827
10548,-591.6648091048672,-802.4928627560879
10549,-600.9791495865035,-795.5413897905271
10550,-610.2118249314731,-788.4818132470537
10551,-619.3615805410193,-781.3150924289705
10552,-628.4271730840832,-774.0422011990742
10553,-637.4073706662573,-766.6641278473181
10554,-646.3009529971802,-759.18187495652
10555,-655.1067115563627,-751.5964592661203
10556,-663.8234497574053,-743.908911534025
10557,-672.449983110602,-736.1202763965351
10558,-680.9851393838958,-728.2316122263961
10559,-689.427758762167,-720.2439909889812
10560,-697.776694004841,-712.1584980966207
10561,-706.0308106017798,-703.976232261114
10562,-714.1889869274492,-695.6983053444244
10563,-722.2501143933316,-687.325842207595
10564,-730.2130975985682,-678.859980557894
10565,-738.0768544788119,-670.3018707942138
10566,-745.8403164532618,-661.6526758507506
10567,-753.5024285698734,-652.9135710389723
10568,-761.0621496487089,-644.0857438879132
10569,-768.5184524234228,-635.1703939828016
10570,-775.8703236808511,-626.1687328020552
10571,-783.1167643986967,-617.0819835526529
10572,-790.2567898812808,-607.9113810039202
10573,-797.2894298933508,-598.6581713197406
10574,-804.2137287919235,-589.3236118892155
10575,-811.028745656142,-579.908971155806
10576,-817.7335544151372,-570.4155284449628
10577,-824.3272439738676,-560.8445737902865
10578,-830.808918336923,-551.1974077582298
10579,-837.1776967302826,-541.4753412713632
10580,-843.432713720996,-531.6796954302436
10581,-849.5731193347882,-521.811801333889
10582,-855.5980791715575,-511.8729998989021
10583,-861.5067745187591,-501.8646416772597
10584,-867.2984024626597,-491.78808667278486
10585,-872.9721759974402,-481.6447041563467
10586,-878.5273241321412,-471.43587247978905
10587,-883.9630919954307,-461.1629788886333
10588,-889.2787409381785,-450.8274193335718
10589,-894.4735486338329,-440.43059828077156
10590,-899.5468091765713,-429.973928521032
10591,-904.4978331772265,-419.45883097779955
10592,-909.3259478569651,-408.88673451408556
10593,-914.0304971387067,-398.25907573830506
10594,-918.61084173628,-387.5772988090549
10595,-923.06635924129,-376.8428552388782
10596,-927.3964442076974,-366.0572036970171
10597,-931.6005082340901,-355.22180981120147
10598,-935.6779800436376,-344.3381459684919
10599,-939.6283055617229,-333.4076911151958
10600,-943.4509479912309,-322.43193055590507
10601,-947.1453878854946,-311.4123557516564
10602,-950.7111232188798,-300.3504641172645
10603,-954.1476694550031,-289.2477588178455
10604,-957.4545596125757,-278.10574856455065
10605,-960.6313443288584,-266.92594740955906
10606,-963.6775919207255,-255.7098745403314
10607,-966.5928884433232,-244.45905407317935
10608,-969.376837746321,-233.17501484615178
10609,-972.0290615277421,-221.85929021128976
10610,-974.5491993853703,-210.5134178262614
10611,-976.9369088657224,-199.13893944542147
10612,-979.191865510586,-187.73740071029695
10613,-981.3137629011064,-176.31035093956166
10614,-983.3023126994264,-164.85934291850074
10615,-985.1572446878661,-153.3859326880147
10616,-986.8783068056441,-141.89167933316347
10617,-988.4652651831275,-130.37814477131434
10618,-989.9179041736121,-118.84689353989621
10619,-991.236026382627,-107.29949258379781
10620,-992.4194526947553,-95.73751104244768
10621,-993.4680222979765,-84.1625200365782
10622,-994.3815927055174,-72.57609245473813
10623,-995.1600397752139,-60.97980273955507
10624,-995.8032577263804,-49.37522667379219
10625,-996.3111591541845,-37.76394116621839
10626,-996.6836750415238,-26.14752403732539
10627,-996.9207547684044,-14.527553804925436
10628,-997.02236611882,-2.9056094696497667
10629,-996.9884952851281,8.716729699614072
10630,-996.8191468699289,20.33788438032581
10631,-996.5143438854369,31.956275410903306
10632,-996.0741277503562,43.570324005307135
10633,-995.4985582842507,55.17845196757851
10634,-994.7877136994168,66.77908190629269
10635,-993.941690590254,78.37063744890737
10636,-992.9606039201396,89.95154345597275
10637,-991.8445870058072,101.52022623517036
10638,-990.5937914992296,113.07511375515445
10639,-989.2083873670124,124.61463585917568
10640,-987.688562867297,136.13722447844194
10641,-986.0345245241795,147.64131384519567
10642,-984.2464970996458,159.12534070548708
10643,-982.3247235630305,170.58774453159285
10644,-980.269465058,182.0269677340773
10645,-978.0810008670662,193.44145587344562
10646,-975.759628373637,204.8296578713691
10647,-973.3056630216038,216.19002622146235
10648,-970.7194382724789,227.52101719956187
10649,-968.001305560081,238.82109107350408
10650,-965.1516342427805,250.0887123123519
10651,-962.1708115533089,261.32234979505137
10652,-959.0592425461389,272.52047701849267
10653,-955.8173500424417,283.68157230494336
10654,-952.445574572633,294.80411900882166
10655,-948.9443743165089,305.88660572279053
10656,-945.314225040987,316.9275264831351
10657,-941.5556200354556,327.92538097440536
10658,-937.6690700447407,338.87867473329055
10659,-933.6551031997041,349.78591935169464
10660,-929.5142649454759,360.6456326789939
10661,-925.2471179673392,371.4563390234349
10662,-920.8542421142636,382.2165693526715
10663,-916.3362343201146,392.92486149338043
10664,-911.6937085225377,403.5797603299529
10665,-906.9272955795312,414.1798180022271
10666,-902.0376431837237,424.7235941022272
10667,-897.0254157743576,435.20965586990513
10668,-891.8912944470026,445.63657838782757
10669,-886.635976861004,456.0029447748048
10670,-881.260177144678,466.3073463784279
10671,-875.7646257982756,476.5483829664796
10672,-870.1500695947118,486.72466291721713
10673,-864.4172714780917,496.8348034084683
10674,-858.5670104600364,506.87743060554186
10675,-852.600081513826,516.8511798479109
10676,-846.5172954663726,526.7546958346534
10677,-840.3194788880389,536.586632808622
10678,-834.0074739803194,546.3456547393117
10679,-827.5821384613951,556.0304355044107
10680,-821.044345449583,565.6396590700001
10681,-814.3949833446896,575.1720196693882
10682,-807.6349557072876,584.626221980547
10683,-800.7651811359359,594.0009813021289
10684,-793.7865931423546,603.2950237280382
10685,-786.7001400245705,612.5070863205432
10686,-779.5067847380595,621.6359172818867
10687,-772.2075047648902,630.6802761243944
10688,-764.8032919808982,639.6389338390383
10689,-757.295152520905,648.5106730624404
10690,-749.6841066419946,657.2942882423023
10691,-741.971188584877,665.9885858012169
10692,-734.1574464333461,674.5923842988659
10693,-726.2439419718589,683.1045145925588
10694,-718.2317505412567,691.5238199961027
10695,-710.1219608926348,699.849156436985
10696,-701.9156750394011,708.0793926118329
10697,-693.614008107522,716.2134101401473
10698,-685.2180881839964,724.2501037162708
10699,-676.7290561635596,732.1883812595895
10700,-668.148065593652,740.0271640629292
10701,-659.4762825176689,747.7653869391362
10702,-650.7148853165077,755.4019983658268
10703,-641.8650645484446,762.9359606282702
10704,-632.9280227873505,770.3662499604038
10705,-623.9049744592782,777.6918566839489
10706,-614.7971456774399,784.9117853456102
10707,-605.6057740755903,792.0250548523484
10708,-596.3321086398537,799.0306986046943
10709,-586.9774095389988,805.9277646281005
10710,-577.5429479531996,812.7153157022993
10711,-568.0300059013011,819.3924294886596
10712,-558.4398760666083,825.9581986555199
10713,-548.7738616212257,832.4117310014847
10714,-539.0332760489758,838.7521495766606
10715,-529.2194429669128,844.9785928018241
10716,-519.3336959454622,851.0902145854966
10717,-509.3773783272051,857.0861844389183
10718,-499.3518430443343,862.9656875889023
10719,-489.2584524348102,868.7279250885487
10720,-479.09857805723556,874.3721139258132
10721,-468.8736005044845,879.897487129905
10722,-458.584909216089,885.3032938755123
10723,-448.23390228943856,890.5887995848266
10724,-437.8219862897957,895.7532860273627
10725,-427.35057605916063,900.796051417558
10726,-416.8210945240195,905.7164105101325
10727,-406.23497250197744,910.5136946932089
10728,-395.59364850733624,915.1872520791657
10729,-384.8985685556172,919.7364475932206
10730,-374.1511859670655,924.1606630597295
10731,-363.3529611691692,928.4592972861851
10732,-352.5053614981969,932.6317661449164
10733,-341.6098609998128,936.6775026524598
10734,-330.6679402287705,940.595957046607
10735,-319.6810860477277,944.3865968611084
10736,-308.65079142519994,948.0489069980293
10737,-297.5785552326837,951.5823897977458
10738,-286.46588204098225,954.9865651065686
10739,-275.31428191575276,958.2609703419907
10740,-264.12527021231057,961.4051605555455
10741,-252.90036736971103,964.4187084932693
10742,-241.64109870413986,967.3012046537606
10743,-230.34899420164487,970.0522573438252
10744,-219.02558831023327,972.6714927317015
10745,-207.6724197313546,975.1585548978609
10746,-196.29103121081835,977.5131058833707
10747,-184.88296932914923,979.7348257358198
10748,-173.44978429142967,981.8234125527955
10749,-161.9930297166501,983.7785825229073
10750,-150.51426242658675,985.6000699643547
10751,-139.01504223425664,987.287627361028
10752,-127.49693173195394,988.8410253961441
10753,-115.96149607891651,990.2600529834068
10754,-104.41030278864434,991.5445172956905
10755,-92.84492151588888,992.6942437912435
10756,-81.26692384336465,993.7090762374052
10757,-69.67788306818497,994.5888767318366
10758,-58.07937398807857,995.3335257212595
10759,-46.4729726873893,995.9429220177014
10760,-34.860256322909606,996.4169828122468
10761,-23.242802909568447,996.7556436862884
10762,-11.622191105993673,996.9588586202824
10763,5.810219594540557,1030.1329145497455
10764,17.429919455394288,1030.0018340751965
10765,29.047401425642544,1029.7396898055874
10766,40.66118722512535,1029.3465150977747
10767,52.26979904400633,1028.8223599817363
10768,63.8717597308183,1028.1672911542064
10769,75.46559298042531,1027.3813919701888
10770,87.04982352187662,1026.4647624323497
10771,98.6229773061294,1025.4175191782929
10772,110.18358169361586,1024.2397954657183
10773,121.73016564163096,1022.9317411554649
10774,133.26125989151697,1021.4935226924425
10775,144.77539715562094,1019.9253230844513
10776,156.2711123040017,1018.2273418788951
10777,167.74694255086163,1016.3997951373899
10778,179.201427640681,1014.4429154082707
10779,190.63311003402964,1012.3569516970008
10780,202.0405350930333,1010.1421694344865
10781,213.42225126647074,1007.7988504433023
10782,224.77681027447812,1005.3272929018298
10783,236.10276729283717,1002.7278113063159
10784,247.39868113682337,1000.0007364308541
10785,258.6631144445911,997.1464152852952
10786,269.89463386007293,994.1652110710912
10787,281.091810215368,991.0575031350793
10788,292.253218712599,987.8236869212116
10789,303.37743910521135,984.4641739202366
10790,314.46305587869483,980.9793916173381
10791,325.50865843070204,977.36978343774
10792,336.5128412505424,973.635808690281
10793,347.4742040980279,969.7779425089706
10794,358.39135218164796,965.7966757925294
10795,369.26289633605205,961.6925151419242
10796,380.08745319881496,957.4659827959052
10797,390.8636453864648,953.1176165645529
10798,401.5901016697497,948.6479697608435
10799,412.2654571481214,944.0576111302427
10800,422.8883534234138,939.3471247783345
10801,433.45743877269337,934.5171100964961
10802,443.9713683202619,929.5681816856279
10803,454.4288042087853,924.5009692779471
10804,464.828415769532,919.3161176568575
10805,475.1688796916951,914.0142865749033
10806,485.4488801907783,908.5961506698173
10807,495.66710917602495,903.0623993786768
10808,505.82226641686685,897.4137368501745
10809,515.9130597083748,891.6508818550188
10810,525.9382050356858,885.7745676944733
10811,535.8964267373889,879.7855421070458
10812,545.7864576678492,873.6845671733428
10813,555.6070393584462,867.4724192190967
10814,565.3569221777099,861.1498887163818
10815,575.0348654903313,854.7177801830301
10816,584.6396378150287,848.1769120802581
10817,594.1700169812486,841.5281167085226
10818,603.6247902846826,834.7722401016118
10819,613.0027546415793,827.9101419189923
10820,622.3027167418315,820.9426953364199
10821,631.523493200822,813.8707869348311
10822,640.6639107100027,806.6953165875302
10823,649.7228061861952,799.4171973456827
10824,658.6990269195876,792.037355322133
10825,667.5914307204131,784.5567295735613
10826,676.3988860642894,776.9762719809909
10827,685.1202722362001,769.2969471286658
10828,693.754479473102,761.5197321813108
10829,702.3004091051381,753.6456167597909
10830,710.7569736954393,745.6756028151858
10831,719.1230971784956,737.6107045012959
10832,727.3977149970829,729.4519480455945
10833,735.5797742377226,721.2003716186446
10834,743.6682337646614,712.857025201996
10835,751.6620643523515,704.422970454578
10836,759.5602488164161,695.8992805776093
10837,767.3617821430817,687.287040178035
10838,775.0656716170623,678.5873451305162
10839,782.6709369478792,669.8013024379835
10840,790.1766103945985,660.9300300907752
10841,797.5817368889731,651.974656924377
10842,804.8853741569707,642.9363224757826
10843,812.0865928386753,633.8161768384914
10844,819.1844766065443,624.6153805161639
10845,826.1781222820077,615.3351042749518
10846,833.0666399503946,605.9765289945229
10847,839.8491530741702,596.5408455177977
10848,846.5247986044735,587.0292544994206
10849,853.0927270909359,577.4429662529799
10850,859.5521027897706,567.7832005970006
10851,865.902103770118,558.0511866997275
10852,872.1419220186332,548.2481629227173
10853,878.2707635423031,538.3753766632626
10854,884.2878484694778,528.4340841956657
10855,890.1924111491073,518.4255505113813
10856,895.9837002481676,508.3510491580518
10857,901.6609788472641,498.21186207745353
10858,907.2235245344033,488.00927944237407
10859,912.670629496915,477.74459949244323
10860,918.0016006115205,467.41912836893647
10861,923.2157595325292,457.0341799485737
10862,928.3124427781554,446.591075676333
10863,933.2910018149433,436.0911443973032
10864,938.1508031402919,425.5357221875918
10865,942.8912283630647,414.92615218431473
10866,947.5116742822772,404.26378441468876
10867,952.0115529638533,393.549975624243
10868,956.3902918154365,382.78608910418126
10869,960.6473336592505,371.9734945179058
10870,964.7821368029979,361.11356772673537
10871,968.7941751087887,350.20769061482895
10872,972.6829380600886,339.25725091334994
10873,976.4479308266817,328.26364202388
10874,980.0886743276338,317.2282628411148
10875,983.6047052922555,306.15251757486044
10876,986.9955763190503,295.03781557135306
10877,990.2608559326458,283.8855711339237
10878,993.4001286386956,272.6972033430357
10879,996.412994976752,261.47413587571003
10880,999.2990715710929,250.21779682436997
10881,1002.0579911795074,238.9296185151191
10882,1004.689402740024,227.61103732548625
10883,1007.1929714155833,216.26349350164955
10884,1009.568378636644,204.88843097517264
10885,1011.8153221417197,193.48729717926733
10886,1013.933516015841,182.0615428646163
10887,1015.9226907269364,170.6126219147683
10888,1017.7825931601299,159.14199116113787
10889,1019.5129866499483,147.651110197629
10890,1021.1136510104365,136.14144119490837
10891,1022.5843825631748,124.61444871434708
10892,1023.9249941631967,113.07159952166407
10893,1025.135315222802,101.51436240028394
10894,1026.215191733264,89.94420796443981
10895,1027.1644862844253,78.36260847204385
10896,1027.9830780821842,66.77103763734772
10897,1028.6708629638645,55.17097044341914
10898,1029.2277534114696,43.56388295445351
10899,1029.6536785628196,31.951252127953495
10900,1029.9485842205675,20.33455562678912
10901,1030.1124328590956,8.715271631173122
10902,1030.145203629292,-2.9051213494345918
10903,1030.0468923612004,-14.525144664458416
10904,1029.8175115645547,-26.14331971036242
10905,1029.4570904271839,-37.7581681187947
10906,1028.9656748112993,-49.368211944706864
10907,1028.3433272476593,-60.97197385441367
10908,1027.590126927612,-72.5679773135806
10909,1026.7061696930177,-84.15474677510608
10910,1025.691568024055,-95.73080786687966
10911,1024.5464510249067,-107.29468757938909
10912,1023.2709644073323,-118.84491445315761
10913,1021.865270472127,-130.38001876597846
10914,1020.3295480884692,-141.89853271993405
10915,1018.6639926711606,-153.3989906281653
10916,1016.868816155759,-164.87992910137766
10917,1014.9442469716124,-176.3398872340483
10918,1012.8905300127905,-187.7774067903235
10919,1010.7079266069236,-199.1910323895724
10920,1008.3967144819497,-210.5793116915789
10921,1005.9571877307748,-221.94079558134578
10922,1003.38965677385,-233.27403835349023
10923,1000.6944483196722,-244.57759789620332
10924,997.8719053232119,-255.85003587475387
10925,994.9223869422731,-267.08991791451035
10926,991.8462684917921,-278.29581378345966
10927,988.6439413960794,-289.4662975742004
10928,985.3158131390139,-300.5999478853811
10929,981.8623072121908,-311.69534800257054
10930,978.2838630610343,-322.75108607852843
10931,974.5809360288799,-333.76575531285755
10932,970.7539972990343,-344.7379541310131
10933,966.8035338348178,-355.66628636264966
10934,962.7300483176015,-366.5493614192759
10935,958.5340590828416,-377.3857944712038
10936,954.2161000541248,-388.1742066237612
10937,949.7767206752271,-398.91322509275335
10938,945.2164858402001,-409.6014833791411
10939,940.53597582149,-420.2376214429256
10940,935.7357861961001,-430.8202858762068
10941,930.8165277698064,-441.348130075399
10942,925.778826499434,-451.819814412583
10943,920.6233234132076,-462.23400640596617
10944,915.3506745291824,-472.58938088943665
10945,909.9615507717677,-482.88462018118736
10946,904.4566378863567,-493.11841425138243
10947,898.8366363520645,-503.2894608888574
10948,893.1022612925982,-513.3964658668168
10949,887.2542423852578,-523.4381431075234
10950,881.2933237680888,-533.4132148459433
10951,875.2202639451931,-543.3204117923387
10952,869.0358356902123,-553.1584732937789
10953,862.7408259479945,-562.9261474945557
10954,856.3360357344603,-572.6221914954739
10955,849.8222800346743,-582.2453715120092
10956,843.2003876991438,-591.7944630312992
10957,836.4712013383488,-601.26825096796
10958,829.6355772155237,-610.6655298187011
10959,822.6943851377017,-619.9851038157199
10960,815.648508345034,-629.2257870788601
10961,808.4988433984018,-638.3864037665093
10962,801.2463000653324,-647.46578822522
10963,793.8918012042335,-656.4627851380366
10964,786.4362826469649,-665.3762496715021
10965,778.8806930797556,-674.2050476213373
10966,771.2259939224884,-682.9480555567603
10967,763.4731592063628,-691.6041609634414
10968,755.6231754499528,-700.1722623850648
10969,747.6770415336757,-708.6512695634858
10970,739.6357685726892,-717.040103577462
10971,731.5003797882312,-725.3376969799402
10972,723.2719103774182,-733.5429939338867
10973,714.9514073815197,-741.6549503466382
10974,706.5399295527278,-749.672534002758
10975,698.0385472194343,-757.5947246953822
10976,689.4483421500354,-765.4205143560354
10977,680.7704074152795,-773.1489071829078
10978,672.005847249181,-780.7789197675618
10979,663.155776908509,-788.3095812200698
10980,654.2213225308753,-795.7399332925567
10981,645.203620991437,-803.0690305011321
10982,636.1038197582351,-810.2959402461997
10983,626.9230767461827,-817.4197429311271
10984,617.6625601697244,-824.4395320792614
10985,608.3234483941853,-831.354414449275
10986,598.9069297858302,-838.1635101488256
10987,589.414202560647,-844.865952746521
10988,579.8464746318784,-851.4608893821679
10989,570.2049634563207,-857.9474808752959
10990,560.490895879405,-864.3249018319397
10991,550.7055079790872,-870.5923407496678
10992,540.8500449085627,-876.7490001208417
10993,530.9257607378241,-882.7940965340971
10994,520.9339182940848,-888.7268607740299
10995,510.87578900109105,-894.5465379190748
10996,500.75265271733724,-900.2523874375673
10997,490.5657975732091,-905.8436832819729
10998,480.31651980707176,-911.3197139812751
10999,470.00612360033244,-916.6797827315049
11000,459.63592091148547,-921.9232074844091
11001,449.20723130917185,-927.0493210342361
11002,438.72138180426737,-932.0574711026377
11003,428.1797066810281,-936.9470204216666
11004,417.5835473273067,-941.7173468148673
11005,406.9342520638649,-946.3678432764466
11006,396.2331759728057,-950.8979180485114
11007,385.48168072514557,-955.3069946963683
11008,374.681134407545,-959.5945121818722
11009,363.8329113482264,-963.7599249348168
11010,352.9383919420938,-967.8027029223565
11011,341.998962475086,-971.7223317164502
11012,331.0160149477738,-975.5183125593211
11013,319.9909468982363,-979.1901624269211
11014,308.92516122422654,-982.7374140903946
11015,297.82006600466053,-986.1596161755305
11016,286.6770743204435,-989.4563332201988
11017,275.49760407466164,-992.6271457297604
11018,264.28307781215597,-995.6716502304481
11019,253.03492253851442,-998.589459320705
11020,241.7545695384869,-1001.380201720481
11021,230.443454193861,-1004.043522318476
11022,219.10301580081548,-1006.5790822173276
11023,207.73469738677352,-1008.986558776734
11024,196.33994552678578,-1011.265645654508
11025,184.9202101594577,-1013.4160528455586
11026,173.4769444024498,-1015.4375067187933
11027,162.01160436757453,-1017.329750051936
11028,150.52564897551284,-1019.0925420642576
11029,139.0205397701705,-1020.7256584472149
11030,127.49774073270332,-1022.2288913929924
11031,115.9587180952292,-1023.6020496209456
11032,104.40494015425891,-1024.8449584019406
11033,92.83787708385742,-1025.9574595805875
11034,81.25900074857337,-1026.9394115953644
11035,69.66978451614642,-1027.790689496633
11036,58.07170307002992,-1028.5111849625343
11037,46.46623222174136,-1029.1008063127758
11038,34.854848723071825,-1029.559478520295
11039,23.239030078173663,-1029.8871432208073
11040,11.6202543555546,-1030.0837587202327
11041,1.2615690428888866e-13,-1030.1493
11042,-11.620254355553891,-1030.0837587202327
11043,-23.23903007817295,-1029.8871432208073
11044,-34.85484872307157,-1029.559478520295
11045,-46.46623222174156,-1029.1008063127758
11046,-58.07170307002921,-1028.5111849625343
11047,-69.6697845161457,-1027.790689496633
11048,-81.25900074857267,-1026.9394115953646
11049,-92.83787708385717,-1025.9574595805875
11050,-104.40494015425821,-1024.8449584019409
11051,-115.95871809522895,-1023.6020496209459
11052,-127.49774073270308,-1022.2288913929925
11053,-139.02053977017025,-1020.725658447215
11054,-150.52564897551258,-1019.0925420642577
11055,-162.01160436757382,-1017.3297500519361
11056,-173.47694440244908,-1015.4375067187934
11057,-184.92021015945744,-1013.4160528455586
11058,-196.33994552678598,-1011.2656456545079
11059,-207.7346973867733,-1008.986558776734
11060,-219.1030158008148,-1006.5790822173277
11061,-230.44345419386076,-1004.0435223184761
11062,-241.75456953848666,-1001.380201720481
11063,-253.03492253851374,-998.5894593207053
11064,-264.2830778121553,-995.6716502304483
11065,-275.49760407466096,-992.6271457297606
11066,-286.6770743204437,-989.4563332201988
11067,-297.82006600465985,-986.1596161755307
11068,-308.92516122422586,-982.7374140903949
11069,-319.9909468982356,-979.1901624269213
11070,-331.01601494777356,-975.5183125593212
11071,-341.9989624750853,-971.7223317164504
11072,-352.9383919420935,-967.8027029223566
11073,-363.8329113482261,-963.7599249348168
11074,-374.6811344075448,-959.5945121818723
11075,-385.4816807251449,-955.3069946963686
11076,-396.23317597280504,-950.8979180485117
11077,-406.9342520638642,-946.3678432764469
11078,-417.58354732730646,-941.7173468148674
11079,-428.1797066810279,-936.9470204216667
11080,-438.72138180426714,-932.0574711026378
11081,-449.2072313091712,-927.0493210342364
11082,-459.63592091148536,-921.9232074844092
11083,-470.0061236003318,-916.6797827315053
11084,-480.31651980707113,-911.3197139812753
11085,-490.5657975732085,-905.8436832819732
11086,-500.7526527173374,-900.2523874375672
11087,-510.8757890010912,-894.5465379190748
11088,-520.9339182940842,-888.7268607740302
11089,-530.9257607378236,-882.7940965340974
11090,-540.8500449085625,-876.7490001208419
11091,-550.7055079790871,-870.5923407496679
11092,-560.4908958794042,-864.3249018319401
11093,-570.2049634563205,-857.947480875296
11094,-579.8464746318787,-851.4608893821678
11095,-589.4142025606468,-844.8659527465212
11096,-598.9069297858297,-838.163510148826
11097,-608.3234483941848,-831.3544144492754
11098,-617.6625601697239,-824.4395320792619
11099,-626.9230767461825,-817.4197429311273
11100,-636.1038197582349,-810.2959402461998
11101,-645.2036209914368,-803.0690305011323
11102,-654.2213225308748,-795.7399332925571
11103,-663.1557769085088,-788.3095812200698
11104,-672.0058472491805,-780.7789197675621
11105,-680.770407415279,-773.1489071829083
11106,-689.4483421500349,-765.4205143560358
11107,-698.0385472194346,-757.5947246953818
11108,-706.5399295527274,-749.6725340027585
11109,-714.9514073815192,-741.6549503466387
11110,-723.2719103774177,-733.5429939338871
11111,-731.5003797882308,-725.3376969799403
11112,-739.6357685726887,-717.0401035774626
11113,-747.6770415336753,-708.6512695634864
11114,-755.6231754499527,-700.172262385065
11115,-763.473159206363,-691.6041609634412
11116,-771.2259939224883,-682.9480555567604
11117,-778.8806930797551,-674.2050476213378
11118,-786.4362826469645,-665.3762496715027
11119,-793.8918012042333,-656.4627851380367
11120,-801.2463000653323,-647.4657882252202
11121,-808.4988433984014,-638.3864037665098
11122,-815.6485083450336,-629.2257870788607
11123,-822.6943851377014,-619.9851038157204
11124,-829.6355772155235,-610.6655298187013
11125,-836.4712013383486,-601.2682509679601
11126,-843.2003876991434,-591.7944630312998
11127,-849.822280034674,-582.2453715120098
11128,-856.3360357344599,-572.6221914954745
11129,-862.7408259479944,-562.926147494556
11130,-869.0358356902121,-553.1584732937791
11131,-875.2202639451932,-543.3204117923385
11132,-881.293323768089,-533.4132148459432
11133,-887.2542423852575,-523.4381431075241
11134,-893.1022612925979,-513.3964658668175
11135,-898.8366363520644,-503.28946088885755
11136,-904.4566378863565,-493.11841425138266
11137,-909.9615507717675,-482.884620181188
11138,-915.350674529182,-472.58938088943734
11139,-920.6233234132075,-462.2340064059664
11140,-925.7788264994339,-451.81981441258324
11141,-930.8165277698059,-441.34813007540004
11142,-935.7357861960999,-430.82028587620744
11143,-940.5359758214896,-420.23762144292624
11144,-945.2164858402,-409.60148337914154
11145,-949.776720675227,-398.9132250927536
11146,-954.2161000541247,-388.17420662376145
11147,-958.5340590828413,-377.3857944712044
11148,-962.7300483176012,-366.5493614192765
11149,-966.8035338348177,-355.6662863626501
11150,-970.7539972990342,-344.73795413101357
11151,-974.5809360288799,-333.7657553128576
11152,-978.2838630610343,-322.75108607852843
11153,-981.8623072121908,-311.6953480025703
11154,-985.3158131390138,-300.59994788538154
11155,-988.6439413960793,-289.4662975742006
11156,-991.846268491792,-278.2958137834599
11157,-994.9223869422732,-267.0899179145102
11158,-997.8719053232118,-255.85003587475455
11159,-1000.6944483196721,-244.577597896204
11160,-1003.3896567738497,-233.2740383534916
11161,-1005.9571877307745,-221.94079558134698
11162,-1008.3967144819496,-210.57931169157985
11163,-1010.7079266069234,-199.1910323895733
11164,-1012.8905300127901,-187.7774067903251
11165,-1014.9442469716122,-176.33988723404966
11166,-1016.8688161557589,-164.8799291013788
11167,-1018.6639926711604,-153.39899062816644
11168,-1020.3295480884692,-141.89853271993474
11169,-1021.8652704721269,-130.38001876597917
11170,-1023.2709644073321,-118.8449144531581
11171,-1024.5464510249064,-107.29468757938956
11172,-1025.691568024055,-95.7308078668806
11173,-1026.7061696930177,-84.15474677510703
11174,-1027.590126927612,-72.56797731358222
11175,-1028.3433272476593,-60.97197385441506
11176,-1028.9656748112993,-49.36821194470803
11177,-1029.4570904271836,-37.758168118795865
11178,-1029.8175115645547,-26.143319710363127
11179,-1030.0468923612004,-14.525144664459125
11180,-1030.145203629292,-2.9051213494350727
11181,-1030.1124328590956,8.715271631171726
11182,-1029.9485842205675,20.334555626788184
11183,-1029.6536785628196,31.951252127952554
11184,-1029.2277534114696,43.5638829544528
11185,-1028.6708629638645,55.17097044341843
11186,-1027.9830780821842,66.77103763734746
11187,-1027.1644862844253,78.36260847204359
11188,-1026.215191733264,89.94420796443978
11189,-1025.1353152228023,101.51436240028234
11190,-1023.9249941631969,113.07159952166269
11191,-1022.5843825631749,124.6144487143457
11192,-1021.1136510104367,136.14144119490697
11193,-1019.5129866499484,147.65111019762807
11194,-1017.78259316013,159.14199116113693
11195,-1015.9226907269365,170.61262191476757
11196,-1013.9335160158411,182.06154286461583
11197,-1011.8153221417199,193.4872971792662
11198,-1009.5683786366442,204.8884309751715
11199,-1007.1929714155834,216.26349350164884
11200,-1004.6894027400242,227.61103732548554
11201,-1002.0579911795076,238.9296185151186
11202,-999.2990715710932,250.21779682436866
11203,-996.4129949767522,261.4741358757091
11204,-993.400128638696,272.6972033430348
11205,-990.2608559326461,283.88557113392216
11206,-986.9955763190508,295.0378155713516
11207,-983.6047052922559,306.1525175748593
11208,-980.0886743276342,317.22826284111375
11209,-976.447930826682,328.2636420238791
11210,-972.6829380600889,339.2572509133493
11211,-968.7941751087889,350.2076906148285
11212,-964.7821368029981,361.1135677267349
11213,-960.6473336592505,371.9734945179058
11214,-956.390291815437,382.7860891041804
11215,-952.0115529638537,393.5499756242424
11216,-947.5116742822778,404.26378441468717
11217,-942.8912283630651,414.92615218431365
11218,-938.1508031402924,425.5357221875907
11219,-933.2910018149437,436.0911443973024
11220,-928.3124427781556,446.59107567633237
11221,-923.2157595325295,457.034179948573
11222,-918.0016006115212,467.4191283689352
11223,-912.6706294969155,477.7445994924422
11224,-907.2235245344036,488.00927944237316
11225,-901.6609788472646,498.21186207745274
11226,-895.9837002481679,508.3510491580512
11227,-890.1924111491076,518.4255505113808
11228,-884.2878484694779,528.4340841956656
11229,-878.2707635423031,538.3753766632626
11230,-872.1419220186342,548.2481629227157
11231,-865.9021037701189,558.0511866997261
11232,-859.5521027897713,567.7832005969994
11233,-853.0927270909366,577.4429662529789
11234,-846.5247986044741,587.0292544994198
11235,-839.8491530741707,596.540845517797
11236,-833.0666399503949,605.9765289945223
11237,-826.1781222820081,615.3351042749514
11238,-819.1844766065451,624.6153805161629
11239,-812.086592838676,633.8161768384905
11240,-804.8853741569712,642.9363224757818
11241,-797.5817368889736,651.9746569243763
11242,-790.1766103945989,660.9300300907747
11243,-782.6709369478795,669.801302437983
11244,-775.0656716170631,678.5873451305154
11245,-767.3617821430823,687.2870401780342
11246,-759.5602488164167,695.8992805776086
11247,-751.6620643523527,704.4229704545769
11248,-743.6682337646623,712.8570252019948
11249,-735.5797742377234,721.2003716186438
11250,-727.3977149970837,729.4519480455937
11251,-719.1230971784962,737.6107045012953
11252,-710.7569736954398,745.6756028151854
11253,-702.3004091051386,753.6456167597905
11254,-693.7544794731022,761.5197321813106
11255,-685.1202722362009,769.2969471286651
11256,-676.39888606429,776.9762719809902
11257,-667.5914307204137,784.5567295735608
11258,-658.6990269195886,792.037355322132
11259,-649.7228061861962,799.4171973456819
11260,-640.6639107100035,806.6953165875295
11261,-631.5234932008227,813.8707869348307
11262,-622.3027167418321,820.9426953364194
11263,-613.0027546415804,827.9101419189914
11264,-603.6247902846836,834.772240101611
11265,-594.1700169812495,841.528116708522
11266,-584.6396378150295,848.1769120802577
11267,-575.0348654903319,854.7177801830297
11268,-565.3569221777103,861.1498887163816
11269,-555.6070393584465,867.4724192190965
11270,-545.7864576678493,873.6845671733425
11271,-535.8964267373905,879.7855421070448
11272,-525.9382050356872,885.7745676944724
11273,-515.9130597083762,891.650881855018
11274,-505.8222664168681,897.4137368501738
11275,-495.6671091760259,903.0623993786762
11276,-485.4488801907792,908.5961506698168
11277,-475.1688796916959,914.0142865749028
11278,-464.8284157695327,919.3161176568573
11279,-454.4288042087858,924.5009692779469
11280,-443.971368320263,929.5681816856273
11281,-433.45743877269445,934.5171100964957
11282,-422.8883534234146,939.3471247783341
11283,-412.26545714812215,944.0576111302424
11284,-401.59010166975025,948.6479697608431
11285,-390.8636453864651,953.1176165645527
11286,-380.087453198816,957.4659827959049
11287,-369.2628963360529,961.6925151419239
11288,-358.39135218164955,965.7966757925288
11289,-347.4742040980293,969.7779425089701
11290,-336.5128412505438,973.6358086902806
11291,-325.5086584307032,977.3697834377396
11292,-314.46305587869574,980.9793916173379
11293,-303.3774391052121,984.4641739202364
11294,-292.2532187125996,987.8236869212113
11295,-281.09181021536847,991.0575031350792
11296,-269.894633860074,994.1652110710909
11297,-258.6631144445921,997.146415285295
11298,-247.39868113682417,1000.0007364308539
11299,-236.10276729283788,1002.7278113063156
11300,-224.77681027447954,1005.3272929018294
11301,-213.42225126647193,1007.7988504433021
11302,-202.04053509303435,1010.1421694344863
11303,-190.63311003403052,1012.3569516970006
11304,-179.20142764068262,1014.4429154082704
11305,-167.74694255086303,1016.3997951373897
11306,-156.2711123040029,1018.2273418788948
11307,-144.77539715562202,1019.9253230844511
11308,-133.26125989151785,1021.4935226924424
11309,-121.73016564163169,1022.9317411554649
11310,-110.18358169361642,1024.239795465718
11311,-98.62297730612977,1025.4175191782929
11312,-87.04982352187682,1026.4647624323497
11313,-75.46559298042716,1027.3813919701886
11314,-63.87175973081999,1028.1672911542064
11315,-52.269799044007826,1028.822359981736
11316,-40.661187225126675,1029.3465150977747
11317,-29.0474014256437,1029.7396898055874
11318,-17.42991945539526,1030.0018340751965
11319,-5.810219594541357,1030.1329145497455
11320,0.0,1063.8531
11321,11.624788073715862,1063.7895857178953
11322,23.24818809851948,1063.5990504554552
11323,34.86881219123753,1063.2815169633968
11324,46.48527280015471,1062.8370231565634
11325,58.09618287069334,1062.2656221093973
11326,69.70015601103353,1061.5673820496029
11327,81.29580665765415,1060.7423863499994
11328,92.88175024077515,1059.790733518566
11329,104.45660334968092,1058.71253718668
11330,116.01898389790541,1057.5079260955483
11331,127.56751128825914,1056.177044080835
11332,139.10080657767836,1054.7200500554873
11333,150.61749264187654,1053.1371179907603
11334,162.11619433977913,1051.4284368954443
11335,173.5955386777209,1049.594210793296
11336,185.05415497338748,1047.634658698678
11337,196.49067501948045,1045.5500145904064
11338,207.90373324708713,1043.3405273838134
11339,219.2919668887353,1041.0064609010262
11340,230.65401614111335,1038.5480938394644
11341,241.98852432743683,1035.9657197385634
11342,253.29413805944088,1033.2596469447237
11343,264.569507398981,1030.4301985744937
11344,275.8132860192212,1027.477712475988
11345,287.02413136539093,1024.402541188547
11346,298.2007048150922,1021.2050519006417
11347,309.34167183813656,1017.8856264060304
11348,320.4457021558935,1014.4446610581705
11349,331.5114699001317,1010.882566722893
11350,342.5376537713329,1007.1997687293423
11351,353.52293719646093,1003.3967068191909
11352,364.4660084861661,999.4738350941319
11353,375.36556099140654,995.4316219616577
11354,386.2202932594671,991.2705500791302
11355,397.02890918935907,986.9911162961487
11356,407.79011818657966,982.5938315952251
11357,418.50263531721447,978.0792210307694
11358,429.1651814613641,973.4478236663969
11359,439.77648346587665,968.7001925105609
11360,450.33527429636734,963.8368944505215
11361,460.840293188508,958.858510184657
11362,471.2902857985674,953.765634153126
11363,481.6840043531854,948.5588744668887
11364,492.0202077983623,943.2388528350951
11365,502.29766194764613,937.8062044908523
11366,512.5151396294996,932.2615781153725
11367,522.6714208338291,926.6056357605195
11368,532.7652928576601,920.8390527697561
11369,542.7955504499382,914.9625176975059
11370,552.7609959554412,908.976732226936
11371,562.660439457785,902.8824110861736
11372,572.4926989215037,896.6802819629651
11373,582.2566003331901,890.3710854177857
11374,591.9509778416781,883.9555747954142
11375,601.5746738972496,877.4345161349808
11376,611.1265393898517,870.8086880784977
11377,620.605433786304,864.0788817778869
11378,630.0102252664849,857.245900800513
11379,639.3397908584743,850.3105610332336
11380,648.5930165726413,843.2736905849792
11381,657.7687975346603,836.1361296878739
11382,666.8660381174365,828.8987305969071
11383,675.883652071929,821.5623574881714
11384,684.8205626568533,814.1278863556762
11385,693.6757027672496,806.5962049067505
11386,702.4480150618979,798.9682124560463
11387,711.1364520895706,791.2448198181571
11388,719.7399764141026,783.4269491988626
11389,728.2575607382639,775.5155340850138
11390,736.6881880264253,767.5115191330696
11391,745.0308516259958,759.4158600563026
11392,753.2845553876207,751.229523510681
11393,761.4483137841268,742.9534869794476
11394,769.5211520281987,734.5887386564021
11395,777.5021061887717,726.136277327909
11396,785.3902233061297,717.5971122536363
11397,793.1845615056928,708.972263046046
11398,800.8841901104809,700.2627595486492
11399,808.48818975224,691.469641713037
11400,815.9956524812203,682.5939594747068
11401,823.4056818745869,673.636772627695
11402,830.7173931434581,664.5991506980334
11403,837.9299132385528,655.4821728160434
11404,845.0423809544355,646.2869275874831
11405,852.053947032349,637.0145129635628
11406,858.9637742616183,627.6660361098455
11407,865.7710375796177,618.2426132740467
11408,872.4749241702871,608.7453696527489
11409,879.0746335611851,599.1754392570494
11410,885.5693777190689,589.5339647771542
11411,891.9583811439894,579.8220974459355
11412,898.2408809618878,570.04099690147
11413,904.4161270156878,560.1918310485734
11414,910.4833819548661,550.2757759193471
11415,916.4419213234959,540.2940155327556
11416,922.2910336467497,530.2477417532489
11417,928.0300205158524,520.13815414845
11418,933.6581966714746,509.9664598459198
11419,939.174890085555,499.73387338902256
11420,944.5794420415441,489.441616591903
11421,949.8712072130566,479.0909183935975
11422,955.0495537409271,468.68301471129297
11423,960.1138633086565,458.2191482927536
11424,965.0635312162417,447.7005685679303
11425,969.8979664523788,437.12853149977576
11426,974.6165917650327,426.5042994342748
11427,979.218843730364,415.82914094971625
11428,983.7041728200031,405.10433070521896
11429,988.0720434666673,394.33114928853206
11430,992.3219341281085,383.51088306312744
11431,996.4533373493894,372.6448240146026
11432,1000.4657598234738,361.73426959641165
11433,1004.3587224501306,350.7805225749452
11434,1008.1317603931409,339.784890873972
11435,1011.7844231357997,328.7486874184704
11436,1015.3162745347115,317.67322997785664
11437,1018.7268928718664,306.5598410086405
11438,1022.0158709049952,295.40984749651506
11439,1025.182815916196,284.2245807979127
11440,1028.2273497588264,273.0053764810318
11441,1031.149108902656,261.7535741663677
11442,1033.9477444772735,250.4705173667531
11443,1036.6229223137418,239.15755332693993
11444,1039.1743229845017,227.8160328627304
11445,1041.601641841511,216.4473101996849
11446,1043.9045890526218,205.05274281142155
11447,1046.0828896361868,193.63369125752803
11448,1048.1362834938939,182.19151902110505
11449,1050.0645254418232,170.72759234596063
11450,1051.8673852397226,159.24328007347532
11451,1053.5446476184989,147.73995347915582
11452,1055.0961123059233,136.2189861088994
11453,1056.5215940505436,124.68175361498685
11454,1057.8209226438046,113.12963359182348
11455,1058.9939429403707,101.56400541144862
11456,1060.0405148766529,89.98625005883278
11457,1060.9605134875305,78.39774996698223
11458,1061.7538289212748,66.7998888518705
11459,1062.4203664526642,55.19405154721676
11460,1062.9600464942953,43.5816238391319
11461,1063.3728046060864,31.963992300647227
11462,1063.6585915029716,20.342544126155342
11463,1063.8173730607855,8.71866696576943
11464,1063.8491303203373,-2.9062512403642264
11465,1063.7538594896764,-14.530822427795966
11466,1063.531571944543,-26.15365857350974
11467,1063.182294227011,-37.77337186166271
11468,1062.706068042319,-49.38857484929281
11469,1062.1029502538895,-60.99788063198789
11470,1061.3730128765396,-72.59990300948678
11471,1060.5163430678829,-84.19325665119776
11472,1059.5330431179214,-95.7765572616129
11473,1058.423230436832,-107.34842174559864
11474,1057.1870375409476,-118.90746837354345
11475,1055.8246120369336,-130.45231694634228
11476,1054.3361166041632,-141.981588960197
11477,1052.7217289752932,-153.4939077712183
11478,1050.9816419150416,-164.9878987597991
11479,1049.1160631971698,-176.46218949475377
11480,1047.1252155796753,-187.9154098971886
11481,1045.0093367781926,-199.3461924040986
11482,1042.7686794376086,-210.75317213165658
11483,1040.4035111018961,-222.13498703818996
11484,1037.9141141821679,-233.49027808681038
11485,1035.3007859229554,-244.81768940769228
11486,1032.563838366717,-256.1158684599661
11487,1029.7035983165783,-267.3834661932197
11488,1026.7204072973113,-278.61913720857973
11489,1023.6146215145532,-289.82153991935814
11490,1020.3866118122758,-300.98933671124325
11491,1017.036763628504,-312.1211941020167
11492,1013.565476949293,-323.2157829007768
11493,1009.9731662609694,-334.27177836664947
11494,1006.2602605006379,-345.2878603669675
11495,1002.4272030049657,-356.2627135349016
11496,998.4744514572462,-367.19502742651815
11497,994.4024778327488,-378.0834966772549
11498,990.211768342364,-388.92682115778354
11499,985.9028233745472,-399.72370612925425
11500,981.4761574355709,-410.4728623978894
11501,976.9322990880888,-421.1730064689223
11502,972.2717908880259,-431.82286069984883
11503,967.495189319792,-442.4211534529852
11504,962.6030647298375,-452.9666192473065
11505,957.5960012585501,-463.4579989095503
11506,952.4745967705076,-473.8940397245667
11507,947.2394627830874,-484.2734955848997
11508,941.8912243934528,-494.59512713957514
11509,936.4305202039096,-504.857701942087
11510,930.8580022456582,-515.059994597554
11511,925.1743359009345,-525.2007869090402
11512,919.3801998235634,-535.2788680230096
11513,913.4762858579238,-545.2930345739094
11514,907.4632989563382,-555.2420908278565
11515,901.3419570949006,-565.1248488254117
11516,895.1129911877447,-574.9401285234302
11517,888.7771449997723,-584.6867579359599
11518,882.335175057842,-594.363573274185
11519,875.7878505604389,-603.9694190853844
11520,869.135953285827,-613.5031483909003
11521,862.3802774987038,-622.9636228230896
11522,855.5216298553596,-632.3497127612532
11523,848.560829307361,-641.6602974665128
11524,841.4987070037635,-650.8942652156372
11525,834.3361061918694,-660.0505134337825
11526,827.0738821165401,-669.1279488261463
11527,819.7129019180757,-678.1254875085122
11528,812.2540445286778,-687.0420551366669
11529,804.6982005674968,-695.8765870346858
11530,797.0462722342908,-704.6280283220581
11531,789.2991732016991,-713.2953340396418
11532,781.4578285061459,-721.8774692744392
11533,773.5231744373857,-730.3734092831693
11534,765.4961584267071,-738.7821396146254
11535,757.3777389338062,-747.1026562308057
11536,749.1688853323421,-755.3339656267988
11537,740.8705777941885,-763.4750849494143
11538,732.4838071723987,-771.5250421145372
11539,724.0095748828915,-779.4828759232013
11540,715.4488927848807,-787.3476361763578
11541,706.8027830600519,-795.1183837883359
11542,698.072278090512,-802.7941908989708
11543,689.2584203355165,-810.3741409843966
11544,680.362262206997,-817.8573289664815
11545,671.3848659438985,-825.2428613208983
11546,662.3273034853424,-832.529856183816
11547,653.190656342633,-839.7174434571966
11548,643.9760154701219,-846.8047649126895
11549,634.6844811349418,-853.7909742941066
11550,625.3171627856298,-860.6752374184704
11551,615.8751789196551,-867.4567322756178
11552,606.3596569498667,-874.1346491263519
11553,596.7717330698741,-880.7081905991274
11554,587.1125521183811,-887.1765717852627
11555,577.3832674424871,-893.5390203326588
11556,567.5850407599746,-899.7947765380216
11557,557.7190420205922,-905.9430934375752
11558,547.7864492663592,-911.9832368962516
11559,537.7884484909018,-917.91448569535
11560,527.7262334978428,-923.7361316186514
11561,517.6010057582525,-929.4474795369857
11562,507.41397426719044,-935.0478474912313
11563,497.166355399345,-940.5365667737444
11564,486.8593727637962,-945.9129820082042
11565,476.49425705790713,-951.1764512278693
11566,466.0722459203756,-956.3263459522315
11567,455.5945837834561,-961.3620512620568
11568,445.06252172436746,-966.2829658728115
11569,434.4773173159093,-971.0885022064574
11570,423.84023447630244,-975.7780864616109
11571,413.1525433182729,-980.3511586820575
11572,402.4155199973942,-984.8071728236127
11573,391.63044655970776,-989.1455968193226
11574,380.7986107886439,-993.3659126429943
11575,369.9213060512519,-997.4676163710509
11576,358.99983114377005,-1001.4502182427016
11577,348.03549013653986,-1005.3132427184219
11578,337.0295922182982,-1009.056228536734
11579,325.9834515398529,-1012.6787287692847
11580,314.8983870571666,-1016.1803108742095
11581,303.77572237387056,-1019.56055674778
11582,292.61678558321745,-1022.8190627743284
11583,281.422909109505,-1025.955439874439
11584,270.19542954897497,-1028.9693135514076
11585,258.9356875102222,-1031.8603239359572
11586,247.64502745411568,-1034.6281258292086
11587,236.32479753326837,-1037.2723887438967
11588,224.97634943106007,-1039.7927969438351
11589,213.60103820024,-1042.189049481614
11590,202.20022210112867,-1044.4608602345347
11591,190.7752624394368,-1046.6079579387758
11592,179.32752340371871,-1048.6300862217804
11593,167.8583719024814,-1050.5270036328711
11594,156.36917740097104,-1052.2984836720775
11595,144.86131175765374,-1053.9443148171833
11596,133.33614906040896,-1055.4643005489813
11597,121.79506546245679,-1056.8582593747403
11598,110.23943901803973,-1058.126024849875
11599,98.67064951788055,-1059.2674455978197
11600,87.09007832442379,-1060.282385328105
11601,75.49910820689901,-1061.17072285263
11602,63.899123176210324,-1061.9323521001334
11603,52.29150831968355,-1062.5671821288583
11604,40.67764963567515,-1063.075137137412
11605,29.058933868081965,-1063.4561564738156
11606,17.436748340756225,-1063.7101946427472
11607,5.812480791857016,-1063.8372213109742
11608,-5.8124807918572285,-1063.8372213109742
11609,-17.43674834075691,-1063.7101946427472
11610,-29.058933868082175,-1063.4561564738156
11611,-40.677649635675365,-1063.075137137412
11612,-52.291508319683764,-1062.5671821288583
11613,-63.899123176211006,-1061.9323521001334
11614,-75.49910820689921,-1061.17072285263
11615,-87.09007832442401,-1060.282385328105
11616,-98.67064951788123,-1059.2674455978195
11617,-110.23943901804041,-1058.1260248498747
11618,-121.795065462457,-1056.8582593747403
11619,-133.33614906040916,-1055.4643005489813
11620,-144.86131175765442,-1053.9443148171833
11621,-156.36917740097127,-1052.2984836720775
11622,-167.85837190248162,-1050.527003632871
11623,-179.32752340371937,-1048.6300862217804
11624,-190.77526243943748,-1046.6079579387756
11625,-202.20022210112887,-1044.4608602345347
11626,-213.6010382002402,-1042.1890494816137
11627,-224.97634943106075,-1039.792796943835
11628,-236.32479753326905,-1037.2723887438967
11629,-247.6450274541159,-1034.6281258292083
11630,-258.9356875102228,-1031.8603239359572
11631,-270.19542954897565,-1028.9693135514074
11632,-281.4229091095052,-1025.9554398744388
11633,-292.6167855832177,-1022.8190627743284
11634,-303.7757223738712,-1019.5605567477799
11635,-314.89838705716727,-1016.1803108742093
11636,-325.98345153985315,-1012.6787287692847
11637,-337.0295922182984,-1009.056228536734
11638,-348.03549013654055,-1005.3132427184216
11639,-358.9998311437702,-1001.4502182427016
11640,-369.92130605125215,-997.4676163710509
11641,-380.7986107886445,-993.3659126429941
11642,-391.63044655970833,-989.1455968193223
11643,-402.4155199973944,-984.8071728236126
11644,-413.15254331827316,-980.3511586820575
11645,-423.8402344763031,-975.7780864616107
11646,-434.4773173159095,-971.0885022064573
11647,-445.0625217243676,-966.2829658728114
11648,-455.59458378345624,-961.3620512620566
11649,-466.0722459203763,-956.3263459522311
11650,-476.49425705790736,-951.1764512278692
11651,-486.8593727637964,-945.9129820082039
11652,-497.16635539934555,-940.5365667737442
11653,-507.4139742671906,-935.0478474912312
11654,-517.6010057582527,-929.4474795369857
11655,-527.726233497843,-923.7361316186511
11656,-537.7884484909024,-917.9144856953496
11657,-547.7864492663593,-911.9832368962514
11658,-557.7190420205923,-905.943093437575
11659,-567.5850407599752,-899.7947765380212
11660,-577.3832674424875,-893.5390203326584
11661,-587.1125521183814,-887.1765717852626
11662,-596.7717330698744,-880.7081905991273
11663,-606.3596569498671,-874.1346491263513
11664,-615.8751789196552,-867.4567322756177
11665,-625.3171627856299,-860.6752374184703
11666,-634.6844811349423,-853.7909742941063
11667,-643.9760154701224,-846.8047649126892
11668,-653.1906563426332,-839.7174434571965
11669,-662.3273034853426,-832.5298561838158
11670,-671.3848659438991,-825.242861320898
11671,-680.3622622069975,-817.8573289664811
11672,-689.2584203355166,-810.3741409843965
11673,-698.0722780905124,-802.7941908989702
11674,-706.8027830600523,-795.1183837883354
11675,-715.4488927848809,-787.3476361763577
11676,-724.0095748828916,-779.4828759232012
11677,-732.4838071723991,-771.5250421145367
11678,-740.870577794189,-763.4750849494138
11679,-749.1688853323423,-755.3339656267987
11680,-757.3777389338064,-747.1026562308056
11681,-765.4961584267077,-738.782139614625
11682,-773.5231744373859,-730.3734092831692
11683,-781.457828506146,-721.8774692744391
11684,-789.2991732016997,-713.2953340396414
11685,-797.0462722342911,-704.6280283220575
11686,-804.698200567497,-695.8765870346858
11687,-812.2540445286779,-687.0420551366667
11688,-819.7129019180761,-678.1254875085116
11689,-827.0738821165402,-669.1279488261462
11690,-834.3361061918698,-660.0505134337819
11691,-841.4987070037636,-650.8942652156371
11692,-848.5608293073612,-641.6602974665127
11693,-855.52162985536,-632.3497127612525
11694,-862.3802774987041,-622.9636228230892
11695,-869.1359532858271,-613.5031483909
11696,-875.787850560439,-603.9694190853842
11697,-882.3351750578423,-594.3635732741844
11698,-888.7771449997726,-584.6867579359593
11699,-895.1129911877448,-574.9401285234301
11700,-901.3419570949007,-565.1248488254116
11701,-907.4632989563386,-555.2420908278559
11702,-913.4762858579242,-545.2930345739088
11703,-919.3801998235635,-535.2788680230095
11704,-925.174335900935,-525.2007869090392
11705,-930.8580022456583,-515.0599945975538
11706,-936.4305202039101,-504.85770194208635
11707,-941.8912243934527,-494.59512713957537
11708,-947.2394627830879,-484.27349558489874
11709,-952.4745967705077,-473.89403972456654
11710,-957.5960012585506,-463.4579989095497
11711,-962.6030647298378,-452.9666192473059
11712,-967.4951893197924,-442.4211534529844
11713,-972.271790888026,-431.8228606998486
11714,-976.9322990880892,-421.1730064689219
11715,-981.476157435571,-410.472862397889
11716,-985.9028233745476,-399.7237061292534
11717,-990.211768342364,-388.92682115778354
11718,-994.4024778327489,-378.0834966772545
11719,-998.4744514572463,-367.19502742651775
11720,-1002.427203004966,-356.26271353490074
11721,-1006.2602605006379,-345.2878603669675
11722,-1009.9731662609695,-334.2717783666491
11723,-1013.5654769492933,-323.21578290077633
11724,-1017.0367636285041,-312.1211941020161
11725,-1020.386611812276,-300.9893367112424
11726,-1023.6146215145533,-289.821539919358
11727,-1026.7204072973113,-278.6191372085793
11728,-1029.7035983165786,-267.3834661932191
11729,-1032.5638383667167,-256.1158684599661
11730,-1035.3007859229554,-244.8176894076921
11731,-1037.9141141821679,-233.49027808681015
11732,-1040.4035111018961,-222.13498703819022
11733,-1042.7686794376089,-210.7531721316559
11734,-1045.0093367781928,-199.34619240409745
11735,-1047.1252155796756,-187.91540989718837
11736,-1049.1160631971698,-176.4621894947531
11737,-1050.9816419150413,-164.98789875979935
11738,-1052.7217289752932,-153.4939077712181
11739,-1054.3361166041632,-141.9815889601968
11740,-1055.8246120369336,-130.4523169463416
11741,-1057.1870375409476,-118.90746837354277
11742,-1058.4232304368322,-107.34842174559773
11743,-1059.5330431179216,-95.77655726161268
11744,-1060.5163430678829,-84.19325665119733
11745,-1061.3730128765396,-72.59990300948705
11746,-1062.1029502538895,-60.99788063198791
11747,-1062.706068042319,-49.38857484929165
11748,-1063.182294227011,-37.77337186166226
11749,-1063.531571944543,-26.15365857350929
11750,-1063.7538594896764,-14.530822427795046
11751,-1063.8491303203373,-2.906251240364251
11752,-1063.8173730607855,8.718666965769879
11753,-1063.6585915029716,20.34254412615485
11754,-1063.3728046060864,31.96399230064815
11755,-1062.9600464942953,43.58162383913281
11756,-1062.4203664526642,55.19405154721721
11757,-1061.7538289212748,66.79988885187095
11758,-1060.9605134875305,78.39774996698291
11759,-1060.0405148766529,89.98625005883277
11760,-1058.9939429403707,101.56400541144882
11761,-1057.8209226438046,113.12963359182298
11762,-1056.5215940505436,124.68175361498753
11763,-1055.0961123059233,136.2189861089003
11764,-1053.5446476184989,147.73995347915601
11765,-1051.8673852397224,159.24328007347577
11766,-1050.0645254418232,170.72759234596128
11767,-1048.1362834938939,182.19151902110482
11768,-1046.0828896361866,193.6336912575289
11769,-1043.9045890526215,205.05274281142266
11770,-1041.6016418415109,216.44731019968532
11771,-1039.1743229845015,227.81603286273108
11772,-1036.6229223137418,239.1575533269399
11773,-1033.9477444772733,250.47051736675328
11774,-1031.149108902656,261.7535741663679
11775,-1028.2273497588267,273.00537648103153
11776,-1025.1828159161958,284.22458079791335
11777,-1022.0158709049948,295.4098474965162
11778,-1018.7268928718664,306.5598410086407
11779,-1015.3162745347114,317.6732299778574
11780,-1011.7844231357998,328.7486874184702
11781,-1008.1317603931407,339.7848908739722
11782,-1004.3587224501306,350.78052257494545
11783,-1000.4657598234735,361.7342695964123
11784,-996.4533373493891,372.6448240146033
11785,-992.3219341281082,383.5108830631283
11786,-988.0720434666672,394.33114928853223
11787,-983.704172820003,405.10433070521935
11788,-979.2188437303641,415.829140949716
11789,-974.6165917650328,426.50429943427474
11790,-969.8979664523783,437.1285314997768
11791,-965.0635312162415,447.7005685679307
11792,-960.1138633086563,458.21914829275397
11793,-955.0495537409267,468.6830147112938
11794,-949.8712072130564,479.0909183935977
11795,-944.5794420415439,489.4416165919034
11796,-939.1748900855551,499.7338733890223
11797,-933.6581966714741,509.96645984592067
11798,-928.0300205158519,520.138154148451
11799,-922.2910336467495,530.2477417532492
11800,-916.4419213234956,540.2940155327559
11801,-910.4833819548658,550.2757759193477
11802,-904.4161270156878,560.1918310485732
11803,-898.2408809618877,570.0409969014702
11804,-891.9583811439896,579.822097445935
11805,-885.5693777190687,589.5339647771548
11806,-879.0746335611846,599.1754392570501
11807,-872.4749241702871,608.7453696527489
11808,-865.7710375796174,618.2426132740469
11809,-858.9637742616179,627.666036109846
11810,-852.0539470323491,637.0145129635627
11811,-845.042380954435,646.2869275874839
11812,-837.9299132385527,655.4821728160437
11813,-830.7173931434578,664.5991506980338
11814,-823.4056818745864,673.6367726276954
11815,-815.9956524812203,682.5939594747068
11816,-808.4881897522399,691.4696417130372
11817,-800.8841901104805,700.2627595486497
11818,-793.184561505693,708.9722630460459
11819,-785.3902233061291,717.5971122536369
11820,-777.5021061887716,726.1362773279092
11821,-769.5211520281983,734.5887386564026
11822,-761.4483137841264,742.9534869794479
11823,-753.2845553876207,751.2295235106809
11824,-745.0308516259956,759.4158600563027
11825,-736.6881880264251,767.5115191330698
11826,-728.2575607382635,775.5155340850141
11827,-719.7399764141019,783.4269491988632
11828,-711.1364520895706,791.2448198181571
11829,-702.4480150618976,798.9682124560464
11830,-693.675702767249,806.5962049067508
11831,-684.8205626568536,814.1278863556761
11832,-675.883652071929,821.5623574881713
11833,-666.8660381174356,828.8987305969077
11834,-657.7687975346599,836.1361296878741
11835,-648.5930165726409,843.2736905849798
11836,-639.3397908584735,850.3105610332342
11837,-630.0102252664848,857.2459008005131
11838,-620.6054337863037,864.0788817778871
11839,-611.1265393898518,870.8086880784974
11840,-601.5746738972489,877.4345161349813
11841,-591.9509778416772,883.9555747954148
11842,-582.2566003331899,890.3710854177858
11843,-572.4926989215032,896.6802819629654
11844,-562.6604394577843,902.8824110861741
11845,-552.7609959554411,908.976732226936
11846,-542.7955504499378,914.9625176975061
11847,-532.7652928576605,920.839052769756
11848,-522.6714208338285,926.6056357605198
11849,-512.5151396294988,932.2615781153729
11850,-502.297661947646,937.8062044908523
11851,-492.020207798362,943.2388528350954
11852,-481.6840043531848,948.5588744668889
11853,-471.2902857985675,953.765634153126
11854,-460.840293188507,958.8585101846575
11855,-450.33527429636706,963.8368944505216
11856,-439.77648346587614,968.700192510561
11857,-429.1651814613633,973.4478236663972
11858,-418.50263531721436,978.0792210307694
11859,-407.7901181865794,982.5938315952252
11860,-397.0289091893586,986.9911162961489
11861,-386.22029325946727,991.2705500791301
11862,-375.36556099140563,995.4316219616582
11863,-364.4660084861659,999.4738350941319
11864,-353.5229371964604,1003.396706819191
11865,-342.5376537713322,1007.1997687293425
11866,-331.5114699001317,1010.882566722893
11867,-320.44570215589334,1014.4446610581706
11868,-309.34167183813616,1017.8856264060305
11869,-298.20070481509157,1021.2050519006418
11870,-287.0241313653901,1024.4025411885473
11871,-275.81328601922104,1027.4777124759883
11872,-264.56950739898065,1030.4301985744937
11873,-253.29413805944034,1033.2596469447237
11874,-241.98852432743703,1035.9657197385632
11875,-230.65401614111335,1038.5480938394644
11876,-219.2919668887341,1041.0064609010265
11877,-207.90373324708665,1043.3405273838137
11878,-196.49067501947977,1045.5500145904066
11879,-185.0541549733875,1047.634658698678
11880,-173.5955386777207,1049.594210793296
11881,-162.1161943397787,1051.4284368954443
11882,-150.61749264187685,1053.13711799076
11883,-139.10080657767747,1054.7200500554873
11884,-127.56751128825806,1056.177044080835
11885,-116.01898389790506,1057.5079260955483
11886,-104.45660334968035,1058.71253718668
11887,-92.88175024077529,1059.790733518566
11888,-81.29580665765407,1060.7423863499994
11889,-69.70015601103322,1061.567382049603
11890,-58.09618287069377,1062.2656221093973
11891,-46.485272800153965,1062.8370231565634
11892,-34.868812191236565,1063.2815169633968
11893,-23.24818809851924,1063.5990504554552
11894,-11.6247880737154,1063.7895857178953
11895,5.807889208556138,1098.1226413597624
11896,17.42301779362831,1097.999774815534
11897,29.036196955288464,1097.7540554743462
11898,40.64612732028142,1097.3855108291998
11899,52.25150987885273,1096.8941821157503
11900,63.851046130092115,1096.280124307694
11901,75.44343822721986,1095.5434061106187
11902,87.02738912279997,1094.6841099543142
11903,98.60160271386418,1093.702331983551
11904,110.16478398692988,1092.598182047322
11905,121.71563916289644,1091.3717836865528
11906,133.25287584180333,1090.0232741202774
11907,144.77520314743396,1088.552804230286
11908,156.28133187174882,1086.9605385442437
11909,167.76997461913243,1085.246655217281
11910,179.23984595043703,1083.4113460120602
11911,190.68966252680755,1081.4548162773203
11912,202.11814325327182,1079.3772849249008
11913,213.5240094220792,1077.1789844052473
11914,224.9059848557724,1074.8601606814047
11915,236.26279604997657,1072.4210732014958
11916,247.59317231588852,1069.8619948696912
11917,258.89584592245143,1067.1832120156776
11918,270.1695522381986,1064.3850243626182
11919,281.4130298727503,1061.4677449936191
11920,292.62502081794764,1058.4317003166977
11921,303.80427058860914,1055.277230028263
11922,314.9495283628913,1052.0046870751064
11923,326.05954712224116,1048.6144376149125
11924,337.1330837909222,1045.1068609752897
11925,348.1688993750992,1041.482349611328
11926,359.16575910146685,1037.7413090616888
11927,370.1224325554056,1033.8841579032292
11928,381.0376938186502,1029.9113277041693
11929,391.91032160645506,1025.8232629758038
11930,402.7390994042408,1021.6204211227678
11931,413.5228156037081,1017.3032723918576
11932,424.260263638401,1012.8722998194169
11933,434.95024211870765,1008.3279991772905
11934,445.59155496628114,1003.6708789173531
11935,456.18301154786565,998.9014601146201
11936,466.7234268085142,994.0202764089462
11937,477.21162140418187,989.0278739453161
11938,487.6464218336797,983.9248113127392
11939,498.02666056997543,978.7116594817489
11940,508.3511761908256,973.3890017405192
11941,518.6188135087243,967.957433629601
11942,528.8284237001549,962.4175628752884
11943,538.9788644341293,956.7700093216221
11944,549.0690000000001,951.0154048610359
11945,559.0977014345344,945.154393363656
11946,569.0638466482296,939.1876306052591
11947,578.9663205508621,933.1157841938999
11948,588.8040151762522,926.9395334952135
11949,598.5758298062319,920.659569556403
11950,608.2806710938027,914.2765950289186
11951,617.9174531854663,907.7913240898414
11952,627.4850978427199,901.2044823619735
11953,636.9825345626966,894.5168068326516
11954,646.4087006979427,887.7290457712861
11955,655.7625415753143,880.8419586456383
11956,665.0430106139831,873.856316036847
11957,674.2490694425353,866.772899553208
11958,683.3796880151527,859.5925017427228
11959,692.4338447268635,852.3159260044214
11960,701.4105265278455,844.9439864984724
11961,710.3087290367757,837.4775080550883
11962,719.1274566532076,829.9173260822366
11963,727.8657226689666,822.2642864721678
11964,736.5225493785514,814.5192455067711
11965,745.0969681885261,806.6830697617664
11966,753.5880197258955,798.7566360097446
11967,761.9947539454458,790.7408311220686
11968,770.3162302360444,782.6365519696419
11969,778.5515175258815,774.4447053225605
11970,786.6996943866468,766.1662077486561
11971,794.7598491366257,757.8019855109436
11972,802.7310799427052,749.352974463983
11973,810.612494921278,740.8201199491691
11974,818.4032122380341,732.2043766889594
11975,826.1023602066264,723.5067086800519
11976,833.7090773862022,714.7280890855261
11977,841.2225126777884,705.8695001259571
11978,848.6418254195181,696.9319329695178
11979,855.966185480691,687.9163876210795
11980,863.1947733546554,678.8238728103231
11981,870.3267802504996,669.6554058788736
11982,877.3614081835473,660.4120126664741
11983,884.2978700646419,651.0947273962048
11984,891.1353897882109,641.7045925587676
11985,897.8732023191048,632.2426587958425
11986,904.5105537781939,622.7099847825353
11987,911.0467015267178,613.1076371089237
11988,917.4809142493793,603.4366901607187
11989,923.8124720361677,593.6982259990552
11990,930.0406664629095,583.8933342394204
11991,936.1648006705317,574.0231119297412
11992,942.1841894430313,564.0886634276375
11993,948.0981592841446,554.0911002768563
11994,953.9060484927006,544.0315410829061
11995,959.6072072366596,533.9111113878965
11996,965.2009976258199,523.7309435446049
11997,970.686793783191,513.4921765897795
11998,976.0639819150206,503.1959561166949
11999,981.3319603794714,492.8434341469751
12000,986.4901397539377,482.4357690016949
12001,991.5379429009938,471.9741251717788
12002,996.474805032969,461.45967318770874
12003,1001.3001737751407,450.89358948855477
12004,1006.0135092275382,440.27705629034807
12005,1010.6142840253507,429.61126145380337
12006,1015.1019833979335,418.89739835141233
12007,1019.476105226404,408.13666573392095
12008,1023.7361600998235,397.33026759620134
12009,1027.881671369955,386.4794130425424
12010,1031.912175204596,375.5853161513634
12011,1035.8272206394743,364.6491958393745
12012,1039.6263696287056,353.67227572519556
12013,1043.3091970938065,342.6557839924455
12014,1046.8752909712546,331.6009532523264
12015,1050.3242522585936,320.5090204057082
12016,1053.655695059077,309.38122650473406
12017,1056.8692466248453,298.21881661396236
12018,1059.9645473986316,287.0230396710589
12019,1062.941251053992,275.795148347056
12020,1065.799024534055,264.5363989061945
12021,1068.5375480887867,253.2480510653619
12022,1071.1565153107672,241.93136785314633
12023,1073.6556331694735,230.58761546851863
12024,1076.0346220440658,219.21806313916014
12025,1078.2932157546743,207.82398297945218
12026,1080.4311615921813,196.40664984814117
12027,1082.4482203464956,184.96734120569695
12028,1084.3441663333185,173.50733697138267
12029,1086.1187874193936,162.02791938004498
12030,1087.7718850462431,150.53037283864953
12031,1089.303274252384,139.01598378257017
12032,1090.712783694022,127.48604053165218
12033,1092.0002556642235,115.94183314606717
12034,1093.1655461105622,104.38465328196847
12035,1094.208524651234,92.8157940469729
12036,1095.1290745896483,81.23654985547508
12037,1095.9270929274824,69.6482162838205
12038,1096.6024903762072,58.05208992534604
12039,1097.1551913670776,46.44946824530549
12040,1097.5851340595862,34.8416494357012
12041,1097.8922703483845,23.22993227002955
12042,1098.0765658686635,11.615615957966192
12043,1098.1380000000001,6.724155933610382e-14
12044,1098.0765658686635,-11.6156159579663
12045,1097.8922703483845,-23.229932270029174
12046,1097.5851340595864,-34.84164943570083
12047,1097.1551913670776,-46.449468245305596
12048,1096.6024903762072,-58.05208992534591
12049,1095.9270929274824,-69.64821628382062
12050,1095.1290745896483,-81.23654985547469
12051,1094.208524651234,-92.81579404697251
12052,1093.1655461105622,-104.3846532819686
12053,1092.0002556642235,-115.94183314606704
12054,1090.712783694022,-127.4860405316518
12055,1089.303274252384,-139.01598378256978
12056,1087.7718850462431,-150.5303728386494
12057,1086.1187874193936,-162.02791938004512
12058,1084.3441663333185,-173.50733697138256
12059,1082.4482203464956,-184.96734120569658
12060,1080.4311615921813,-196.4066498481408
12061,1078.2932157546743,-207.82398297945207
12062,1076.0346220440658,-219.21806313916022
12063,1073.6556331694735,-230.5876154685185
12064,1071.1565153107672,-241.93136785314596
12065,1068.5375480887867,-253.24805106536175
12066,1065.799024534055,-264.5363989061944
12067,1062.9412510539921,-275.7951483470559
12068,1059.9645473986316,-287.02303967105877
12069,1056.8692466248453,-298.21881661396196
12070,1053.655695059077,-309.38122650473395
12071,1050.3242522585936,-320.50902040570804
12072,1046.8752909712546,-331.60095325232624
12073,1043.3091970938065,-342.65578399244515
12074,1039.6263696287056,-353.67227572519516
12075,1035.827220639474,-364.6491958393746
12076,1031.912175204596,-375.58531615136326
12077,1027.881671369955,-386.4794130425422
12078,1023.7361600998236,-397.3302675962012
12079,1019.4761052264041,-408.13666573392067
12080,1015.1019833979335,-418.8973983514125
12081,1010.6142840253507,-429.61126145380325
12082,1006.0135092275382,-440.27705629034796
12083,1001.3001737751408,-450.89358948855465
12084,996.474805032969,-461.4596731877086
12085,991.5379429009937,-471.97412517177884
12086,986.4901397539377,-482.43576900169495
12087,981.3319603794714,-492.8434341469752
12088,976.0639819150205,-503.195956116695
12089,970.686793783191,-513.4921765897794
12090,965.20099762582,-523.7309435446048
12091,959.6072072366597,-533.9111113878964
12092,953.9060484927006,-544.031541082906
12093,948.0981592841447,-554.0911002768562
12094,942.1841894430315,-564.0886634276371
12095,936.1648006705313,-574.0231119297414
12096,930.0406664629095,-583.8933342394205
12097,923.8124720361677,-593.698225999055
12098,917.4809142493792,-603.4366901607189
12099,911.0467015267179,-613.1076371089237
12100,904.5105537781939,-622.7099847825353
12101,897.8732023191048,-632.2426587958424
12102,891.135389788211,-641.7045925587673
12103,884.2978700646419,-651.0947273962047
12104,877.3614081835475,-660.4120126664739
12105,870.3267802504994,-669.6554058788738
12106,863.1947733546551,-678.8238728103231
12107,855.9661854806907,-687.9163876210802
12108,848.6418254195181,-696.9319329695179
12109,841.2225126777884,-705.8695001259571
12110,833.709077386202,-714.7280890855264
12111,826.1023602066264,-723.5067086800519
12112,818.4032122380338,-732.2043766889598
12113,810.6124949212777,-740.8201199491695
12114,802.7310799427052,-749.3529744639828
12115,794.7598491366255,-757.8019855109437
12116,786.6996943866466,-766.1662077486562
12117,778.551517525881,-774.4447053225609
12118,770.3162302360442,-782.6365519696419
12119,761.9947539454457,-790.7408311220686
12120,753.5880197258952,-798.7566360097451
12121,745.0969681885261,-806.6830697617664
12122,736.522549378551,-814.5192455067714
12123,727.8657226689663,-822.264286472168
12124,719.1274566532077,-829.9173260822364
12125,710.3087290367755,-837.4775080550886
12126,701.4105265278453,-844.9439864984727
12127,692.4338447268633,-852.3159260044215
12128,683.3796880151527,-859.5925017427228
12129,674.2490694425351,-866.7728995532082
12130,665.0430106139827,-873.8563160368474
12131,655.7625415753143,-880.8419586456384
12132,646.4087006979421,-887.7290457712863
12133,636.9825345626962,-894.5168068326519
12134,627.4850978427199,-901.2044823619735
12135,617.9174531854661,-907.7913240898414
12136,608.2806710938024,-914.2765950289188
12137,598.5758298062322,-920.6595695564029
12138,588.8040151762518,-926.9395334952138
12139,578.9663205508618,-933.1157841939
12140,569.0638466482291,-939.1876306052594
12141,559.0977014345343,-945.154393363656
12142,549.069,-951.0154048610361
12143,538.9788644341287,-956.7700093216223
12144,528.828423700155,-962.4175628752884
12145,518.618813508724,-967.9574336296012
12146,508.35117619082524,-973.3890017405193
12147,498.02666056997555,-978.7116594817489
12148,487.6464218336794,-983.9248113127393
12149,477.21162140418164,-989.0278739453162
12150,466.72342680851403,-994.0202764089463
12151,456.18301154786553,-998.9014601146202
12152,445.591554966281,-1003.6708789173531
12153,434.95024211870714,-1008.3279991772907
12154,424.26026363840094,-1012.8722998194169
12155,413.52281560370767,-1017.3032723918577
12156,402.73909940424045,-1021.6204211227679
12157,391.9103216064551,-1025.8232629758038
12158,381.0376938186499,-1029.9113277041695
12159,370.1224325554053,-1033.8841579032294
12160,359.1657591014666,-1037.7413090616888
12161,348.168899375099,-1041.4823496113281
12162,337.133083790922,-1045.1068609752897
12163,326.05954712224104,-1048.6144376149125
12164,314.9495283628912,-1052.0046870751064
12165,303.8042705886086,-1055.2772300282631
12166,292.62502081794725,-1058.431700316698
12167,281.4130298727503,-1061.4677449936191
12168,270.16955223819826,-1064.3850243626184
12169,258.8958459224511,-1067.1832120156776
12170,247.5931723158887,-1069.861994869691
12171,236.26279604997632,-1072.4210732014958
12172,224.90598485577218,-1074.8601606814047
12173,213.524009422079,-1077.1789844052473
12174,202.11814325327168,-1079.3772849249008
12175,190.6896625268075,-1081.4548162773203
12176,179.23984595043697,-1083.4113460120602
12177,167.76997461913243,-1085.246655217281
12178,156.28133187174836,-1086.960538544244
12179,144.77520314743353,-1088.552804230286
12180,133.25287584180347,-1090.0232741202774
12181,121.71563916289612,-1091.371783686553
12182,110.1647839869296,-1092.598182047322
12183,98.60160271386395,-1093.702331983551
12184,87.02738912279978,-1094.6841099543142
12185,75.4434382272197,-1095.5434061106187
12186,63.85104613009201,-1096.280124307694
12187,52.251509878852666,-1096.8941821157503
12188,40.64612732028091,-1097.3855108291998
12189,29.036196955288492,-1097.7540554743462
12190,17.42301779362838,-1097.999774815534
12191,5.807889208555763,-1098.1226413597624
12192,-5.807889208556469,-1098.1226413597624
12193,-17.4230177936286,-1097.999774815534
12194,-29.03619695528871,-1097.7540554743462
12195,-40.64612732028161,-1097.3855108291998
12196,-52.251509878852886,-1096.8941821157503
12197,-63.85104613009223,-1096.280124307694
12198,-75.4434382272204,-1095.5434061106187
12199,-87.0273891228,-1094.6841099543142
12200,-98.60160271386417,-1093.702331983551
12201,-110.1647839869303,-1092.598182047322
12202,-121.71563916289634,-1091.3717836865528
12203,-133.25287584180367,-1090.0232741202772
12204,-144.77520314743424,-1088.552804230286
12205,-156.28133187174907,-1086.9605385442437
12206,-167.76997461913265,-1085.246655217281
12207,-179.2398459504372,-1083.4113460120602
12208,-190.68966252680772,-1081.4548162773203
12209,-202.1181432532719,-1079.3772849249008
12210,-213.52400942207922,-1077.1789844052473
12211,-224.90598485577289,-1074.8601606814047
12212,-236.26279604997652,-1072.4210732014958
12213,-247.5931723158884,-1069.8619948696912
12214,-258.89584592245177,-1067.1832120156776
12215,-270.16955223819843,-1064.3850243626184
12216,-281.41302987275054,-1061.4677449936191
12217,-292.6250208179479,-1058.4317003166977
12218,-303.80427058860926,-1055.277230028263
12219,-314.9495283628914,-1052.0046870751064
12220,-326.05954712224127,-1048.6144376149125
12221,-337.1330837909226,-1045.1068609752895
12222,-348.16889937509916,-1041.4823496113281
12223,-359.1657591014668,-1037.7413090616888
12224,-370.12243255540596,-1033.8841579032292
12225,-381.0376938186501,-1029.9113277041695
12226,-391.91032160645534,-1025.8232629758038
12227,-402.73909940424113,-1021.6204211227677
12228,-413.52281560370824,-1017.3032723918575
12229,-424.2602636384011,-1012.8722998194169
12230,-434.9502421187078,-1008.3279991772905
12231,-445.59155496628165,-1003.6708789173529
12232,-456.1830115478657,-998.9014601146201
12233,-466.72342680851426,-994.0202764089462
12234,-477.21162140418227,-989.027873945316
12235,-487.6464218336796,-983.9248113127392
12236,-498.0266605699757,-978.7116594817488
12237,-508.35117619082587,-973.389001740519
12238,-518.6188135087241,-967.957433629601
12239,-528.8284237001552,-962.4175628752882
12240,-538.9788644341294,-956.7700093216221
12241,-549.0690000000006,-951.0154048610357
12242,-559.0977014345345,-945.1543933636559
12243,-569.0638466482296,-939.1876306052591
12244,-578.9663205508624,-933.1157841938997
12245,-588.804015176252,-926.9395334952137
12246,-598.5758298062319,-920.6595695564031
12247,-608.280671093803,-914.2765950289185
12248,-617.9174531854662,-907.7913240898414
12249,-627.48509784272,-901.2044823619734
12250,-636.9825345626967,-894.5168068326515
12251,-646.4087006979423,-887.7290457712862
12252,-655.7625415753145,-880.8419586456383
12253,-665.0430106139831,-873.856316036847
12254,-674.2490694425358,-866.7728995532077
12255,-683.3796880151529,-859.5925017427227
12256,-692.4338447268635,-852.3159260044214
12257,-701.4105265278458,-844.9439864984722
12258,-710.3087290367757,-837.4775080550885
12259,-719.1274566532078,-829.9173260822363
12260,-727.8657226689668,-822.2642864721677
12261,-736.5225493785512,-814.5192455067713
12262,-745.0969681885263,-806.6830697617662
12263,-753.5880197258956,-798.7566360097445
12264,-761.9947539454463,-790.7408311220681
12265,-770.3162302360444,-782.6365519696418
12266,-778.5515175258815,-774.4447053225605
12267,-786.6996943866471,-766.1662077486558
12268,-794.7598491366257,-757.8019855109436
12269,-802.7310799427054,-749.3529744639827
12270,-810.6124949212782,-740.8201199491689
12271,-818.4032122380339,-732.2043766889597
12272,-826.1023602066265,-723.5067086800518
12273,-833.7090773862021,-714.7280890855262
12274,-841.2225126777889,-705.8695001259564
12275,-848.6418254195185,-696.9319329695174
12276,-855.9661854806908,-687.91638762108
12277,-863.1947733546557,-678.8238728103227
12278,-870.3267802504998,-669.6554058788732
12279,-877.3614081835477,-660.4120126664736
12280,-884.297870064642,-651.0947273962046
12281,-891.1353897882111,-641.7045925587671
12282,-897.873202319105,-632.2426587958423
12283,-904.510553778194,-622.7099847825352
12284,-911.0467015267179,-613.1076371089235
12285,-917.4809142493793,-603.4366901607187
12286,-923.812472036168,-593.6982259990549
12287,-930.0406664629096,-583.8933342394201
12288,-936.1648006705317,-574.0231119297413
12289,-942.1841894430314,-564.0886634276374
12290,-948.0981592841446,-554.0911002768563
12291,-953.9060484927006,-544.0315410829062
12292,-959.6072072366601,-533.9111113878957
12293,-965.2009976258199,-523.730943544605
12294,-970.6867937831909,-513.4921765897797
12295,-976.0639819150208,-503.1959561166944
12296,-981.3319603794713,-492.8434341469754
12297,-986.490139753938,-482.4357690016943
12298,-991.5379429009943,-471.9741251717782
12299,-996.4748050329688,-461.45967318770886
12300,-1001.3001737751409,-450.8935894885542
12301,-1006.0135092275384,-440.27705629034756
12302,-1010.6142840253509,-429.6112614538028
12303,-1015.1019833979336,-418.89739835141205
12304,-1019.4761052264042,-408.13666573392044
12305,-1023.7361600998236,-397.330267596201
12306,-1027.8816713699553,-386.479413042542
12307,-1031.912175204596,-375.58531615136303
12308,-1035.8272206394743,-364.6491958393744
12309,-1039.6263696287056,-353.67227572519516
12310,-1043.3091970938065,-342.65578399244515
12311,-1046.8752909712546,-331.6009532523263
12312,-1050.3242522585936,-320.5090204057081
12313,-1053.655695059077,-309.381226504734
12314,-1056.8692466248453,-298.21881661396225
12315,-1059.9645473986316,-287.0230396710588
12316,-1062.941251053992,-275.7951483470561
12317,-1065.799024534055,-264.5363989061946
12318,-1068.537548088787,-253.2480510653611
12319,-1071.1565153107674,-241.9313678531455
12320,-1073.6556331694735,-230.58761546851878
12321,-1076.034622044066,-219.2180631391595
12322,-1078.2932157546745,-207.8239829794516
12323,-1080.4311615921813,-196.40664984814134
12324,-1082.4482203464959,-184.96734120569633
12325,-1084.3441663333185,-173.5073369713821
12326,-1086.1187874193938,-162.02791938004466
12327,-1087.7718850462434,-150.5303728386492
12328,-1089.303274252384,-139.01598378256958
12329,-1090.712783694022,-127.48604053165182
12330,-1092.0002556642235,-115.94183314606683
12331,-1093.1655461105622,-104.38465328196837
12332,-1094.208524651234,-92.81579404697254
12333,-1095.1290745896483,-81.23654985547472
12334,-1095.9270929274824,-69.64821628382039
12335,-1096.6024903762072,-58.052089925345925
12336,-1097.1551913670776,-46.449468245305624
12337,-1097.5851340595862,-34.84164943570109
12338,-1097.8922703483845,-23.229932270029444
12339,-1098.0765658686635,-11.61561595796535
12340,-1098.1380000000001,-2.0172467800831144e-13
12341,-1098.0765658686635,11.615615957965923
12342,-1097.8922703483845,23.229932270030016
12343,-1097.5851340595864,34.84164943570069
12344,-1097.1551913670776,46.4494682453062
12345,-1096.6024903762072,58.0520899253465
12346,-1095.9270929274824,69.64821628381999
12347,-1095.1290745896483,81.23654985547529
12348,-1094.208524651234,92.81579404697311
12349,-1093.1655461105622,104.38465328196895
12350,-1092.0002556642235,115.94183314606738
12351,-1090.712783694022,127.48604053165239
12352,-1089.303274252384,139.01598378257015
12353,-1087.7718850462431,150.53037283864975
12354,-1086.1187874193936,162.0279193800452
12355,-1084.3441663333185,173.50733697138264
12356,-1082.4482203464956,184.96734120569695
12357,-1080.4311615921813,196.40664984814094
12358,-1078.2932157546743,207.82398297945215
12359,-1076.0346220440656,219.21806313916105
12360,-1073.6556331694735,230.58761546851838
12361,-1071.1565153107672,241.93136785314604
12362,-1068.5375480887865,253.24805106536257
12363,-1065.799024534055,264.5363989061942
12364,-1062.9412510539921,275.7951483470557
12365,-1059.9645473986316,287.0230396710594
12366,-1056.8692466248456,298.21881661396185
12367,-1053.6556950590768,309.38122650473457
12368,-1050.324252258593,320.50902040570867
12369,-1046.8752909712543,331.60095325232686
12370,-1043.3091970938062,342.6557839924457
12371,-1039.6263696287053,353.6722757251957
12372,-1035.827220639474,364.6491958393749
12373,-1031.912175204596,375.58531615136354
12374,-1027.881671369955,386.47941304254255
12375,-1023.7361600998235,397.3302675962015
12376,-1019.476105226404,408.13666573392095
12377,-1015.1019833979334,418.89739835141256
12378,-1010.6142840253507,429.61126145380337
12379,-1006.0135092275382,440.277056290348
12380,-1001.3001737751407,450.8935894885547
12381,-996.474805032969,461.45967318770846
12382,-991.5379429009934,471.97412517177963
12383,-986.4901397539377,482.43576900169484
12384,-981.3319603794714,492.8434341469751
12385,-976.0639819150201,503.19595611669575
12386,-970.6867937831911,513.4921765897793
12387,-965.20099762582,523.7309435446047
12388,-959.6072072366593,533.911111387897
12389,-953.9060484927008,544.0315410829058
12390,-948.0981592841447,554.0911002768561
12391,-942.1841894430311,564.0886634276378
12392,-936.1648006705312,574.0231119297417
12393,-930.0406664629093,583.8933342394207
12394,-923.8124720361675,593.6982259990555
12395,-917.4809142493791,603.4366901607192
12396,-911.0467015267177,613.107637108924
12397,-904.5105537781936,622.7099847825357
12398,-897.8732023191047,632.2426587958428
12399,-891.1353897882108,641.7045925587676
12400,-884.2978700646416,651.0947273962049
12401,-877.3614081835473,660.4120126664741
12402,-870.3267802504989,669.6554058788745
12403,-863.1947733546554,678.823872810323
12404,-855.966185480691,687.9163876210797
12405,-848.6418254195174,696.9319329695185
12406,-841.2225126777885,705.869500125957
12407,-833.7090773862024,714.728089085526
12408,-826.1023602066258,723.5067086800526
12409,-818.4032122380343,732.2043766889593
12410,-810.6124949212781,740.820119949169
12411,-802.7310799427047,749.3529744639834
12412,-794.7598491366259,757.8019855109433
12413,-786.6996943866471,766.1662077486559
12414,-778.5515175258811,774.4447053225608
12415,-770.316230236044,782.6365519696421
12416,-761.9947539454462,790.7408311220682
12417,-753.5880197258952,798.756636009745
12418,-745.0969681885259,806.6830697617665
12419,-736.5225493785512,814.5192455067713
12420,-727.8657226689664,822.264286472168
12421,-719.1274566532073,829.9173260822367
12422,-710.3087290367756,837.4775080550886
12423,-701.4105265278454,844.9439864984726
12424,-692.4338447268633,852.3159260044214
12425,-683.3796880151519,859.5925017427234
12426,-674.2490694425352,866.772899553208
12427,-665.0430106139831,873.856316036847
12428,-655.7625415753135,880.8419586456389
12429,-646.4087006979427,887.729045771286
12430,-636.9825345626966,894.5168068326516
12431,-627.4850978427193,901.204482361974
12432,-617.9174531854666,907.791324089841
12433,-608.2806710938029,914.2765950289185
12434,-598.5758298062314,920.6595695564033
12435,-588.8040151762516,926.9395334952139
12436,-578.9663205508622,933.1157841938997
12437,-569.0638466482292,939.1876306052593
12438,-559.097701434534,945.1543933636561
12439,-549.0690000000005,951.0154048610357
12440,-538.9788644341288,956.7700093216223
12441,-528.8284237001546,962.4175628752886
12442,-518.6188135087241,967.9574336296012
12443,-508.35117619082536,973.3890017405192
12444,-498.0266605699752,978.711659481749
12445,-487.64642183367954,983.9248113127393
12446,-477.21162140418176,989.0278739453162
12447,-466.72342680851415,994.0202764089462
12448,-456.18301154786474,998.9014601146207
12449,-445.59155496628114,1003.6708789173531
12450,-434.95024211870776,1008.3279991772905
12451,-424.26026363840015,1012.8722998194173
12452,-413.5228156037082,1017.3032723918575
12453,-402.7390994042411,1021.6204211227677
12454,-391.9103216064543,1025.8232629758043
12455,-381.03769381865044,1029.9113277041693
12456,-370.12243255540585,1033.8841579032292
12457,-359.1657591014662,1037.741309061689
12458,-348.1688993750986,1041.4823496113281
12459,-337.1330837909226,1045.1068609752895
12460,-326.0595471222407,1048.6144376149127
12461,-314.9495283628909,1052.0046870751066
12462,-303.8042705886097,1055.277230028263
12463,-292.62502081794736,1058.431700316698
12464,-281.41302987275,1061.4677449936191
12465,-270.1695522381993,1064.3850243626182
12466,-258.8958459224512,1067.1832120156776
12467,-247.59317231588832,1069.8619948696912
12468,-236.2627960499755,1072.4210732014958
12469,-224.90598485577232,1074.8601606814047
12470,-213.5240094220791,1077.1789844052473
12471,-202.1181432532709,1079.3772849249008
12472,-190.68966252680764,1081.4548162773203
12473,-179.23984595043711,1083.4113460120602
12474,-167.7699746191316,1085.2466552172812
12475,-156.28133187174902,1086.9605385442437
12476,-144.77520314743415,1088.552804230286
12477,-133.25287584180262,1090.0232741202774
12478,-121.71563916289578,1091.371783686553
12479,-110.16478398693023,1092.598182047322
12480,-98.6016027138636,1093.7023319835512
12481,-87.02738912279942,1094.6841099543142
12482,-75.44343822722031,1095.5434061106187
12483,-63.85104613009166,1096.2801243076942
12484,-52.25150987885232,1096.8941821157503
12485,-40.64612732028201,1097.3855108291998
12486,-29.03619695528814,1097.7540554743466
12487,-17.423017793628027,1097.999774815534
12488,-5.8078892085568725,1098.1226413597624
12489,0.0,1133.0040000000001
12490,11.612968082456685,1132.9444836302953
12491,23.224716113259948,1132.7659407739352
12492,34.83402416893428,1132.468390188529
12493,46.43967258234654,1132.0518631345672
12494,58.040442070843454,1131.5164033721392
12495,69.63511386434877,1130.8620671563351
12496,81.22246983340654,1130.0889232313366
12497,92.80129261715697,1129.197052823193
12498,104.37036575123187,1128.1865496312896
12499,115.92847379555548,1127.0575198185022
12500,127.47440246203794,1125.8100820000445
12501,139.0069387421478,1124.4443672310058
12502,150.52487103434993,1122.9605189925835
12503,162.02698927139548,1121.358693177008
12504,173.51208504745125,1119.6390580711654
12505,184.97895174505368,1117.8017943389164
12506,196.42638466187563,1115.8470950021176
12507,207.85318113729164,1113.7751654203412
12508,219.2581406787288,1111.5862232693005
12509,230.64006508778957,1109.280498517981
12510,241.99775858613415,1106.8582334044806
12511,253.330027941108,1104.319682410559
12512,264.63568259110235,1101.665112234903
12513,275.91353477063376,1098.8948017651073
12514,287.16239963513004,1096.0090420483739
12515,298.38109538540954,1093.0081362609353
12516,309.56844339184,1089.8923996762035
12517,320.7232683181651,1086.6621596316468
12518,331.844398244984,1083.3177554944
12519,342.93066479287313,1079.8595386256115
12520,353.9809032451351,1076.287872343528
12521,364.99395267016325,1072.6031318853263
12522,375.9686560434084,1068.8057043676897
12523,386.90386036893506,1064.8959887461385
12524,397.7984168005549,1060.874395773115
12525,408.6511807625236,1056.7413479548322
12526,419.46101206978915,1052.4972795068825
12527,430.2267750477793,1048.1426363086218
12528,440.9473386517148,1043.6778758563248
12529,451.6215765854362,1039.1034672151206
12530,462.248367419732,1034.419890969713
12531,472.82659471015523,1029.6276391738902
12532,483.3551471143167,1024.7272152988314
12533,493.8329185086414,1019.7191341802103
12534,504.2588081045782,1014.6039219641083
12535,514.6317205642468,1009.3821160517375
12536,524.9505661155144,1004.0542650429812
12537,535.214260666486,998.620928678759
12538,545.4217259193981,993.0826777822202
12539,555.571889483905,987.4400941987741
12540,565.6636849897427,981.6937707349606
12541,575.6960521987614,975.8443110961713
12542,585.6679371163137,969.8923298232241
12543,595.5782921019863,963.8384522278002
12544,605.4260759796645,957.6833143267485
12545,615.2102541469179,951.4275627752672
12546,624.9297986836951,945.0718547989653
12547,634.5836884603158,938.6168581248161
12548,644.1709092447509,932.0632509110051
12549,653.6904538091766,925.4117216756837
12550,663.1413220357932,918.662969224634
12551,672.522521021897,911.8177025778522
12552,681.8330651841944,904.8766408950595
12553,691.0719763623458,897.8405134001481
12554,700.2382839217319,890.7100593045687
12555,709.3310248554263,883.4860277296698
12556,718.3492438853702,876.169177627995
12557,727.2919935627323,868.7602777035487
12558,736.1583343674472,861.2601063310353
12559,744.9473348069212,853.6694514740849
12560,753.6580715138947,845.9891106024695
12561,762.2896293434496,838.2198906083215
12562,770.8411014691549,830.3626077213619
12563,779.3115894783365,822.4180874231482
12564,787.7002034664647,814.3871643603491
12565,796.0060621306469,806.2706822570575
12566,804.2282928622159,798.0694938261494
12567,812.3660318384069,789.7844606796976
12568,820.4184241131094,781.4164532384525
12569,828.3846237066874,772.966350640395
12570,836.2637936948582,764.4350406483758
12571,844.0551062966183,755.8234195568464
12572,851.7577429612102,747.1323920976961
12573,859.3708944541183,738.3628713452005
12574,866.8937609420873,729.515778620095
12575,874.3255520771519,720.5920433927813
12576,881.6654870796696,711.5926031856776
12577,888.9127948203504,702.5184034747232
12578,896.0667139012702,693.3703975900467
12579,903.1264927358627,684.1495466158112
12580,910.0913896278812,674.8568192892418
12581,916.9606728493208,665.4931918988515
12582,923.7336207172923,656.0596481818721
12583,930.4095216698437,646.5571792209047
12584,936.9876743407141,636.9867833397961
12585,943.4673876330207,627.3494659987556
12586,949.8479807918646,617.6462396887215
12587,956.1287834758501,607.878123824991
12588,962.3091358275103,598.0461446401195
12589,968.3883885426318,588.1513350761052
12590,974.3659029384704,578.1947346758699
12591,980.2410510208498,568.1773894740446
12592,986.0132155501393,558.1003518870732
12593,991.6817901060999,547.9646806026474
12594,997.2461791515954,537.7714404684806
12595,1002.7057980951575,527.5217023804357
12596,1008.0600733524052,517.2165431700184
12597,1013.3084424063023,506.8570454912449
12598,1018.4503538662572,496.44429770689874
12599,1023.485267526051,485.97939377418896
12600,1028.4126544205913,475.4634331298191
12601,1033.2319968814845,464.89752057448123
12602,1037.942788591423,454.2827661567853
12603,1042.5445346373776,443.62028505663955
12604,1047.036751562592,432.91119746808965
12605,1051.4189674173765,422.156628481631
12606,1055.6907218086894,411.35770796600906
12607,1059.8515659485058,400.51557044951477
12608,1063.9010627009673,389.6313550007915
12609,1067.838786628307,378.70620510916615
12610,1071.6643240355452,367.74126856451454
12611,1075.3772730139538,356.73769733667416
12612,1078.9772434832787,345.69664745442054
12613,1082.4638572327217,334.619278884015
12614,1085.8367479606763,323.50675540733783
12615,1089.0955613132096,312.3602444996245
12616,1092.2399549212917,301.1809172068096
12617,1095.2695984367638,289.9699480224985
12618,1098.1841735670455,278.7285147645742
12619,1100.9833741085736,267.45779845145853
12620,1103.6669059789715,256.1589831780339
12621,1106.2344872479466,244.83325599124223
12622,1108.6858481669078,233.48180676537632
12623,1111.020731197307,222.1058280770713
12624,1113.2388910376949,210.70651508001254
12625,1115.3400946494924,199.28506537937506
12626,1117.3241212814733,187.84267890600304
12627,1119.1907624929572,176.38055779034508
12628,1120.9398221757071,164.8999062361605
12629,1122.5711165745327,153.40193039400563
12630,1124.084474306596,141.88783823451573
12631,1125.4797363794164,130.3588394214977
12632,1126.7567562075742,118.81614518484244
12633,1127.9153996281111,107.26096819327442
12634,1128.9555449146253,95.69452242694825
12635,1129.8770827900596,84.11802304991019
12636,1130.679916438182,72.53268628243299
12637,1131.363961513758,60.93972927323977
12638,1131.929146151411,49.340369971632484
12639,1132.3754109731726,37.73582699953425
12640,1132.7027090947206,26.127319523460777
12641,1132.9110061303054,14.516067126437063
12642,1133.0002801963622,2.903289679867863
12643,1132.9705219138093,-8.709792784621998
12644,1132.8217344090347,-20.321960203361932
12645,1132.5539333135666,-31.931992608815786
12646,1132.1671467624324,-43.53867025775039
12647,1131.6614153912012,-55.140773759382114
12648,1131.036792331716,-66.73708420348379
12649,1130.2933432065113,-78.32638328844352
12650,1129.4311461219181,-89.90745344925948
12651,1128.4502916598597,-101.47907798545502
12652,1127.3508828683334,-113.04004118890529
12653,1126.1330352505859,-124.58912847155969
12654,1124.7968767529776,-136.12512649304404
12655,1123.3425477515407,-147.64682328813444
12656,1121.7702010372323,-159.15300839408619
12657,1120.0800017998804,-170.64247297780273
12658,1118.2721276108318,-182.11400996283612
12659,1116.3467684042937,-193.56641415620192
12660,1114.304126457382,-204.99848237499498
12661,1112.1444163688677,-216.40901357279608
12662,1109.8678650366335,-227.79680896585262
12663,1107.4747116338344,-239.160672159023
12664,1104.965207583771,-250.49940927146798
12665,1102.339616533475,-261.81182906207965
12666,1099.598214326011,-273.0967430546333
12667,1096.7412889714958,-284.3529656626467
12668,1093.769140616841,-295.5793143139375
12669,1090.682081514219,-306.77460957486477
12670,1087.4804359882587,-317.9376752742379
12671,1084.164540401972,-329.0673386268852
12672,1080.734743121415,-340.1624303568667
12673,1077.1914044790888,-351.2217848203163
12674,1073.5348967360853,-362.2442401279045
12675,1069.7656040429754,-373.22863826690525
12676,1065.8839223994505,-384.17382522285743
12677,1061.8902596127202,-395.07865110080286
12678,1057.785035254668,-405.9419702460949
12679,1053.5686806177696,-416.76264136476084
12680,1049.2416386697848,-427.5395276434038
12681,1044.804364007217,-438.27149686863675
12682,1040.2573228075532,-448.9574215460329
12683,1035.6009927802904,-459.596179018578
12684,1030.835863116746,-470.18665158461687
12685,1025.9624344386618,-480.72772661527944
12686,1020.9812187456135,-491.2182966713698
12687,1015.8927393612158,-501.6572596197178
12688,1010.6975308781452,-512.0435187489642
12689,1005.3961391019749,-522.3759828847826
12690,999.9891209938326,-532.6535665045176
12691,994.477044611887,-542.8751898512282
12692,988.8604890516684,-553.0397790471274
12693,983.1400443852275,-563.1462662064033
12694,977.3163115991446,-573.1935895474094
12695,971.3899025313896,-583.1806935042155
12696,965.3614398070424,-593.106528837505
12697,959.2315567728809,-602.9700527448073
12698,953.0008974308413,-612.7702289700533
12699,946.6701163703602,-622.5060279124443
12700,940.2398786996029,-632.1764267346231
12701,933.710859975589,-641.780409470129
12702,927.0837461332172,-651.3169671301376
12703,920.3592334132028,-660.7850978094633
12704,913.53802828893,-670.1838067918192
12705,906.620847392231,-679.512106654321
12706,899.6084174380956,-688.7690173712269
12707,892.5014751483251,-697.9535664168957
12708,885.3007671741317,-707.0647888679609
12709,878.0070500176942,-716.1017275047077
12710,870.6210899526841,-725.063432911632
12711,863.1436629437574,-733.9489635771914
12712,855.575554565035,-742.7573859927163
12713,847.9175599175682,-751.4877747504861
12714,840.1704835458082,-760.1392126409498
12715,832.335139353081,-768.7107907490877
12716,824.4123505160769,-777.2016085499035
12717,816.4029493983693,-785.6107740030326
12718,808.3077774629693,-793.9374036464558
12719,800.1276851839186,-802.1806226893194
12720,791.8635319569406,-810.3395651038394
12721,783.5161860091536,-818.4133737162838
12722,775.0865243078539,-826.4012002970293
12723,766.5754324683835,-834.3022056496741
12724,757.9838046610871,-842.1155596992039
12725,749.3125435173703,-849.8404415791998
12726,740.5625600348714,-857.4760397180773
12727,731.7347734817527,-865.0215519243485
12728,722.8301113001198,-872.4761854709026
12729,713.8495090085872,-879.8391571782876
12730,704.7939101039946,-887.1096934969895
12731,695.6642659622813,-894.2870305887035
12732,686.4615357385353,-901.3704144065813
12733,677.1866862662265,-908.3591007744501
12734,667.8406919556311,-915.2523554649965
12735,658.42453469146,-922.0494542769029
12736,648.939203729704,-928.7496831109328
12737,639.3856955937007,-935.352338044953
12738,629.7650139694426,-941.8567254078871
12739,620.0781696001313,-948.2621618525918
12740,610.3261801799854,-954.5679744276508
12741,600.5100702473246,-960.7735006480735
12742,590.6308710769345,-966.8780885648935
12743,580.6896205717173,-972.8810968336651
12744,570.6873631536532,-978.7818947818408
12745,560.6251496540721,-984.5798624750303
12746,550.5040372032552,-990.2743907821293
12747,540.3250891193746,-995.8648814393147
12748,530.0893747967784,-1001.350747112899
12749,519.7979695936424,-1006.7314114610347
12750,509.45195471899603,-1012.006309194263
12751,499.05241711912765,-1017.1748861349048
12752,488.60044936339096,-1022.2365992752817
12753,478.09714952942284,-1027.1909168347631
12754,467.5436210877774,-1032.037318315636
12755,456.9409727859978,-1036.7752945577872
12756,446.29031853213064,-1041.4043477921962
12757,435.5927772776991,-1045.9239916932306
12758,424.8494729001478,-1050.3337514297382
12759,414.0615340847702,-1054.6331637149322
12760,403.23009420612493,-1058.8217768550662
12761,392.3562912089674,-1062.8991507968874
12762,381.4412674886995,-1066.8648571738665
12763,370.4861697713473,-1070.718479351205
12764,359.49214899308623,-1074.4596124696045
12765,348.46036017932755,-1078.087863487802
12766,337.39196232336906,-1081.6028512238615
12767,326.2881182646354,-1085.004206395221
12768,315.1499945665059,-1088.291571657491
12769,303.9787613937596,-1091.4646016419938
12770,292.77559238963784,-1094.5229629920502
12771,281.54166455254335,-1097.4663343980003
12772,270.27815811238156,-1100.2944066309612
12773,258.9862564065685,-1103.0068825753135
12774,247.66714575571285,-1105.6034772599166
12775,236.32201533897717,-1108.0839178880472
12776,224.95205706914643,-1110.4479438660599
12777,213.5584654674039,-1112.695306830764
12778,202.14243753783785,-1114.8257706755176
12779,190.7051726416856,-1116.8391115750314
12780,179.2478723713254,-1118.7351180088847
12781,167.77174042404,-1120.513590783748
12782,156.27798247555984,-1122.1743430543086
12783,144.76780605339118,-1123.7172003429012
12784,133.2424204099546,-1125.1420005578395
12785,121.70303639554402,-1126.4485940104435
12786,110.15086633111362,-1127.6368434307676
12787,98.58712388091249,-1128.7066239820203
12788,87.01302392497833,-1129.6578232736813
12789,75.4297824315009,-1130.4903413733073
12790,63.8386163290755,-1131.2040908170327
12791,52.240743378853736,-1131.798996618757
12792,40.63738204660227,-1132.2749962780238
12793,29.029751374693934,-1132.6320397865866
12794,17.419070854038413,-1132.8700896336625
12795,5.806560295959229,-1132.9891208098734
12796,-5.806560295958448,-1132.9891208098734
12797,-17.419070854038136,-1132.8700896336625
12798,-29.02975137469416,-1132.6320397865866
12799,-40.637382046601495,-1132.2749962780238
12800,-52.24074337885296,-1131.798996618757
12801,-63.83861632907572,-1131.2040908170325
12802,-75.42978243150063,-1130.4903413733073
12803,-87.01302392497756,-1129.6578232736813
12804,-98.58712388091169,-1128.7066239820203
12805,-110.15086633111333,-1127.6368434307676
12806,-121.70303639554375,-1126.4485940104437
12807,-133.24242040995432,-1125.1420005578395
12808,-144.76780605339042,-1123.7172003429014
12809,-156.27798247555958,-1122.1743430543086
12810,-167.77174042404022,-1120.513590783748
12811,-179.2478723713246,-1118.735118008885
12812,-190.7051726416848,-1116.8391115750314
12813,-202.14243753783808,-1114.8257706755176
12814,-213.5584654674036,-1112.695306830764
12815,-224.95205706914567,-1110.4479438660599
12816,-236.32201533897688,-1108.0839178880472
12817,-247.66714575571257,-1105.6034772599166
12818,-258.9862564065682,-1103.0068825753135
12819,-270.27815811238077,-1100.2944066309612
12820,-281.5416645525426,-1097.4663343980005
12821,-292.77559238963755,-1094.5229629920502
12822,-303.9787613937593,-1091.4646016419938
12823,-315.1499945665052,-1088.2915716574912
12824,-326.28811826463465,-1085.0042063952214
12825,-337.39196232336934,-1081.6028512238613
12826,-348.46036017932727,-1078.0878634878022
12827,-359.4921489930855,-1074.459612469605
12828,-370.48616977134657,-1070.7184793512051
12829,-381.4412674886993,-1066.8648571738668
12830,-392.35629120896755,-1062.8991507968874
12831,-403.2300942061242,-1058.8217768550667
12832,-414.0615340847694,-1054.6331637149326
12833,-424.8494729001481,-1050.333751429738
12834,-435.5927772776988,-1045.9239916932306
12835,-446.2903185321299,-1041.4043477921966
12836,-456.9409727859975,-1036.7752945577874
12837,-467.5436210877772,-1032.037318315636
12838,-478.09714952942255,-1027.1909168347631
12839,-488.6004493633907,-1022.2365992752818
12840,-499.05241711912697,-1017.1748861349051
12841,-509.4519547189958,-1012.0063091942632
12842,-519.7979695936426,-1006.7314114610346
12843,-530.0893747967777,-1001.3507471128993
12844,-540.325089119374,-995.864881439315
12845,-550.5040372032553,-990.2743907821292
12846,-560.6251496540718,-984.5798624750305
12847,-570.6873631536527,-978.7818947818412
12848,-580.689620571717,-972.8810968336653
12849,-590.6308710769342,-966.8780885648936
12850,-600.5100702473244,-960.7735006480737
12851,-610.3261801799848,-954.5679744276513
12852,-620.0781696001306,-948.2621618525922
12853,-629.7650139694424,-941.8567254078872
12854,-639.3856955937005,-935.3523380449531
12855,-648.9392037297033,-928.7496831109332
12856,-658.4245346914595,-922.0494542769036
12857,-667.8406919556307,-915.2523554649966
12858,-677.1866862662263,-908.3591007744502
12859,-686.4615357385351,-901.3704144065814
12860,-695.6642659622806,-894.2870305887038
12861,-704.7939101039943,-887.1096934969896
12862,-713.8495090085873,-879.8391571782875
12863,-722.8301113001191,-872.476185470903
12864,-731.7347734817521,-865.021551924349
12865,-740.5625600348715,-857.4760397180773
12866,-749.31254351737,-849.8404415792
12867,-757.9838046610864,-842.1155596992044
12868,-766.5754324683832,-834.3022056496744
12869,-775.0865243078537,-826.4012002970296
12870,-783.5161860091533,-818.4133737162841
12871,-791.8635319569405,-810.3395651038395
12872,-800.1276851839182,-802.1806226893199
12873,-808.307777462969,-793.937403646456
12874,-816.4029493983694,-785.6107740030325
12875,-824.4123505160762,-777.2016085499041
12876,-832.3351393530804,-768.7107907490881
12877,-840.1704835458083,-760.1392126409497
12878,-847.917559917568,-751.4877747504863
12879,-855.5755545650344,-742.757385992717
12880,-863.1436629437572,-733.9489635771916
12881,-870.6210899526842,-725.0634329116318
12882,-878.007050017694,-716.1017275047078
12883,-885.3007671741309,-707.064788867962
12884,-892.501475148325,-697.9535664168959
12885,-899.6084174380951,-688.7690173712276
12886,-906.6208473922308,-679.5121066543212
12887,-913.5380282889299,-670.1838067918194
12888,-920.3592334132023,-660.785097809464
12889,-927.083746133217,-651.3169671301379
12890,-933.7108599755891,-641.7804094701289
12891,-940.2398786996027,-632.1764267346233
12892,-946.6701163703598,-622.506027912445
12893,-953.0008974308413,-612.7702289700529
12894,-959.2315567728807,-602.9700527448074
12895,-965.3614398070421,-593.1065288375058
12896,-971.3899025313895,-583.1806935042158
12897,-977.3163115991442,-573.19358954741
12898,-983.1400443852274,-563.1462662064035
12899,-988.8604890516681,-553.039779047128
12900,-994.4770446118866,-542.8751898512289
12901,-999.9891209938324,-532.6535665045178
12902,-1005.3961391019749,-522.3759828847824
12903,-1010.6975308781451,-512.0435187489644
12904,-1015.8927393612156,-501.6572596197185
12905,-1020.9812187456133,-491.21829667137007
12906,-1025.9624344386618,-480.72772661527966
12907,-1030.835863116746,-470.1866515846169
12908,-1035.6009927802904,-459.59617901857825
12909,-1040.257322807553,-448.9574215460336
12910,-1044.8043640072167,-438.27149686863703
12911,-1049.2416386697848,-427.53952764340426
12912,-1053.5686806177694,-416.76264136476175
12913,-1057.7850352546677,-405.9419702460954
12914,-1061.8902596127202,-395.07865110080263
12915,-1065.8839223994503,-384.17382522285766
12916,-1069.7656040429752,-373.228638266906
12917,-1073.5348967360853,-362.2442401279045
12918,-1077.1914044790885,-351.22178482031677
12919,-1080.7347431214146,-340.16243035686676
12920,-1084.1645404019719,-329.0673386268857
12921,-1087.4804359882587,-317.9376752742387
12922,-1090.682081514219,-306.77460957486505
12923,-1093.7691406168408,-295.57931431393826
12924,-1096.7412889714956,-284.35296566264765
12925,-1099.5982143260107,-273.0967430546338
12926,-1102.339616533475,-261.8118290620797
12927,-1104.9652075837707,-250.49940927146923
12928,-1107.4747116338342,-239.16067215902373
12929,-1109.8678650366335,-227.79680896585288
12930,-1112.144416368868,-216.40901357279563
12931,-1114.304126457382,-204.998482374995
12932,-1116.3467684042937,-193.56641415620243
12933,-1118.2721276108318,-182.11400996283618
12934,-1120.0800017998804,-170.64247297780304
12935,-1121.770201037232,-159.15300839408692
12936,-1123.3425477515407,-147.64682328813572
12937,-1124.7968767529776,-136.12512649304458
12938,-1126.1330352505859,-124.5891284715597
12939,-1127.3508828683334,-113.04004118890482
12940,-1128.4502916598594,-101.47907798545579
12941,-1129.4311461219181,-89.90745344925976
12942,-1130.2933432065113,-78.32638328844331
12943,-1131.036792331716,-66.73708420348483
12944,-1131.6614153912012,-55.14077375938264
12945,-1132.1671467624324,-43.538670257750425
12946,-1132.5539333135666,-31.931992608816063
12947,-1132.8217344090347,-20.321960203361705
12948,-1132.9705219138093,-8.709792784622275
12949,-1133.0002801963622,2.903289679867082
12950,-1132.9110061303054,14.516067126437036
12951,-1132.7027090947206,26.127319523460248
12952,-1132.3754109731726,37.73582699953321
12953,-1131.929146151411,49.34036997163221
12954,-1131.363961513758,60.93972927324
12955,-1130.679916438182,72.53268628243273
12956,-1129.8770827900596,84.11802304990967
12957,-1128.9555449146253,95.69452242694823
12958,-1127.9153996281111,107.2609681932739
12959,-1126.7567562075742,118.81614518484167
12960,-1125.4797363794164,130.3588394214974
12961,-1124.0844743065961,141.88783823451496
12962,-1122.5711165745327,153.40193039400535
12963,-1120.939822175707,164.89990623616094
12964,-1119.1907624929574,176.38055779034408
12965,-1117.3241212814735,187.8426789060025
12966,-1115.3400946494921,199.28506537937528
12967,-1113.238891037695,210.7065150800113
12968,-1111.0207311973072,222.10582807707053
12969,-1108.6858481669078,233.4818067653763
12970,-1106.2344872479466,244.8332559912417
12971,-1103.6669059789715,256.15898317803385
12972,-1100.9833741085738,267.45779845145825
12973,-1098.1841735670457,278.72851476457345
12974,-1095.269598436764,289.9699480224982
12975,-1092.2399549212917,301.1809172068091
12976,-1089.0955613132098,312.3602444996235
12977,-1085.8367479606763,323.5067554073373
12978,-1082.4638572327217,334.619278884015
12979,-1078.9772434832787,345.6966474544204
12980,-1075.377273013954,356.7376973366735
12981,-1071.6643240355452,367.7412685645143
12982,-1067.838786628307,378.70620510916564
12983,-1063.9010627009677,389.6313550007905
12984,-1059.851565948506,400.51557044951426
12985,-1055.6907218086897,411.3577079660083
12986,-1051.4189674173767,422.1566284816308
12987,-1047.036751562592,432.9111974680898
12988,-1042.5445346373779,443.6202850566386
12989,-1037.9427885914233,454.2827661567848
12990,-1033.2319968814845,464.89752057448123
12991,-1028.4126544205917,475.46343312981793
12992,-1023.4852675260513,485.9793937741882
12993,-1018.4503538662573,496.4442977068985
12994,-1013.3084424063022,506.8570454912451
12995,-1008.0600733524054,517.2165431700184
12996,-1002.705798095158,527.5217023804353
12997,-997.2461791515954,537.7714404684805
12998,-991.6817901061,547.9646806026471
12999,-986.0132155501396,558.1003518870725
13000,-980.2410510208499,568.1773894740444
13001,-974.3659029384706,578.1947346758694
13002,-968.3883885426318,588.1513350761052
13003,-962.3091358275099,598.0461446401199
13004,-956.1287834758507,607.8781238249903
13005,-949.847980791865,617.6462396887213
13006,-943.4673876330207,627.3494659987557
13007,-936.9876743407146,636.9867833397951
13008,-930.4095216698439,646.5571792209042
13009,-923.7336207172924,656.0596481818719
13010,-916.960672849321,665.4931918988509
13011,-910.0913896278812,674.8568192892419
13012,-903.1264927358629,684.149546615811
13013,-896.0667139012705,693.3703975900462
13014,-888.9127948203505,702.5184034747231
13015,-881.6654870796699,711.5926031856773
13016,-874.3255520771523,720.5920433927806
13017,-866.8937609420875,729.5157786200946
13018,-859.3708944541181,738.3628713452006
13019,-851.7577429612103,747.1323920976959
13020,-844.0551062966186,755.8234195568459
13021,-836.2637936948582,764.4350406483757
13022,-828.3846237066878,772.9663506403947
13023,-820.4184241131098,781.4164532384518
13024,-812.3660318384071,789.7844606796974
13025,-804.2282928622164,798.0694938261488
13026,-796.006062130647,806.2706822570574
13027,-787.7002034664645,814.3871643603494
13028,-779.3115894783373,822.4180874231474
13029,-770.8411014691552,830.3626077213617
13030,-762.2896293434495,838.2198906083215
13031,-753.6580715138957,845.9891106024687
13032,-744.9473348069218,853.6694514740844
13033,-736.1583343674473,861.2601063310352
13034,-727.2919935627327,868.7602777035482
13035,-718.3492438853702,876.169177627995
13036,-709.3310248554266,883.4860277296694
13037,-700.2382839217324,890.7100593045682
13038,-691.071976362346,897.840513400148
13039,-681.8330651841949,904.8766408950592
13040,-672.5225210218979,911.8177025778515
13041,-663.1413220357936,918.6629692246336
13042,-653.6904538091766,925.4117216756838
13043,-644.1709092447503,932.0632509110054
13044,-634.5836884603165,938.6168581248156
13045,-624.9297986836953,945.0718547989652
13046,-615.2102541469177,951.4275627752675
13047,-605.4260759796654,957.6833143267479
13048,-595.5782921019867,963.8384522277998
13049,-585.6679371163145,969.8923298232237
13050,-575.6960521987618,975.8443110961712
13051,-565.6636849897425,981.6937707349608
13052,-555.571889483906,987.4400941987735
13053,-545.4217259193986,993.08267778222
13054,-535.214260666486,998.620928678759
13055,-524.9505661155157,1004.0542650429805
13056,-514.6317205642476,1009.3821160517371
13057,-504.2588081045784,1014.6039219641082
13058,-493.83291850864117,1019.7191341802104
13059,-483.35514711431676,1024.7272152988314
13060,-472.82659471015575,1029.6276391738902
13061,-462.2483674197319,1034.419890969713
13062,-451.6215765854365,1039.1034672151204
13063,-440.9473386517155,1043.6778758563246
13064,-430.2267750477795,1048.1426363086216
13065,-419.4610120697897,1052.497279506882
13066,-408.65118076252367,1056.741347954832
13067,-397.79841680055443,1060.8743957731153
13068,-386.9038603689359,1064.895988746138
13069,-375.96865604340866,1068.8057043676897
13070,-364.993952670163,1072.6031318853265
13071,-353.9809032451363,1076.2878723435276
13072,-342.9306647928737,1079.8595386256113
13073,-331.844398244984,1083.3177554944
13074,-320.7232683181655,1086.6621596316468
13075,-309.56844339183993,1089.8923996762035
13076,-298.3810953854098,1093.0081362609353
13077,-287.1623996351307,1096.0090420483737
13078,-275.91353477063393,1098.8948017651073
13079,-264.6356825911029,1101.6651122349028
13080,-253.33002794110897,1104.3196824105587
13081,-241.99775858613455,1106.8582334044804
13082,-230.64006508778937,1109.280498517981
13083,-219.258140678729,1111.5862232693003
13084,-207.85318113729232,1113.7751654203412
13085,-196.42638466187574,1115.8470950021176
13086,-184.9789517450542,1117.8017943389164
13087,-173.5120850474522,1119.6390580711652
13088,-162.02698927139588,1121.358693177008
13089,-150.5248710343507,1122.9605189925835
13090,-139.006938742148,1124.4443672310058
13091,-127.47440246203756,1125.8100820000445
13092,-115.92847379555653,1127.0575198185022
13093,-104.37036575123236,1128.1865496312896
13094,-92.80129261715688,1129.197052823193
13095,-81.22246983340786,1130.0889232313364
13096,-69.63511386434952,1130.8620671563351
13097,-58.04044207084362,1131.5164033721392
13098,-46.43967258234713,1132.0518631345672
13099,-34.834024168934285,1132.468390188529
13100,-23.224716113260378,1132.7659407739352
13101,-11.612968082457545,1132.9444836302953
13102,5.808199801486467,1168.4366640542723
13103,17.42402533617939,1168.3211786286743
13104,29.03812872277179,1168.0902191917755
13105,40.649362051656084,1167.7438085710426
13106,52.256577696894134,1167.2819810048552
13107,63.85862842964589,1166.7047821391216
13108,75.4543675315586,1166.0122690227677
13109,87.04264890810573,1165.2045101020983
13110,98.62232720186402,1164.281585214032
13111,110.19225790571804,1163.24358557821
13112,121.75129747598014,1162.0906137879808
13113,133.29830344541588,1160.8227838002597
13114,144.83213453616247,1159.4402209242655
13115,156.3516507725299,1157.9430618091355
13116,167.85571359367347,1156.3314544304194
13117,179.34318596612624,1154.6055580754537
13118,190.81293249618074,1152.7655433276182
13119,202.26381954210837,1150.8115920494752
13120,213.69471532620608,1148.7438973647966
13121,225.10449004665793,1146.5626636394738
13122,236.49201598920274,1144.2681064613193
13123,247.8561676385939,1141.86045261876
13124,259.1958217898429,1139.3399400784203
13125,270.50985765923417,1136.7068179616024
13126,281.79715699510064,1133.9613465196637
13127,293.05660418834856,1131.1037971082956
13128,304.2870863827222,1128.1344521607007
13129,315.4874935847954,1125.0536051596805
13130,326.656718773681,1121.8615606086264
13131,337.79365801044565,1118.5586340014245
13132,348.8972105472206,1115.145151791272
13133,359.96627893599714,1111.621451358412
13134,370.9997691370954,1107.987880976788
13135,381.9965906272969,1104.2447997796194
13136,392.95565650762836,1100.3925777239092
13137,403.87588361078963,1096.4315955538743
13138,414.75619260820963,1092.3622447633168
13139,425.5955081167257,1088.184927556928
13140,436.39275880487156,1083.9000568105362
13141,447.14687749876487,1079.508056030299
13142,457.85680128758423,1075.0093593108445
13143,468.5214716286247,1070.4044112923668
13144,479.1398344519218,1065.6936671166793
13145,489.7108402644325,1060.8775923822286
13146,500.23344425376547,1055.956663098077
13147,510.70660639144734,1050.9313656368533
13148,521.1292915357162,1045.8021966866838
13149,531.5004695338332,1040.5696632020968
13150,541.8191153239001,1035.2342823539204
13151,552.0842090361732,1029.7965814781644
13152,562.2947360938659,1024.2570980238995
13153,572.4496873134265,1018.6163795001388
13154,582.5480590042827,1012.8749834217218
13155,592.5888530680453,1007.0334772542118
13156,602.5710770971571,1001.0924383578085
13157,612.4937444729792,995.0524539302837
13158,622.3558744633079,988.9141209489436
13159,632.1564923193064,982.6780461116251
13160,641.8946293718466,976.3448457767319
13161,651.5693231272509,969.9151459023137
13162,661.1796173624219,963.3895819842
13163,670.7245622193539,956.7687989931876
13164,680.2032142990132,950.0534513112939
13165,689.6146367545836,943.2442026670793
13166,698.9578993840594,936.3417260700462
13167,708.2320787221865,929.34670374412
13168,717.4362581317341,922.2598270602197
13169,726.5695278940934,915.0817964679247
13170,735.6309852991923,907.8133214262447
13171,744.6197347347161,900.4551203334964
13172,753.5348877746286,893.0079204563017
13173,762.3755632669813,885.4724578577041
13174,771.1408874210048,877.849477324419
13175,779.8299938934717,870.139732293221
13176,788.4420238743244,862.3439847764754
13177,796.9761261715569,854.463005286823
13178,805.4314572953455,846.4975727610249
13179,813.8071815414166,838.4484744829739
13180,822.1024710736466,830.3165060058813
13181,830.3165060058813,822.1024710736465
13182,838.4484744829739,813.8071815414166
13183,846.497572761025,805.4314572953452
13184,854.463005286823,796.9761261715568
13185,862.3439847764755,788.4420238743241
13186,870.1397322932211,779.8299938934715
13187,877.849477324419,771.1408874210048
13188,885.4724578577041,762.3755632669813
13189,893.0079204563017,753.5348877746285
13190,900.4551203334964,744.6197347347161
13191,907.8133214262447,735.6309852991923
13192,915.0817964679248,726.5695278940933
13193,922.2598270602198,717.436258131734
13194,929.3467037441201,708.2320787221864
13195,936.3417260700462,698.9578993840594
13196,943.2442026670794,689.6146367545836
13197,950.053451311294,680.2032142990132
13198,956.7687989931877,670.7245622193536
13199,963.3895819842,661.1796173624218
13200,969.9151459023138,651.5693231272508
13201,976.344845776732,641.8946293718465
13202,982.6780461116252,632.1564923193062
13203,988.9141209489436,622.3558744633078
13204,995.0524539302837,612.4937444729791
13205,1001.0924383578086,602.5710770971568
13206,1007.0334772542119,592.5888530680452
13207,1012.8749834217218,582.5480590042827
13208,1018.6163795001388,572.4496873134264
13209,1024.2570980238995,562.2947360938658
13210,1029.7965814781644,552.0842090361731
13211,1035.2342823539207,541.8191153238997
13212,1040.569663202097,531.500469533833
13213,1045.8021966866838,521.129291535716
13214,1050.9313656368536,510.706606391447
13215,1055.956663098077,500.2334442537657
13216,1060.8775923822286,489.7108402644326
13217,1065.6936671166793,479.13983445192184
13218,1070.4044112923668,468.5214716286248
13219,1075.0093593108443,457.8568012875843
13220,1079.508056030299,447.14687749876487
13221,1083.9000568105362,436.39275880487156
13222,1088.184927556928,425.5955081167257
13223,1092.3622447633168,414.7561926082095
13224,1096.4315955538743,403.87588361078946
13225,1100.392577723909,392.95565650762853
13226,1104.2447997796194,381.9965906272969
13227,1107.987880976788,370.9997691370954
13228,1111.621451358412,359.96627893599714
13229,1115.145151791272,348.89721054722054
13230,1118.5586340014245,337.79365801044577
13231,1121.8615606086264,326.6567187736811
13232,1125.0536051596805,315.48749358479546
13233,1128.1344521607007,304.28708638272224
13234,1131.1037971082956,293.05660418834856
13235,1133.9613465196637,281.79715699510064
13236,1136.7068179616024,270.5098576592344
13237,1139.3399400784203,259.1958217898431
13238,1141.86045261876,247.85616763859397
13239,1144.2681064613193,236.4920159892028
13240,1146.5626636394738,225.10449004665796
13241,1148.7438973647966,213.69471532620605
13242,1150.8115920494752,202.26381954210834
13243,1152.7655433276182,190.81293249618065
13244,1154.6055580754537,179.34318596612613
13245,1156.3314544304194,167.85571359367333
13246,1157.9430618091355,156.3516507725297
13247,1159.4402209242655,144.83213453616253
13248,1160.8227838002597,133.29830344541614
13249,1162.0906137879808,121.75129747598035
13250,1163.24358557821,110.1922579057182
13251,1164.281585214032,98.62232720186418
13252,1165.2045101020983,87.04264890810582
13253,1166.0122690227677,75.45436753155866
13254,1166.7047821391216,63.858628429645904
13255,1167.2819810048552,52.25657769689412
13256,1167.7438085710426,40.64936205165603
13257,1168.0902191917755,29.038128722771702
13258,1168.3211786286743,17.424025336179263
13259,1168.4366640542723,5.808199801486298
13260,1168.4366640542723,-5.808199801486414
13261,1168.3211786286743,-17.424025336179376
13262,1168.0902191917755,-29.038128722771557
13263,1167.7438085710426,-40.64936205165588
13264,1167.2819810048552,-52.25657769689397
13265,1166.7047821391216,-63.85862842964577
13266,1166.0122690227677,-75.45436753155852
13267,1165.2045101020983,-87.04264890810569
13268,1164.281585214032,-98.62232720186402
13269,1163.24358557821,-110.19225790571805
13270,1162.0906137879808,-121.75129747598022
13271,1160.8227838002597,-133.29830344541574
13272,1159.4402209242655,-144.83213453616236
13273,1157.9430618091355,-156.35165077252984
13274,1156.3314544304194,-167.85571359367344
13275,1154.6055580754537,-179.34318596612624
13276,1152.7655433276182,-190.8129324961808
13277,1150.8115920494752,-202.26381954210848
13278,1148.7438973647966,-213.69471532620614
13279,1146.5626636394738,-225.10449004665782
13280,1144.2681064613193,-236.49201598920266
13281,1141.86045261876,-247.85616763859386
13282,1139.3399400784203,-259.1958217898429
13283,1136.7068179616024,-270.50985765923406
13284,1133.961346519664,-281.79715699510047
13285,1131.1037971082956,-293.05660418834844
13286,1128.1344521607007,-304.28708638272207
13287,1125.0536051596805,-315.48749358479535
13288,1121.8615606086264,-326.656718773681
13289,1118.5586340014245,-337.7936580104456
13290,1115.145151791272,-348.89721054722065
13291,1111.621451358412,-359.9662789359972
13292,1107.9878809767877,-370.9997691370956
13293,1104.2447997796194,-381.996590627297
13294,1100.392577723909,-392.95565650762865
13295,1096.4315955538743,-403.8758836107894
13296,1092.3622447633168,-414.7561926082094
13297,1088.1849275569282,-425.59550811672557
13298,1083.9000568105362,-436.39275880487145
13299,1079.508056030299,-447.14687749876475
13300,1075.0093593108445,-457.8568012875841
13301,1070.4044112923668,-468.5214716286246
13302,1065.6936671166793,-479.13983445192173
13303,1060.8775923822286,-489.7108402644325
13304,1055.956663098077,-500.2334442537655
13305,1050.9313656368533,-510.7066063914474
13306,1045.8021966866838,-521.1292915357159
13307,1040.569663202097,-531.5004695338329
13308,1035.2342823539207,-541.8191153238997
13309,1029.7965814781644,-552.084209036173
13310,1024.2570980238997,-562.2947360938657
13311,1018.6163795001388,-572.4496873134262
13312,1012.8749834217219,-582.5480590042825
13313,1007.0334772542118,-592.5888530680453
13314,1001.0924383578085,-602.571077097157
13315,995.0524539302837,-612.4937444729792
13316,988.9141209489436,-622.3558744633079
13317,982.6780461116251,-632.1564923193064
13318,976.3448457767321,-641.8946293718462
13319,969.9151459023141,-651.5693231272505
13320,963.3895819842004,-661.1796173624216
13321,956.7687989931877,-670.7245622193536
13322,950.053451311294,-680.2032142990131
13323,943.2442026670794,-689.6146367545834
13324,936.3417260700464,-698.9578993840593
13325,929.3467037441201,-708.2320787221864
13326,922.2598270602198,-717.436258131734
13327,915.0817964679248,-726.5695278940934
13328,907.8133214262447,-735.6309852991923
13329,900.4551203334964,-744.6197347347162
13330,893.0079204563016,-753.5348877746286
13331,885.4724578577041,-762.3755632669814
13332,877.849477324419,-771.140887421005
13333,870.1397322932208,-779.829993893472
13334,862.3439847764753,-788.4420238743245
13335,854.4630052868232,-796.9761261715566
13336,846.4975727610251,-805.4314572953451
13337,838.448474482974,-813.8071815414165
13338,830.3165060058814,-822.1024710736465
13339,822.1024710736466,-830.3165060058813
13340,813.8071815414166,-838.4484744829739
13341,805.4314572953452,-846.497572761025
13342,796.9761261715568,-854.463005286823
13343,788.4420238743243,-862.3439847764754
13344,779.8299938934716,-870.1397322932211
13345,771.1408874210047,-877.8494773244191
13346,762.3755632669812,-885.4724578577042
13347,753.5348877746284,-893.0079204563019
13348,744.6197347347163,-900.4551203334963
13349,735.630985299192,-907.8133214262448
13350,726.5695278940935,-915.0817964679247
13351,717.4362581317337,-922.25982706022
13352,708.2320787221865,-929.34670374412
13353,698.9578993840594,-936.3417260700462
13354,689.6146367545836,-943.2442026670793
13355,680.2032142990132,-950.0534513112939
13356,670.7245622193537,-956.7687989931877
13357,661.1796173624218,-963.3895819842003
13358,651.5693231272506,-969.915145902314
13359,641.8946293718468,-976.3448457767317
13360,632.1564923193062,-982.6780461116252
13361,622.3558744633082,-988.9141209489435
13362,612.493744472979,-995.0524539302838
13363,602.5710770971572,-1001.0924383578084
13364,592.5888530680451,-1007.033477254212
13365,582.5480590042828,-1012.8749834217218
13366,572.449687313426,-1018.6163795001391
13367,562.2947360938659,-1024.2570980238995
13368,552.0842090361726,-1029.7965814781646
13369,541.8191153239,-1035.2342823539204
13370,531.5004695338337,-1040.5696632020968
13371,521.129291535716,-1045.8021966866838
13372,510.7066063914476,-1050.9313656368533
13373,500.2334442537653,-1055.956663098077
13374,489.71084026443265,-1060.8775923822286
13375,479.1398344519214,-1065.6936671166793
13376,468.52147162862485,-1070.4044112923668
13377,457.85680128758383,-1075.0093593108445
13378,447.146877498765,-1079.508056030299
13379,436.39275880487116,-1083.9000568105364
13380,425.59550811672574,-1088.184927556928
13381,414.75619260820906,-1092.362244763317
13382,403.8758836107895,-1096.4315955538743
13383,392.9556565076288,-1100.392577723909
13384,381.9965906272967,-1104.2447997796196
13385,370.99976913709577,-1107.9878809767877
13386,359.9662789359969,-1111.621451358412
13387,348.8972105472208,-1115.145151791272
13388,337.7936580104453,-1118.5586340014245
13389,326.6567187736812,-1121.8615606086264
13390,315.4874935847951,-1125.0536051596805
13391,304.2870863827223,-1128.1344521607007
13392,293.0566041883481,-1131.1037971082956
13393,281.7971569951007,-1133.9613465196637
13394,270.5098576592343,-1136.7068179616024
13395,259.1958217898429,-1139.3399400784203
13396,247.8561676385938,-1141.86045261876
13397,236.4920159892026,-1144.2681064613193
13398,225.1044900466578,-1146.5626636394738
13399,213.69471532620585,-1148.7438973647966
13400,202.2638195421087,-1150.8115920494752
13401,190.81293249618048,-1152.7655433276182
13402,179.34318596612647,-1154.6055580754537
13403,167.85571359367313,-1156.3314544304194
13404,156.35165077253004,-1157.9430618091355
13405,144.83213453616256,-1159.4402209242655
13406,133.29830344541597,-1160.8227838002597
13407,121.75129747598017,-1162.0906137879808
13408,110.19225790571801,-1163.24358557821
13409,98.62232720186398,-1164.281585214032
13410,87.04264890810563,-1165.2045101020983
13411,75.45436753155847,-1166.0122690227677
13412,63.85862842964572,-1166.7047821391216
13413,52.25657769689393,-1167.2819810048552
13414,40.64936205165584,-1167.7438085710426
13415,29.038128722771514,-1168.0902191917755
13416,17.424025336179074,-1168.3211786286743
13417,5.808199801486629,-1168.4366640542723
13418,-5.808199801486343,-1168.4366640542723
13419,-17.424025336179305,-1168.3211786286743
13420,-29.03812872277175,-1168.0902191917755
13421,-40.64936205165606,-1167.7438085710426
13422,-52.256577696894155,-1167.2819810048552
13423,-63.858628429645954,-1166.7047821391216
13424,-75.45436753155872,-1166.0122690227677
13425,-87.04264890810586,-1165.2045101020983
13426,-98.62232720186422,-1164.281585214032
13427,-110.19225790571824,-1163.24358557821
13428,-121.7512974759804,-1162.0906137879808
13429,-133.29830344541566,-1160.8227838002597
13430,-144.83213453616278,-1159.4402209242655
13431,-156.35165077252978,-1157.9430618091355
13432,-167.8557135936739,-1156.3314544304194
13433,-179.34318596612619,-1154.6055580754537
13434,-190.8129324961807,-1152.7655433276182
13435,-202.2638195421084,-1150.8115920494752
13436,-213.69471532620608,-1148.7438973647966
13437,-225.104490046658,-1146.5626636394738
13438,-236.49201598920283,-1144.2681064613193
13439,-247.85616763859403,-1141.86045261876
13440,-259.19582178984257,-1139.3399400784203
13441,-270.5098576592345,-1136.7068179616024
13442,-281.7971569951004,-1133.961346519664
13443,-293.05660418834884,-1131.1037971082953
13444,-304.28708638272195,-1128.134452160701
13445,-315.4874935847958,-1125.0536051596803
13446,-326.65671877368095,-1121.8615606086264
13447,-337.79365801044605,-1118.5586340014243
13448,-348.8972105472206,-1115.145151791272
13449,-359.96627893599765,-1111.6214513584118
13450,-370.9997691370955,-1107.9878809767877
13451,-381.99659062729694,-1104.2447997796194
13452,-392.9556565076286,-1100.392577723909
13453,-403.8758836107893,-1096.4315955538743
13454,-414.7561926082098,-1092.3622447633168
13455,-425.59550811672545,-1088.1849275569282
13456,-436.3927588048718,-1083.9000568105362
13457,-447.1468774987647,-1079.508056030299
13458,-457.8568012875845,-1075.0093593108443
13459,-468.5214716286246,-1070.4044112923668
13460,-479.1398344519221,-1065.693667116679
13461,-489.71084026443236,-1060.8775923822286
13462,-500.2334442537659,-1055.9566630980767
13463,-510.70660639144734,-1050.9313656368533
13464,-521.1292915357158,-1045.8021966866838
13465,-531.5004695338333,-1040.5696632020968
13466,-541.8191153238997,-1035.2342823539207
13467,-552.0842090361733,-1029.7965814781642
13468,-562.2947360938657,-1024.2570980238997
13469,-572.4496873134266,-1018.6163795001387
13470,-582.5480590042824,-1012.8749834217219
13471,-592.5888530680456,-1007.0334772542117
13472,-602.571077097157,-1001.0924383578085
13473,-612.4937444729796,-995.0524539302835
13474,-622.3558744633079,-988.9141209489436
13475,-632.1564923193064,-982.6780461116251
13476,-641.8946293718466,-976.3448457767319
13477,-651.5693231272509,-969.9151459023137
13478,-661.1796173624219,-963.3895819842
13479,-670.7245622193534,-956.7687989931879
13480,-680.2032142990136,-950.0534513112938
13481,-689.6146367545833,-943.2442026670795
13482,-698.9578993840597,-936.3417260700461
13483,-708.2320787221863,-929.3467037441201
13484,-717.4362581317343,-922.2598270602195
13485,-726.5695278940934,-915.0817964679248
13486,-735.6309852991926,-907.8133214262443
13487,-744.6197347347161,-900.4551203334964
13488,-753.5348877746286,-893.0079204563017
13489,-762.3755632669813,-885.4724578577041
13490,-771.1408874210048,-877.849477324419
13491,-779.8299938934717,-870.1397322932208
13492,-788.4420238743244,-862.3439847764753
13493,-796.9761261715569,-854.4630052868229
13494,-805.4314572953456,-846.4975727610247
13495,-813.8071815414169,-838.4484744829738
13496,-822.1024710736463,-830.3165060058814
13497,-830.3165060058817,-822.1024710736461
13498,-838.4484744829739,-813.8071815414168
13499,-846.497572761025,-805.4314572953455
13500,-854.463005286823,-796.9761261715569
13501,-862.3439847764754,-788.4420238743243
13502,-870.1397322932211,-779.8299938934716
13503,-877.8494773244191,-771.1408874210047
13504,-885.4724578577042,-762.3755632669812
13505,-893.0079204563019,-753.5348877746285
13506,-900.4551203334966,-744.619734734716
13507,-907.8133214262448,-735.6309852991922
13508,-915.0817964679251,-726.5695278940933
13509,-922.25982706022,-717.4362581317339
13510,-929.3467037441202,-708.2320787221861
13511,-936.3417260700465,-698.957899384059
13512,-943.2442026670791,-689.614636754584
13513,-950.0534513112941,-680.2032142990129
13514,-956.7687989931874,-670.7245622193542
13515,-963.3895819842005,-661.1796173624215
13516,-969.9151459023136,-651.5693231272512
13517,-976.3448457767322,-641.8946293718461
13518,-982.678046111625,-632.1564923193066
13519,-988.914120948944,-622.3558744633073
13520,-995.0524539302835,-612.4937444729795
13521,-1001.0924383578084,-602.5710770971572
13522,-1007.0334772542117,-592.5888530680455
13523,-1012.8749834217218,-582.5480590042828
13524,-1018.6163795001387,-572.4496873134265
13525,-1024.2570980238995,-562.294736093866
13526,-1029.7965814781644,-552.0842090361732
13527,-1035.2342823539204,-541.8191153239001
13528,-1040.5696632020968,-531.5004695338332
13529,-1045.8021966866838,-521.1292915357161
13530,-1050.9313656368536,-510.70660639144717
13531,-1055.956663098077,-500.2334442537653
13532,-1060.8775923822288,-489.71084026443225
13533,-1065.6936671166793,-479.13983445192144
13534,-1070.4044112923668,-468.52147162862445
13535,-1075.0093593108445,-457.8568012875839
13536,-1079.508056030299,-447.1468774987645
13537,-1083.9000568105364,-436.3927588048712
13538,-1088.1849275569282,-425.5955081167253
13539,-1092.3622447633168,-414.7561926082091
13540,-1096.4315955538743,-403.8758836107892
13541,-1100.3925777239092,-392.9556565076279
13542,-1104.2447997796196,-381.9965906272963
13543,-1107.987880976788,-370.99976913709486
13544,-1111.6214513584123,-359.96627893599646
13545,-1115.145151791272,-348.8972105472209
13546,-1118.5586340014245,-337.7936580104459
13547,-1121.8615606086264,-326.6567187736813
13548,-1125.0536051596805,-315.48749358479563
13549,-1128.1344521607007,-304.28708638272235
13550,-1131.1037971082953,-293.0566041883487
13551,-1133.961346519664,-281.7971569950997
13552,-1136.7068179616024,-270.50985765923434
13553,-1139.3399400784203,-259.19582178984297
13554,-1141.86045261876,-247.8561676385939
13555,-1144.2681064613196,-236.49201598920166
13556,-1146.5626636394738,-225.10449004665787
13557,-1148.7438973647966,-213.6947153262059
13558,-1150.8115920494752,-202.26381954210825
13559,-1152.765543327618,-190.81293249618156
13560,-1154.6055580754537,-179.34318596612601
13561,-1156.3314544304194,-167.85571359367322
13562,-1157.9430618091355,-156.3516507725296
13563,-1159.4402209242653,-144.83213453616315
13564,-1160.8227838002597,-133.2983034454155
13565,-1162.0906137879808,-121.75129747597973
13566,-1163.24358557821,-110.19225790571758
13567,-1164.2815852140318,-98.62232720186456
13568,-1165.2045101020983,-87.04264890810622
13569,-1166.0122690227677,-75.45436753155803
13570,-1166.7047821391216,-63.85862842964527
13571,-1167.2819810048552,-52.25657769689452
13572,-1167.7438085710426,-40.649362051656425
13573,-1168.0902191917755,-29.038128722771066
13574,-1168.3211786286743,-17.424025336178627
13575,-1168.4366640542723,-5.808199801486701
13576,-1168.4366640542723,5.808199801486271
13577,-1168.3211786286743,17.42402533618027
13578,-1168.0902191917755,29.03812872277271
13579,-1167.7438085710426,40.64936205165599
13580,-1167.2819810048552,52.256577696894084
13581,-1166.7047821391216,63.85862842964588
13582,-1166.0122690227677,75.45436753155863
13583,-1165.2045101020983,87.0426489081058
13584,-1164.281585214032,98.62232720186414
13585,-1163.24358557821,110.19225790571817
13586,-1162.0906137879808,121.75129747598032
13587,-1160.8227838002597,133.29830344541614
13588,-1159.4402209242655,144.83213453616273
13589,-1157.9430618091355,156.35165077253018
13590,-1156.3314544304194,167.8557135936738
13591,-1154.6055580754537,179.3431859661266
13592,-1152.765543327618,190.81293249618113
13593,-1150.8115920494754,202.26381954210783
13594,-1148.7438973647968,213.69471532620548
13595,-1146.5626636394734,225.10449004665844
13596,-1144.2681064613191,236.49201598920328
13597,-1141.8604526187603,247.85616763859346
13598,-1139.3399400784203,259.1958217898425
13599,-1136.7068179616022,270.5098576592349
13600,-1133.9613465196637,281.7971569951013
13601,-1131.1037971082956,293.05660418834833
13602,-1128.134452160701,304.2870863827219
13603,-1125.0536051596805,315.48749358479523
13604,-1121.8615606086262,326.65671877368186
13605,-1118.5586340014245,337.7936580104454
13606,-1115.145151791272,348.89721054722054
13607,-1111.621451358412,359.9662789359971
13608,-1107.9878809767874,370.9997691370964
13609,-1104.2447997796194,381.9965906272969
13610,-1100.392577723909,392.95565650762853
13611,-1096.431595553874,403.8758836107897
13612,-1092.3622447633163,414.7561926082107
13613,-1088.184927556928,425.5955081167259
13614,-1083.9000568105362,436.39275880487173
13615,-1079.5080560302988,447.1468774987651
13616,-1075.0093593108447,457.8568012875835
13617,-1070.4044112923666,468.521471628625
13618,-1065.693667116679,479.139834451922
13619,-1060.8775923822284,489.7108402644328
13620,-1055.9566630980771,500.23344425376496
13621,-1050.9313656368533,510.70660639144774
13622,-1045.8021966866836,521.1292915357167
13623,-1040.5696632020965,531.5004695338338
13624,-1035.2342823539207,541.8191153238996
13625,-1029.796581478164,552.0842090361737
13626,-1024.2570980238993,562.2947360938665
13627,-1018.616379500139,572.4496873134261
13628,-1012.8749834217219,582.5480590042824
13629,-1007.0334772542119,592.5888530680452
13630,-1001.0924383578081,602.5710770971577
13631,-995.0524539302837,612.4937444729791
13632,-988.9141209489436,622.3558744633078
13633,-982.6780461116252,632.1564923193063
13634,-976.3448457767313,641.8946293718474
13635,-969.9151459023138,651.5693231272508
13636,-963.3895819842,661.1796173624219
13637,-956.7687989931876,670.7245622193539
13638,-950.0534513112945,680.2032142990125
13639,-943.2442026670792,689.6146367545837
13640,-936.3417260700461,698.9578993840596
13641,-929.3467037441198,708.2320787221867
13642,-922.2598270602202,717.4362581317334
13643,-915.0817964679246,726.5695278940937
13644,-907.8133214262443,735.6309852991925
13645,-900.4551203334962,744.6197347347163
13646,-893.0079204563021,753.5348877746281
13647,-885.4724578577038,762.3755632669817
13648,-877.8494773244188,771.1408874210053
13649,-870.1397322932206,779.8299938934722
13650,-862.3439847764756,788.442023874324
13651,-854.4630052868232,796.9761261715564
13652,-846.4975727610245,805.4314572953458
13653,-838.4484744829734,813.8071815414171
13654,-830.3165060058816,822.1024710736463
13655,-822.1024710736466,830.3165060058811
13656,-813.807181541416,838.4484744829746
13657,-805.4314572953448,846.4975727610256
13658,-796.9761261715569,854.463005286823
13659,-788.4420238743244,862.3439847764753
13660,-779.829993893471,870.1397322932218
13661,-771.1408874210048,877.849477324419
13662,-762.3755632669813,885.4724578577042
13663,-753.5348877746285,893.0079204563017
13664,-744.6197347347161,900.4551203334966
13665,-735.6309852991922,907.8133214262447
13666,-726.5695278940933,915.0817964679251
13667,-717.4362581317339,922.25982706022
13668,-708.2320787221863,929.3467037441202
13669,-698.9578993840591,936.3417260700465
13670,-689.6146367545833,943.2442026670795
13671,-680.203214299013,950.0534513112941
13672,-670.7245622193542,956.7687989931874
13673,-661.1796173624224,963.3895819841998
13674,-651.5693231272504,969.9151459023141
13675,-641.8946293718461,976.3448457767321
13676,-632.1564923193066,982.6780461116249
13677,-622.3558744633084,988.9141209489434
13678,-612.4937444729786,995.0524539302841
13679,-602.5710770971563,1001.0924383578089
13680,-592.5888530680456,1007.0334772542117
13681,-582.5480590042829,1012.8749834217217
13682,-572.4496873134257,1018.6163795001393
13683,-562.2947360938651,1024.2570980239
13684,-552.0842090361732,1029.7965814781644
13685,-541.8191153239001,1035.2342823539204
13686,-531.5004695338332,1040.5696632020968
13687,-521.1292915357153,1045.802196686684
13688,-510.7066063914472,1050.9313656368536
13689,-500.2334442537654,1055.956663098077
13690,-489.7108402644323,1060.8775923822286
13691,-479.1398344519206,1065.6936671166798
13692,-468.5214716286245,1070.4044112923668
13693,-457.85680128758395,1075.0093593108445
13694,-447.1468774987646,1079.508056030299
13695,-436.39275880487133,1083.9000568105364
13696,-425.5955081167254,1088.1849275569282
13697,-414.75619260820923,1092.3622447633168
13698,-403.87588361078923,1096.4315955538743
13699,-392.955656507629,1100.392577723909
13700,-381.99659062729637,1104.2447997796196
13701,-370.9997691370949,1107.987880976788
13702,-359.96627893599657,1111.6214513584123
13703,-348.897210547221,1115.145151791272
13704,-337.7936580104449,1118.5586340014247
13705,-326.6567187736803,1121.8615606086266
13706,-315.4874935847957,1125.0536051596803
13707,-304.2870863827224,1128.1344521607007
13708,-293.0566041883488,1131.1037971082953
13709,-281.7971569950998,1133.961346519664
13710,-270.5098576592344,1136.7068179616024
13711,-259.195821789843,1139.3399400784203
13712,-247.85616763859394,1141.86045261876
13713,-236.49201598920172,1144.2681064613196
13714,-225.10449004665793,1146.5626636394738
13715,-213.69471532620597,1148.7438973647966
13716,-202.2638195421083,1150.8115920494752
13717,-190.81293249617957,1152.7655433276182
13718,-179.34318596612607,1154.6055580754537
13719,-167.85571359367327,1156.3314544304194
13720,-156.35165077252967,1157.9430618091355
13721,-144.8321345361632,1159.4402209242653
13722,-133.29830344541557,1160.8227838002597
13723,-121.7512974759798,1162.0906137879808
13724,-110.19225790571764,1163.24358557821
13725,-98.62232720186465,1164.2815852140318
13726,-87.04264890810526,1165.2045101020983
13727,-75.45436753155809,1166.0122690227677
13728,-63.85862842964534,1166.7047821391216
13729,-52.25657769689459,1167.2819810048552
13730,-40.64936205165546,1167.7438085710426
13731,-29.03812872277114,1168.0902191917755
13732,-17.424025336178698,1168.3211786286743
13733,-5.808199801486772,1168.4366640542723
13734,0.0,1204.4793000000002
13735,11.624960283250315,1204.4231998873584
13736,23.248837672703537,1204.2549047752966
13737,34.87054937543681,1203.9744303409213
13738,46.489012800266345,1203.581802711119
13739,58.10314565859349,1203.0770584601248
13740,69.71186606522252,1202.4602446061137
13741,81.31409263914105,1201.7314186068215
13742,92.90874460425322,1200.890648354192
13743,104.49474189005673,1199.938012168054
13744,116.07100523225401,1198.8735987888233
13745,127.63645627328843,1197.6975073692386
13746,139.19001766279604,1196.409847465124
13747,150.7306131579632,1195.0107390251835
13748,162.2571677237815,1193.5003123798283
13749,173.76860763318973,1191.8787082290348
13750,185.26386056709433,1190.1460776292408
13751,196.74185571425858,1188.3025819792704
13752,208.2015238710512,1186.3483930053021
13753,219.6417975410454,1184.2836927448714
13754,231.06161103445893,1182.1086735299132
13755,242.45990056742525,1179.8235379688458
13756,253.83560436108843,1177.4284989276978
13757,265.18766274050955,1174.9237795102779
13758,276.51501823337884,1172.309613037394
13759,287.8166156685213,1169.5862430251175
13760,299.09140227418874,1166.7539231620992
13761,310.33832777612815,1163.8129172859385
13762,321.55634449541697,1160.7634993586055
13763,332.74440744605755,1157.6059534409205
13764,343.9014744323197,1154.340573666094
13765,355.02650614582393,1150.9676642123268
13766,366.1184662623556,1147.4875392744755
13767,377.1763215384012,1143.9005230347834
13768,388.1990419073976,1140.2069496326835
13769,399.1856005756847,1136.4071631336722
13770,410.13497411815473,1132.5015174972575
13771,421.04614257358594,1128.490376543989
13772,431.9180895396553,1124.3741139215651
13773,442.749802267618,1120.1531130700284
13774,453.5402717566486,1115.8277671860455
13775,464.2884928478308,1111.398479186282
13776,474.99346431779145,1106.8656616698674
13777,485.6541889719664,1102.2297368799627
13778,496.2696737374918,1097.491136664426
13779,506.83892975571126,1092.6503024355852
13780,517.3609724742905,1087.707685129119
13781,527.8348217389312,1082.6637451620525
13782,538.2595018846737,1077.5189523898657
13783,548.6340418267843,1072.273786062728
13784,558.9574751512125,1066.9287347808531
13785,569.228840204616,1061.4842964489858
13786,579.4471801839405,1055.9409782300195
13787,589.6115432255486,1050.2992964977543
13788,599.7209824938883,1044.5597767887941
13789,609.7745562696924,1038.7229537535936
13790,619.7713280377028,1032.7893711066513
13791,629.7103665739093,1026.7595815758639
13792,639.5907460322939,1020.634146851037
13793,649.4115460310777,1014.4136375315622
13794,659.1718517384556,1008.0986330732652
13795,668.8707539578153,1001.6897217344273
13796,678.5073492124311,995.1875005209876
13797,688.0807398296251,988.5925751309314
13798,697.5900340243878,981.9055598978671
13799,707.0343459824502,975.1270777337994
13800,716.412795942799,968.2577600711041
13801,725.7245102796292,961.298246803708
13802,734.9686215837235,954.2491862274823
13803,744.1442687432548,947.1112349798502
13804,753.2505970240003,939.8850579786221
13805,762.2867581489622,932.5713283600542
13806,771.2519103773865,925.1707274161467
13807,780.1452185831739,917.6839445311781
13808,788.965854332673,910.1116771174876
13809,797.712995961852,902.4546305505095
13810,806.3858286528379,894.7135181030666
13811,814.9835445098186,886.8890608789259
13812,823.5053426343013,878.9819877456264
13813,831.9504291997177,870.9930352665834
13814,840.3180175253713,862.9229476324757
13815,848.607328149717,854.7724765919227
13816,856.8175889029724,846.5423813814565
13817,864.9480349790457,838.2334286547978
13818,872.9979090067795,829.8463924114399
13819,880.9664611205021,821.3820539245481
13820,888.852949029879,812.8412016681842
13821,896.6566380890595,804.2246312438557
13822,904.3768013651104,795.5331453064052
13823,912.0127197057319,786.7675534892403
13824,919.5636818062479,777.9286723289148
13825,927.0289842758666,769.017325189066
13826,934.4079317032022,760.0343421837163
13827,941.6998367210549,750.9805600999463
13828,948.9040200704409,741.8568223199452
13829,956.019810663866,732.6639787424493
13830,963.0465456478405,723.4028857035701
13831,969.9835704646241,714.0744058970255
13832,976.8302389132016,704.6794082937771
13833,983.585913209476,695.2187680610843
13834,990.2499640456806,685.6933664809794
13835,996.8217706490012,676.1040908681744
13836,1003.3007208394015,666.4518344874053
13837,1009.68621108665,656.7374964702226
13838,1015.9776465665394,646.9619817312347
13839,1022.1744412162975,637.1262008838125
13840,1028.276017789179,627.2310701552648
13841,1034.2818079082374,617.2775113014877
13842,1040.1912521192723,607.2664515211019
13843,1046.003799942942,597.1988233690824
13844,1051.718909926043,587.0755646698867
13845,1057.3360496919481,576.8976184300959
13846,1062.854695990198,566.6659327505707
13847,1068.2743347452429,556.3814607381335
13848,1073.594461104331,546.0451604167843
13849,1078.814579484536,535.6579946384581
13850,1083.9342036189223,525.2209309933329
13851,1088.9528566018419,514.7349417196964
13852,1093.8700709333586,504.2010036133798
13853,1098.6853885627986,493.62009793676634
13854,1103.3983609314168,482.9932103273848
13855,1108.0085490141826,472.32133070609467
13856,1112.515523360676,461.60545318487243
13857,1116.9188641350916,450.84657597420795
13858,1121.2181611553474,440.04570129011825
13859,1125.4130139312942,429.2038352607893
13860,1129.5030317020232,418.32198783285196
13861,1133.4878334722648,407.4011726773031
13862,1137.3670480478802,396.4424070950803
13863,1141.1403140704392,385.44671192229623
13864,1144.8072800508812,374.4151114351472
13865,1148.367604402257,363.34863325449794
13866,1151.8209554715495,352.2483082501567
13867,1155.1670115705665,341.1151704448468
13868,1158.4054610059086,329.9502569178857
13869,1161.5360021080023,318.7546077085774
13870,1164.5583432592032,307.5292657193307
13871,1167.4722029209584,296.2752766185105
13872,1170.2773096600356,284.9936887430309
13873,1172.9734021738052,273.6855530007
13874,1175.5602293145828,262.35192277232557
13875,1178.037550113023,250.99385381358962
13876,1180.4051338005675,239.61240415670213
13877,1182.6627598309412,228.20863401184374
13878,1184.810217900697,216.78360566840288
13879,1186.8473079688047,205.33838339602207
13880,1188.7738402752877,193.8740333454582
13881,1190.5896353588967,182.39162344926805
13882,1192.2945240738306,170.8922233223279
13883,1193.888347605489,159.3769041621953
13884,1195.3709574852687,147.84673864932583
13885,1196.7422156043936,136.30280084714906
13886,1198.0019942267784,124.74616610201814
13887,1199.1501760009296,113.17791094303705
13888,1200.1866539708753,101.59911298178035
13889,1201.11133158613,90.01085081191069
13890,1201.924122710687,78.41420390870513
13891,1202.624951631043,66.81025252849943
13892,1203.2137530632513,55.20007760805939
13893,1203.6904721590024,43.58476066388901
13894,1204.0550645107337,31.965383691484213
13895,1204.3074961557656,20.343029064543437
13896,1204.447743579467,8.71877943414017
13897,1204.475793717443,-2.906282372127566
13898,1204.3916439567538,-14.531073451005556
13899,1204.195302136158,-26.154510924458513
13900,1203.8867865453815,-37.77551204054284
13901,1203.466125923415,-49.3929942742674
13902,1202.9333594558348,-61.00587542843443
13903,1202.2885367711556,-72.6130737344473
13904,1201.5317179362046,-84.21350795308132
13905,1200.6629734505277,-95.8060974752024
13906,1199.682384239822,-107.38976242243018
13907,1198.590041648398,-118.96342374773022
13908,1197.3860474306684,-130.52600333593023
13909,1196.0705137416726,-142.07642410414908
13910,1194.6435631266263,-153.61361010212988
13911,1193.105328509508,-165.13648661246725
13912,1191.4559531806763,-176.64398025071995
13913,1189.6955907835215,-188.13501906539966
13914,1187.8244053001542,-199.60853263782465
13915,1185.8425710361291,-211.0634521818338
13916,1183.7502726042092,-222.49871064334528
13917,1181.5477049071667,-233.9132427997558
13918,1179.2350731196293,-245.3059853591687
13919,1176.8125926689672,-256.67587705944203
13920,1174.2804892152249,-268.0218587670478
13921,1171.6389986300994,-279.34287357573345
13922,1168.8883669749719,-290.6378669049746
13923,1166.0288504779828,-301.9057865982113
13924,1163.0607155101645,-313.14558302086067
13925,1159.9842385606294,-324.3562091580915
13926,1156.7997062108127,-335.53662071235715
13927,1153.5074151077777,-346.6857762006738
13928,1150.107671936582,-357.8026370516377
13929,1146.600793391709,-368.8861677021703
13930,1142.9871061475674,-379.9353356939837
13931,1139.2669468280594,-390.9491117697567
13932,1135.440661975226,-401.92646996901215
13933,1131.5086080169622,-412.8663877236887
13934,1127.4711512338179,-423.76784595339484
13935,1123.3286677248761,-434.6298291603388
13936,1119.0815433727198,-445.4513255239249
13937,1114.7301738074848,-456.2313269950069
13938,1110.2749643700065,-466.96882938979076
13939,1105.7163300740606,-477.662832483376
13940,1101.0546955677046,-488.3123401029302
13941,1096.2904950937207,-498.91636022048357
13942,1091.424172449164,-509.4739050453401
13943,1086.456180944022,-519.9839911160927
13944,1081.3869833589893,-530.4456393922335
13945,1076.2170519023555,-540.8578753453562
13946,1070.946868166021,-551.219729049933
13947,1065.5769230806325,-561.5302352736692
13948,1060.1077168698541,-571.7884335674128
13949,1054.5397590037685,-581.9933683546266
13950,1048.87356815142,-592.1440890203996
13951,1043.1096721324982,-602.2396500000003
13952,1037.24860786817,-612.279110866959
13953,1031.2909213310652,-622.2615364206705
13954,1025.2371674944172,-632.1859967735085
13955,1019.0879102803661,-642.0515674374503
13956,1012.8437225074276,-651.8573294101919
13957,1006.5051858371332,-661.602369260758
13958,1000.0728907198484,-671.285779214588
13959,993.5474363397689,-680.9066572380998
13960,986.929430559107,-690.4641071227144
13961,980.2194898614667,-699.9572385683402
13962,973.4182392944161,-709.385167266309
13963,966.5263124112645,-718.7470149817481
13964,959.544351212043,-728.041909635393
13965,952.4730060837035,-737.2689853848213
13966,945.31293573953,-746.4273827051106
13967,938.0648071577818,-755.5162484689022
13968,930.7292955195592,-764.5347360258759
13969,923.3070841459111,-773.4820052816135
13970,915.7988644341804,-782.3572227758597
13971,908.2053357936007,-791.1595617601567
13972,900.527205580142,-799.8882022748625
13973,892.7651890306204,-808.5423312255277
13974,884.9200091960723,-817.1211424586404
13975,876.9923968743985,-825.6238368367207
13976,868.9830905422912,-834.0496223127606
13977,860.8928362864402,-842.3977140040082
13978,852.7223877340364,-850.6673342650782
13979,844.4725059825655,-858.8577127603945
13980,836.1439595289144,-866.9680865359461
13981,827.7375241977795,-874.9977000903607
13982,819.2539830694002,-882.9458054452795
13983,810.6941264066114,-890.8116622150338
13984,802.0587515812277,-898.5945376756152
13985,793.3486629997689,-906.2937068329281
13986,784.564672028524,-913.9084524903274
13987,775.7075969179743,-921.4380653154241
13988,766.7782627265678,-928.8818439061649
13989,757.7775012438666,-936.2390948561656
13990,748.7061509130583,-943.5091328193083
13991,739.5650567528589,-950.6912805735789
13992,730.3550702787954,-957.784869084152
13993,721.0770494238809,-964.7892375657185
13994,711.7318584587022,-971.7037335440326
13995,702.320367910906,-978.527712916696
13996,692.8434544841111,-985.260540013155
13997,683.302000976237,-991.9015876539169
13998,673.6968961972735,-998.4502372089711
13999,664.0290348864817,-1004.9058786554183
14000,654.2993176290503,-1011.2679106342936
14001,644.5086507722024,-1017.5357405065857
14002,634.6579463407654,-1023.7087844084433
14003,624.7481219522175,-1029.7864673055612
14004,614.7801007312048,-1035.768223046749
14005,604.7548112235546,-1041.653494416667
14006,594.6731873097743,-1047.4417331877341
14007,584.5361681180628,-1053.132400171195
14008,574.3446979368242,-1058.7249652673488
14009,564.0997261267081,-1064.2189075149263
14010,553.8022070321734,-1069.613715139622
14011,543.453099892587,-1074.908885601765
14012,533.0533687528716,-1080.1039256431325
14013,522.6039823736987,-1085.1983513328985
14014,512.1059141412504,-1090.191688112712
14015,501.5601419765414,-1095.0834708409043
14016,490.96764824432813,-1099.873243835818
14017,480.3294196615941,-1104.5605609182535
14018,469.64644720563916,-1109.1449854530342
14019,458.9197260217653,-1113.6260903896775
14020,448.1502553305753,-1118.0034583021784
14021,437.33903833489626,-1122.2766814278905
14022,426.4870821263248,-1126.445361705513
14023,415.59539759141796,-1130.5091108121692
14024,404.6649993175226,-1134.4675501995814
14025,393.69690549826805,-1138.3203111293315
14026,382.692137838715,-1142.067034707212
14027,371.6517214601843,-1145.7073719166565
14028,360.5766848047637,-1149.2409836512516
14029,349.4680595395033,-1152.6675407463267
14030,338.3268804603179,-1155.9867240096144
14031,327.1541853955872,-1159.1982242509864
14032,315.9510151094862,-1162.3017423112535
14033,304.7184132050299,-1165.2969890900342
14034,293.45742602686306,-1168.1836855726838
14035,282.16910256378696,-1170.9615628562867
14036,270.85449435104704,-1173.630362174705
14037,259.51465537237806,-1176.1898349226822
14038,248.15064196182144,-1178.639742679003
14039,236.76351270532888,-1180.9798572287013
14040,225.35432834214816,-1183.2099605843207
14041,213.9241516660169,-1185.3298450062182
14042,202.47404742615646,-1187.3393130219183
14043,191.00508222809216,-1189.238177444506
14044,179.5183244342921,-1191.0262613900647
14045,168.01484406465022,-1192.7033982941532
14046,156.49571269680987,-1194.2694319273219
14047,144.96200336634183,-1195.724216409665
14048,133.41479046679237,-1197.0676162244104
14049,121.85514964959653,-1198.2995062305438
14050,110.28415772388263,-1199.4197716744643
14051,98.70289255616073,-1200.4283082006762
14052,87.11243296992096,-1201.3250218615076
14053,75.51385864513409,-1202.1098291258636
14054,63.90825001768045,-1202.7826568870073
14055,52.2966881787031,-1203.3434424693683
14056,40.68025477389985,-1203.7921336343834
14057,29.060031902769026,-1204.1286885853608
14058,17.437102017805017,-1204.3530759713744
14059,5.812547823669358,-1204.4652748901847
14060,-5.8125478236701325,-1204.4652748901847
14061,-17.437102017805792,-1204.3530759713744
14062,-29.0600319027698,-1204.1286885853608
14063,-40.68025477390062,-1203.7921336343834
14064,-52.29668817870388,-1203.3434424693683
14065,-63.908250017681766,-1202.782656887007
14066,-75.51385864513487,-1202.1098291258636
14067,-87.11243296992174,-1201.3250218615074
14068,-98.70289255616098,-1200.4283082006762
14069,-110.2841577238834,-1199.4197716744643
14070,-121.85514964959678,-1198.2995062305438
14071,-133.41479046679262,-1197.0676162244104
14072,-144.96200336634206,-1195.724216409665
14073,-156.4957126968101,-1194.2694319273219
14074,-168.014844064651,-1192.7033982941532
14075,-179.51832443429234,-1191.0262613900647
14076,-191.0050822280924,-1189.238177444506
14077,-202.47404742615672,-1187.3393130219183
14078,-213.92415166601714,-1185.3298450062182
14079,-225.3543283421484,-1183.2099605843207
14080,-236.76351270532913,-1180.9798572287013
14081,-248.15064196182166,-1178.639742679003
14082,-259.5146553723783,-1176.1898349226822
14083,-270.85449435104783,-1173.6303621747047
14084,-282.1691025637872,-1170.9615628562867
14085,-293.4574260268633,-1168.1836855726838
14086,-304.7184132050302,-1165.296989090034
14087,-315.9510151094865,-1162.3017423112535
14088,-327.15418539558743,-1159.1982242509864
14089,-338.32688046031814,-1155.9867240096141
14090,-349.46805953950405,-1152.6675407463265
14091,-360.57668480476445,-1149.2409836512516
14092,-371.6517214601856,-1145.707371916656
14093,-382.69213783871567,-1142.0670347072119
14094,-393.6969054982688,-1138.3203111293312
14095,-404.6649993175233,-1134.4675501995812
14096,-415.5953975914187,-1130.509110812169
14097,-426.48708212632556,-1126.4453617055126
14098,-437.339038334897,-1122.27668142789
14099,-448.15025533057604,-1118.0034583021782
14100,-458.919726021766,-1113.6260903896773
14101,-469.64644720564036,-1109.1449854530335
14102,-480.32941966159484,-1104.5605609182533
14103,-490.9676482443288,-1099.8732438358174
14104,-501.5601419765421,-1095.0834708409043
14105,-512.105914141251,-1090.1916881127117
14106,-522.603982373699,-1085.1983513328985
14107,-533.0533687528723,-1080.1039256431322
14108,-543.4530998925873,-1074.908885601765
14109,-553.8022070321737,-1069.6137151396217
14110,-564.0997261267088,-1064.218907514926
14111,-574.3446979368243,-1058.7249652673486
14112,-584.5361681180631,-1053.132400171195
14113,-594.6731873097746,-1047.4417331877341
14114,-604.7548112235547,-1041.653494416667
14115,-614.780100731205,-1035.768223046749
14116,-624.7481219522176,-1029.786467305561
14117,-634.6579463407656,-1023.7087844084432
14118,-644.5086507722025,-1017.5357405065854
14119,-654.299317629051,-1011.2679106342931
14120,-664.0290348864819,-1004.9058786554181
14121,-673.6968961972736,-998.4502372089709
14122,-683.3020009762373,-991.9015876539167
14123,-692.8434544841114,-985.2605400131549
14124,-702.3203679109064,-978.5277129166959
14125,-711.7318584587024,-971.7037335440324
14126,-721.0770494238811,-964.7892375657184
14127,-730.3550702787957,-957.7848690841519
14128,-739.5650567528598,-950.6912805735781
14129,-748.7061509130584,-943.5091328193082
14130,-757.7775012438667,-936.2390948561655
14131,-766.7782627265685,-928.8818439061645
14132,-775.707596917975,-921.4380653154237
14133,-784.5646720285246,-913.9084524903269
14134,-793.3486629997694,-906.2937068329278
14135,-802.0587515812283,-898.5945376756147
14136,-810.6941264066121,-890.8116622150333
14137,-819.2539830694012,-882.9458054452786
14138,-827.7375241977801,-874.9977000903601
14139,-836.1439595289149,-866.9680865359455
14140,-844.4725059825661,-858.857712760394
14141,-852.7223877340369,-850.6673342650777
14142,-860.8928362864408,-842.3977140040076
14143,-868.9830905422917,-834.04962231276
14144,-876.9923968743991,-825.62383683672
14145,-884.9200091960728,-817.12114245864
14146,-892.7651890306213,-808.5423312255268
14147,-900.5272055801421,-799.8882022748622
14148,-908.2053357936014,-791.1595617601561
14149,-915.7988644341806,-782.3572227758594
14150,-923.3070841459112,-773.4820052816134
14151,-930.7292955195595,-764.5347360258753
14152,-938.0648071577824,-755.5162484689015
14153,-945.3129357395302,-746.4273827051103
14154,-952.4730060837036,-737.2689853848211
14155,-959.5443512120436,-728.0419096353925
14156,-966.526312411265,-718.7470149817474
14157,-973.4182392944168,-709.385167266308
14158,-980.2194898614669,-699.95723856834
14159,-986.9294305591075,-690.4641071227137
14160,-993.5474363397694,-680.9066572380993
14161,-1000.0728907198487,-671.2857792145874
14162,-1006.5051858371334,-661.6023692607579
14163,-1012.8437225074277,-651.8573294101916
14164,-1019.0879102803666,-642.0515674374496
14165,-1025.2371674944177,-632.1859967735078
14166,-1031.2909213310659,-622.2615364206692
14167,-1037.2486078681702,-612.2791108669588
14168,-1043.1096721324984,-602.2396499999996
14169,-1048.8735681514202,-592.1440890203995
14170,-1054.5397590037687,-581.9933683546263
14171,-1060.1077168698541,-571.7884335674125
14172,-1065.576923080633,-561.5302352736685
14173,-1070.9468681660214,-551.2197290499323
14174,-1076.2170519023557,-540.857875345356
14175,-1081.3869833589895,-530.4456393922333
14176,-1086.4561809440224,-519.983991116092
14177,-1091.4241724491642,-509.47390504533934
14178,-1096.2904950937207,-498.91636022048334
14179,-1101.0546955677048,-488.31234010292974
14180,-1105.7163300740608,-477.66283248337555
14181,-1110.2749643700067,-466.96882938979
14182,-1114.7301738074848,-456.23132699500695
14183,-1119.08154337272,-445.45132552392465
14184,-1123.3286677248764,-434.6298291603383
14185,-1127.471151233818,-423.7678459533941
14186,-1131.5086080169624,-412.86638772368775
14187,-1135.440661975226,-401.926469969012
14188,-1139.2669468280599,-390.9491117697562
14189,-1142.9871061475676,-379.9353356939831
14190,-1146.6007933917094,-368.8861677021696
14191,-1150.107671936582,-357.8026370516377
14192,-1153.5074151077777,-346.6857762006736
14193,-1156.7997062108127,-335.53662071235664
14194,-1159.9842385606294,-324.35620915809073
14195,-1163.0607155101648,-313.14558302085965
14196,-1166.0288504779828,-301.9057865982111
14197,-1168.888366974972,-290.6378669049741
14198,-1171.6389986300996,-279.342873575733
14199,-1174.2804892152249,-268.021858767047
14200,-1176.8125926689672,-256.6758770594418
14201,-1179.2350731196298,-245.30598535916715
14202,-1181.5477049071667,-233.91324279975504
14203,-1183.7502726042094,-222.49871064334422
14204,-1185.8425710361294,-211.06345218183353
14205,-1187.8244053001542,-199.60853263782312
14206,-1189.6955907835215,-188.1350190653989
14207,-1191.4559531806763,-176.64398025072026
14208,-1193.105328509508,-165.13648661246728
14209,-1194.6435631266263,-153.61361010212966
14210,-1196.0705137416726,-142.0764241041486
14211,-1197.3860474306684,-130.5260033359305
14212,-1198.5900416483983,-118.96342374772918
14213,-1199.6823842398223,-107.38976242242992
14214,-1200.6629734505277,-95.8060974752019
14215,-1201.5317179362046,-84.21350795308162
14216,-1202.2885367711556,-72.61307373444653
14217,-1202.9333594558348,-61.00587542843445
14218,-1203.466125923415,-49.39299427426716
14219,-1203.8867865453817,-37.77551204054207
14220,-1204.195302136158,-26.154510924457472
14221,-1204.3916439567538,-14.531073451005316
14222,-1204.475793717443,-2.906282372127059
14223,-1204.447743579467,8.718779434140945
14224,-1204.3074961557656,20.343029064544478
14225,-1204.0550645107337,31.96538369148446
14226,-1203.6904721590024,43.58476066388925
14227,-1203.2137530632513,55.2000776080599
14228,-1202.624951631043,66.8102525285002
14229,-1201.924122710687,78.4142039087051
14230,-1201.1113315861298,90.010850811912
14231,-1200.1866539708753,101.59911298178085
14232,-1199.1501760009294,113.17791094303782
14233,-1198.0019942267784,124.7461661020181
14234,-1196.7422156043936,136.30280084715037
14235,-1195.3709574852687,147.84673864932606
14236,-1193.888347605489,159.3769041621958
14237,-1192.2945240738304,170.89222332232868
14238,-1190.5896353588967,182.39162344926936
14239,-1188.7738402752873,193.8740333454587
14240,-1186.8473079688047,205.3383833960228
14241,-1184.8102179006967,216.7836056684039
14242,-1182.662759830941,228.20863401184502
14243,-1180.4051338005675,239.61240415670264
14244,-1178.037550113023,250.99385381358908
14245,-1175.5602293145826,262.3519227723263
14246,-1172.9734021738052,273.6855530007
14247,-1170.2773096600356,284.9936887430311
14248,-1167.4722029209581,296.275276618512
14249,-1164.5583432592027,307.5292657193314
14250,-1161.5360021080023,318.7546077085774
14251,-1158.4054610059086,329.950256917886
14252,-1155.1670115705665,341.1151704448473
14253,-1151.8209554715493,352.24830825015727
14254,-1148.3676044022573,363.34863325449766
14255,-1144.8072800508812,374.4151114351472
14256,-1141.1403140704392,385.44671192229646
14257,-1137.36704804788,396.44240709508074
14258,-1133.4878334722648,407.40117267730307
14259,-1129.5030317020228,418.3219878328532
14260,-1125.4130139312942,429.20383526078984
14261,-1121.2181611553472,440.0457012901189
14262,-1116.9188641350918,450.84657597420767
14263,-1112.5155233606756,461.6054531848734
14264,-1108.0085490141826,472.32133070609484
14265,-1103.3983609314166,482.99321032738527
14266,-1098.6853885627984,493.6200979367671
14267,-1093.8700709333582,504.20100361338075
14268,-1088.9528566018419,514.7349417196966
14269,-1083.9342036189219,525.2209309933334
14270,-1078.8145794845354,535.6579946384588
14271,-1073.5944611043305,546.0451604167853
14272,-1068.2743347452429,556.3814607381337
14273,-1062.8546959901978,566.665932750571
14274,-1057.336049691948,576.8976184300964
14275,-1051.7189099260427,587.0755646698874
14276,-1046.003799942942,597.1988233690824
14277,-1040.1912521192714,607.2664515211034
14278,-1034.2818079082372,617.2775113014881
14279,-1028.2760177891785,627.2310701552655
14280,-1022.1744412162975,637.1262008838125
14281,-1015.9776465665387,646.9619817312357
14282,-1009.6862110866496,656.737496470223
14283,-1003.3007208394016,666.451834487405
14284,-996.8217706490007,676.1040908681753
14285,-990.2499640456799,685.6933664809806
14286,-983.5859132094756,695.2187680610848
14287,-976.8302389132018,704.6794082937769
14288,-969.9835704646237,714.0744058970262
14289,-963.0465456478403,723.4028857035703
14290,-956.0198106638658,732.6639787424496
14291,-948.9040200704411,741.8568223199447
14292,-941.6998367210546,750.9805600999468
14293,-934.407931703202,760.0343421837164
14294,-927.0289842758663,769.0173251890662
14295,-919.5636818062475,777.9286723289154
14296,-912.0127197057313,786.7675534892409
14297,-904.3768013651105,795.5331453064052
14298,-896.6566380890594,804.2246312438559
14299,-888.8529490298787,812.8412016681846
14300,-880.9664611205015,821.3820539245486
14301,-872.9979090067795,829.8463924114396
14302,-864.9480349790449,838.2334286547988
14303,-856.8175889029721,846.542381381457
14304,-848.6073281497165,854.7724765919232
14305,-840.3180175253713,862.9229476324757
14306,-831.9504291997171,870.9930352665842
14307,-823.5053426343011,878.9819877456266
14308,-814.9835445098181,886.8890608789262
14309,-806.385828652838,894.7135181030665
14310,-797.7129959618512,902.4546305505103
14311,-788.9658543326728,910.1116771174877
14312,-780.1452185831733,917.6839445311786
14313,-771.2519103773859,925.1707274161474
14314,-762.2867581489613,932.5713283600551
14315,-753.2505970240001,939.8850579786222
14316,-744.1442687432543,947.1112349798506
14317,-734.9686215837229,954.2491862274826
14318,-725.7245102796284,961.2982468037087
14319,-716.412795942799,968.2577600711041
14320,-707.034345982449,975.1270777338002
14321,-697.5900340243873,981.9055598978675
14322,-688.0807398296242,988.592575130932
14323,-678.5073492124309,995.1875005209877
14324,-668.870753957814,1001.6897217344281
14325,-659.1718517384551,1008.0986330732657
14326,-649.4115460310779,1014.4136375315622
14327,-639.5907460322937,1020.6341468510371
14328,-629.7103665739088,1026.759581575864
14329,-619.7713280377025,1032.7893711066517
14330,-609.7745562696927,1038.7229537535934
14331,-599.7209824938874,1044.5597767887948
14332,-589.6115432255485,1050.2992964977543
14333,-579.4471801839401,1055.9409782300197
14334,-569.2288402046163,1061.4842964489856
14335,-558.9574751512116,1066.9287347808536
14336,-548.6340418267841,1072.273786062728
14337,-538.2595018846733,1077.5189523898657
14338,-527.8348217389305,1082.6637451620527
14339,-517.3609724742897,1087.7076851291195
14340,-506.8389297557111,1092.6503024355852
14341,-496.2696737374914,1097.4911366644262
14342,-485.6541889719659,1102.229736879963
14343,-474.9934643177907,1106.865661669868
14344,-464.28849284783075,1111.398479186282
14345,-453.5402717566482,1115.8277671860455
14346,-442.7498022676175,1120.1531130700284
14347,-431.91808953965443,1124.3741139215656
14348,-421.04614257358605,1128.490376543989
14349,-410.1349741181535,1132.501517497258
14350,-399.18560057568425,1136.4071631336722
14351,-388.1990419073969,1140.2069496326837
14352,-377.17632153840134,1143.9005230347834
14353,-366.11846626235445,1147.4875392744757
14354,-355.0265061458235,1150.967664212327
14355,-343.901474432319,1154.340573666094
14356,-332.74440744605664,1157.6059534409208
14357,-321.55634449541583,1160.7634993586057
14358,-310.33832777612776,1163.8129172859387
14359,-299.0914022741881,1166.7539231620995
14360,-287.8166156685204,1169.5862430251177
14361,-276.5150182333777,1172.3096130373945
14362,-265.18766274050927,1174.923779510278
14363,-253.83560436108888,1177.4284989276978
14364,-242.45990056742448,1179.823537968846
14365,-231.06161103445885,1182.1086735299132
14366,-219.64179754104515,1184.2836927448714
14367,-208.20152387104963,1186.3483930053023
14368,-196.7418557142578,1188.3025819792704
14369,-185.26386056709438,1190.1460776292406
14370,-173.7686076331895,1191.878708229035
14371,-162.25716772378107,1193.5003123798283
14372,-150.73061315796252,1195.0107390251835
14373,-139.19001766279615,1196.409847465124
14374,-127.63645627328722,1197.6975073692388
14375,-116.07100523225358,1198.8735987888233
14376,-104.49474189005608,1199.938012168054
14377,-92.9087446042534,1200.890648354192
14378,-81.31409263913991,1201.7314186068215
14379,-69.7118660652222,1202.4602446061137
14380,-58.1031456585929,1203.0770584601248
14381,-46.48901280026658,1203.581802711119
14382,-34.87054937543572,1203.9744303409213
14383,-23.24883767270327,1204.2549047752966
14384,-11.624960283249793,1204.4231998873584
14385,33.90008597223637,1240.6255265877112
14386,101.5990867362699,1236.9230124079334
14387,168.99487589355198,1229.5290338059056
14388,235.8863179203775,1218.4656573198636
14389,302.0737824631044,1203.765900413529
14390,367.3597401135905,1185.473632939019
14391,431.54935191458316,1163.6434462119673
14392,494.4510508357462,1138.340490089581
14393,555.8771134849709,1109.640278537859
14394,615.6442203487599,1077.6284642682413
14395,673.5740028897059,1042.4005831162506
14396,729.4935758683125,1004.0617689250115
14397,783.2360533004991,962.7264397845414
14398,834.6410465109684,918.5179565631997
14399,883.5551427960529,871.5682547503707
14400,929.8323632675181,822.0174507091093
14401,973.3345985109398,770.0134235138426
14402,1013.9320207584796,715.7113736210896
14403,1051.5034713459693,659.2733596903009
14404,1085.9368222979856,600.8678149371241
14405,1117.129310961798,540.6690444624875
14406,1144.9878466915145,478.85670505767143
14407,1169.429288667156,415.61526903783215
14408,1190.3806940195416,351.1334737041098
14409,1207.7795355204778,285.6037580773394
14410,1221.5738881885832,219.22168858438081
14411,1231.7225842538421,152.18537541103356
14412,1238.1953360184095,84.69488126338085
14413,1240.9728262470067,16.951624302041104
14414,1240.0467658171415,-50.84222296878646
14415,1235.4199184571112,-118.48433706353569
14416,1227.1060924979474,-185.77284732807337
14417,1215.1300996639316,-252.50693840107513
14418,1199.5276810246569,-318.4874495259889
14419,1180.3454003296297,-383.51746892501137
14420,1157.6405050437384,-447.402921461225
14421,1131.4807554983201,-509.95314783508434
14422,1101.9442226676983,-570.9814735867028
14423,1069.1190551747113,-630.30576620581
14424,1033.1032162205765,-687.7489786867454
14425,994.0041912241948,-743.1396779063107
14426,951.9386670434144,-796.3125562475881
14427,907.0321837355874,-847.1089249428388
14428,859.4187598966936,-895.3771876631602
14429,809.2404926971797,-940.9732929415088
14430,756.6471338081514,-983.761164078899
14431,701.7956424835292,-1023.613105250754
14432,644.8497171319467,-1060.410182601435
14433,585.9793067763559,-1094.0425791896137
14434,525.360103859353,-1124.4099227251822
14435,463.17301990787,-1151.4215851196227
14436,399.60364562207684,-1174.9969529558389
14437,334.84169699979174,-1195.0656680702782
14438,269.08044914937193,-1211.5678375293448
14439,202.51615948083312,-1224.4542123734534
14440,135.34748199659705,-1233.6863345952818
14441,67.77487442987436,-1239.236651913578
14442,1.51989518144827e-13,-1241.0886000000003
14443,-67.77487442987461,-1239.236651913578
14444,-135.3474819965973,-1233.6863345952818
14445,-202.5161594808328,-1224.4542123734536
14446,-269.08044914937216,-1211.5678375293448
14447,-334.84169699979145,-1195.0656680702782
14448,-399.6036456220776,-1174.9969529558389
14449,-463.17301990786973,-1151.4215851196227
14450,-525.3601038593528,-1124.4099227251825
14451,-585.9793067763566,-1094.0425791896132
14452,-644.8497171319465,-1060.4101826014353
14453,-701.7956424835294,-1023.6131052507538
14454,-756.647133808151,-983.7611640788991
14455,-809.2404926971798,-940.9732929415087
14456,-859.4187598966937,-895.37718766316
14457,-907.0321837355872,-847.1089249428392
14458,-951.9386670434143,-796.3125562475882
14459,-994.0041912241946,-743.1396779063109
14460,-1033.1032162205765,-687.7489786867452
14461,-1069.1190551747115,-630.3057662058096
14462,-1101.9442226676986,-570.9814735867026
14463,-1131.4807554983204,-509.9531478350838
14464,-1157.6405050437381,-447.4029214612253
14465,-1180.3454003296295,-383.51746892501166
14466,-1199.5276810246569,-318.48744952598895
14467,-1215.130099663932,-252.5069384010738
14468,-1227.1060924979474,-185.7728473280731
14469,-1235.4199184571112,-118.48433706353516
14470,-1240.0467658171417,-50.84222296878593
14471,-1240.9728262470067,16.951624302040806
14472,-1238.1953360184095,84.69488126338192
14473,-1231.7225842538421,152.1853754110349
14474,-1221.5738881885832,219.22168858438107
14475,-1207.7795355204778,285.60375807733993
14476,-1190.3806940195416,351.1334737041103
14477,-1169.429288667156,415.6152690378332
14478,-1144.9878466915145,478.8567050576714
14479,-1117.129310961798,540.6690444624876
14480,-1085.936822297985,600.8678149371256
14481,-1051.5034713459688,659.2733596903016
14482,-1013.932020758479,715.7113736210903
14483,-973.3345985109391,770.0134235138435
14484,-929.832363267518,822.0174507091095
14485,-883.5551427960526,871.568254750371
14486,-834.641046510968,918.5179565632001
14487,-783.2360533004977,962.7264397845427
14488,-729.4935758683117,1004.0617689250121
14489,-673.5740028897048,1042.4005831162513
14490,-615.6442203487587,1077.628464268242
14491,-555.8771134849707,1109.640278537859
14492,-494.4510508357457,1138.340490089581
14493,-431.5493519145825,1163.6434462119676
14494,-367.3597401135907,1185.473632939019
14495,-302.0737824631034,1203.7659004135292
14496,-235.8863179203763,1218.4656573198638
14497,-168.99487589355059,1229.5290338059058
14498,-101.59908673626938,1236.9230124079334
14499,-33.900085972235665,1240.6255265877112
